{"net.0.weight": [[0.003936501729103361, -0.13867750369001627, -0.12247641046162439], [0.05378716242839426, -0.17631495633938518, -0.22775529378366072], [0.10804333027603477, 0.033393277549325015, -0.0903783788483243], [0.19001631030165053, -0.12863093600850464, -0.2321894355854087], [-0.09811817172088182, -0.015339208502688046, -0.03496671552089306], [0.007245891417544803, 0.16887682927236441, 0.19652519384226189], [0.05497035405365839, 0.18476374702434567, -0.04190931917231763], [-0.1609147093329567, -0.11251528703040065, 0.23873389180779397], [0.10648605739700387, 0.15697075025787843, 0.10226071742611555]], "net.0.bias": [-0.029129395362433662, 0.0026451037799923314, 0.054231812586061044, -0.04623222536792418, 0.0, 0.05989240520567082, 0.011911786424287649, -0.006747025984197964, 0.04785559007707004], "net.2.weight": [[0.14054484577174645, -0.011347084319465276, 0.07036630721700382, -0.031054036911157615, -0.2851369408518531, -0.08935848181049598, -0.06046374760347603, 0.016327704961494015, -0.1364473354110776], [-0.011315847422056158, -0.02209008216903561, -0.017461576110851574, -0.1881613183663262, -0.050587133777988395, -0.10726040646750011, -0.013852249605494133, 0.07275358704203067, 0.05004311792003037], [0.2706924644674903, -0.16878665802765377, 0.004779077827095836, -0.4751451466259669, 0.029157350591970266, 0.037745510065285745, 0.1942903526889516, 0.011591141082094341, 0.09491222857024674], [0.08370995283305217, -0.00030608753925572387, 0.12122144670655692, -0.03638184506779291, 0.011433065842792522, 0.14819761329547287, 0.07346701086186257, -0.047041341004366966, 0.14184694880196538], [-0.02209785647564879, -0.1785515055334949, 0.04181679983261898, 0.00771080215565515, 0.11418569379901236, -0.05139508799138023, -0.08736527109426244, -0.16769479509506033, 0.11128771043351167], [0.1006001145848587, -0.3313058658404055, 0.005784585239529931, -0.024041134166511918, -0.010745396495472135, 0.07245063803335174, 0.18104709927711973, -0.1918375481283646, 0.16297501981941498], [0.1340839263751685, -0.19338092773657542, 0.04429980536076675, -0.09758718230158835, 0.06910877183916414, 0.1265743427758922, 0.020194184135019378, -0.39786702555162556, 0.14711395821473217], [0.021537337486787787, 0.205438150680929, -0.023764526150172258, -0.003518135486669091, 0.08329774895665394, -0.1350686088922726, 0.09968460808688401, -0.03599473150901156, -0.03938050900349878], [0.019334058280854216, -0.11903983026602855, 0.13026764550798703, -0.08724905979238486, 0.010438644957549583, 0.009978918680823968, 0.0794668582545562, -0.08692873869176138, 0.016962966465791072]], "net.2.bias": [0.0, -0.012400459892733908, -0.008373600566847291, 0.09165920243927465, 0.029694475210992742, 0.07917910437139812, 0.08612062552467879, -0.07502897085817496, 0.033624611092989476], "net.4.weight": [[-0.09372549308407707, -0.0744501318129863, 0.23771078384168798, -0.15240096978725917, 0.00698724196812003, -0.06441330637521434, -0.11002018317857801, 0.19167802086054384, -0.17654133024569976], [0.025684790846504074, -0.11822990578690715, -0.19335269666769417, 0.03006297783782105, 0.09004520098910063, 0.04778014755663909, -0.05369386392979993, 0.014467939847463255, -0.05466899328194601], [0.0623510775407494, -0.024748195669982632, 0.01705560361260846, 0.025812933845692377, 0.09979032788408557, 0.12752931661376213, 0.18400311708228406, 0.014235536256538674, -0.02636014617564091]], "net.4.bias": [-0.10926367805674651, 0.019935232067610692, 0.06257282066301735]}