{"net.0.weight": [[0.003936501729103361, -0.13867750369001627, -0.12247641046162439], [0.05503874872460335, -0.17761197134950316, -0.2298352439549956], [0.10634755844338911, 0.03283410530290937, -0.09213085619360013], [0.1904674976627814, -0.13000776741483025, -0.2296660035441841], [-0.09811817172088182, -0.015339208502688046, -0.03496671552089306], [0.006085046372183839, 0.16838843297083347, 0.19456259780593327], [0.05314762065038209, 0.185151162349312, -0.043802972519222085], [-0.16173256272248826, -0.11158619488157179, 0.2398071170884566], [0.10549466945434267, 0.1569858842921996, 0.10093021957642678]], "net.0.bias": [-0.029129395362433662, 0.0035110204962038477, 0.0526292548146726, -0.04543336279023513, 0.0, 0.058664487524271, 0.010233180931215172, -0.006704820952812716, 0.0469578527111264], "net.2.weight": [[0.14054484577174645, -0.011347084319465276, 0.07036630721700382, -0.031054036911157615, -0.2851369408518531, -0.08935848181049598, -0.06046374760347603, 0.016327704961494015, -0.1364473354110776], [-0.011315847422056158, -0.02209008216903561, -0.017461576110851574, -0.1881613183663262, -0.050587133777988395, -0.10726040646750011, -0.013852249605494133, 0.07275358704203067, 0.05004311792003037], [0.2706924644674903, -0.16878665802765377, 0.0036539202289351653, -0.47956276844578216, 0.029157350591970266, 0.03815362060970233, 0.19643601591767626, 0.008815817659167793, 0.09508982633109048], [0.08370995283305217, -0.003033702286659813, 0.12017192143526925, -0.03701745398250198, 0.011433065842792522, 0.14708191394712408, 0.07231818601775217, -0.05038712633944537, 0.1410845623713577], [-0.02209785647564879, -0.18119498407732618, 0.040158815789428357, 0.006387387611078631, 0.11418569379901236, -0.05217721750865009, -0.08887767122571504, -0.17422040926659435, 0.11026967881886685], [0.1006001145848587, -0.33332850410036075, 0.0046931428738872984, -0.024574440079678742, -0.010745396495472135, 0.07147769708184545, 0.17981401615999032, -0.19306331269150437, 0.16223654121355047], [0.1340839263751685, -0.19644046241057467, 0.0433168009241112, -0.09773208114587348, 0.06910877183916414, 0.12491811443874856, 0.01911365360290857, -0.4027419216039861, 0.14615404171968435], [0.021537337486787787, 0.20590305074735926, -0.023181792126289465, -0.0033509954944363745, 0.08329774895665394, -0.13516257992738748, 0.10022714766822428, -0.03599473150901156, -0.03920989672427005], [0.019334058280854216, -0.12224946441196535, 0.12899714236557072, -0.08879618950673626, 0.010438644957549583, 0.010357282500657315, 0.07891183244054112, -0.09172802303722313, 0.017101380107096935]], "net.2.bias": [0.0, -0.012400459892733908, -0.008804032165627017, 0.09135349957234498, 0.029206179822117304, 0.07899108820330362, 0.08567133797929272, -0.0750539997061924, 0.03363415056406328], "net.4.weight": [[-0.09372549308407707, -0.0744501318129863, 0.23912950298120786, -0.15215906233492754, 0.006505532204140848, -0.06467988558857789, -0.11042036452720391, 0.1891644541639795, -0.1753643212577474], [0.025684790846504074, -0.11822990578690715, -0.19469932640016896, 0.029202724865870184, 0.08745123407360741, 0.046572721857988865, -0.0548316843535765, 0.015844718506050726, -0.05291477015744948], [0.0623510775407494, -0.024748195669982632, 0.014329434123576956, 0.024772932241077936, 0.09732888781659874, 0.126419151470903, 0.1822975915075437, 0.01353224351917843, -0.027622723123045343]], "net.4.bias": [-0.11010697030938708, 0.02022874767290868, 0.06290725276016186]}