{"net.0.weight": [[0.003936501729103361, -0.13867750369001627, -0.12247641046162439], [0.05564261255117461, -0.18632931196268163, -0.23941339223853378], [0.10416481900208088, 0.034764685099352204, -0.09343669208707447], [0.1870111997582312, -0.1417462182074943, -0.22150092390651122], [-0.09811817172088182, -0.015339208502688046, -0.03496671552089306], [0.005803649604763311, 0.17142731240453127, 0.19200427119706406], [0.05121938477955761, 0.1932925426644823, -0.0420043402378538], [-0.17030267777609087, -0.1107253728491214, 0.24018950006724263], [0.10712792309843562, 0.16369861006691017, 0.10241350887242293]], "net.0.bias": [-0.029129395362433662, 0.0027731690326435916, 0.05120349723176398, -0.04744116819779639, 0.0, 0.05848724861979191, 0.009764974811181678, -0.011034242168367838, 0.049329292136251444], "net.2.weight": [[0.14054484577174645, -0.011347084319465276, 0.07036630721700382, -0.031054036911157615, -0.2851369408518531, -0.08935848181049598, -0.06046374760347603, 0.016327704961494015, -0.1364473354110776], [-0.011315847422056158, -0.02209008216903561, -0.017461576110851574, -0.1881613183663262, -0.050587133777988395, -0.10726040646750011, -0.013852249605494133, 0.07275358704203067, 0.05004311792003037], [0.2706924644674903, -0.16878665802765377, -0.007526544201099396, -0.49981381484126186, 0.029157350591970266, 0.037791527136513146, 0.20243766214210498, -0.0025378251727425517, 0.09315927568083578], [0.08370995283305217, -0.0066199224866816085, 0.11979414129586856, -0.03540639457310466, 0.011433065842792522, 0.14598405504490247, 0.07144690680126249, -0.06453732037770608, 0.14204908508803685], [-0.02209785647564879, -0.1834711909555878, 0.03890572498196097, 0.006864649413576094, 0.11418569379901236, -0.047685052550300776, -0.0889837159434972, -0.20552501834682205, 0.11313683096016763], [0.1006001145848587, -0.3325113269124647, 0.005770480507231038, -0.020831653623495566, -0.010745396495472135, 0.07306974659829896, 0.18041246353364657, -0.19757032638018324, 0.1652803214638027], [0.1340839263751685, -0.20468127656603552, 0.042618905695588974, -0.09507806690763194, 0.06910877183916414, 0.1243797024160221, 0.01885998732687094, -0.41962833359354534, 0.14763174434466317], [0.021537337486787787, 0.2036259959402659, -0.023402308186685938, -0.004790028700835088, 0.08329774895665394, -0.13421821370525458, 0.10020268554650351, -0.03599473150901156, -0.039963774903313085], [0.019334058280854216, -0.12050031665830337, 0.1272828223910023, -0.0869582588052776, 0.010438644957549583, 0.009994707809300557, 0.0769120555767025, -0.10214978870982136, 0.017548964495431252]], "net.2.bias": [0.0, -0.012400459892733908, -0.01367220564719425, 0.09473961499441805, 0.034503397129359216, 0.08463321381005837, 0.08966789536144702, -0.07623749726809162, 0.03489685340743587], "net.4.weight": [[-0.09372549308407707, -0.0744501318129863, 0.2404317103311358, -0.15381934734497354, 0.003848680321163936, -0.06797639669611404, -0.11470048903193117, 0.1785461588419198, -0.17488748142147098], [0.025684790846504074, -0.11822990578690715, -0.19925199138096802, 0.030412003048863913, 0.08211168022397244, 0.046147825733454564, -0.05491107061089992, 0.02759532833009592, -0.0443783616356837], [0.0623510775407494, -0.024748195669982632, 0.00948088424731967, 0.027012329200724956, 0.09217752182879613, 0.12820150713071024, 0.18233944915270142, 0.016076671466783196, -0.030211741556651656]], "net.4.bias": [-0.11752074848843908, 0.02733293034944767, 0.07180976956296108]}