{"net.0.weight": [[0.003936501729103361, -0.13867750369001627, -0.12247641046162439], [0.056162769303511585, -0.1873154767837193, -0.24015222817777498], [0.10262933950412602, 0.03357788352000958, -0.09540542686929314], [0.1864378578550661, -0.14498642067739226, -0.22146375549661532], [-0.09811817172088182, -0.015339208502688046, -0.03496671552089306], [0.0045391850423526295, 0.1704595334744494, 0.18998213852707801], [0.05002907529982226, 0.19396898093991533, -0.04187389540659378], [-0.17031095230275936, -0.1085628883225729, 0.24166946118015403], [0.10629816215351139, 0.16352209556176928, 0.10118785994008556]], "net.0.bias": [-0.029129395362433662, 0.003086458922710876, 0.04964845011360317, -0.0482985964677916, 0.0, 0.05715482090338057, 0.00895568133805998, -0.010318828913184093, 0.04855497655421728], "net.2.weight": [[0.14054484577174645, -0.011347084319465276, 0.07036630721700382, -0.031054036911157615, -0.2851369408518531, -0.08935848181049598, -0.06046374760347603, 0.016327704961494015, -0.1364473354110776], [-0.011315847422056158, -0.02209008216903561, -0.017461576110851574, -0.1881613183663262, -0.050587133777988395, -0.10726040646750011, -0.013852249605494133, 0.07275358704203067, 0.05004311792003037], [0.2706924644674903, -0.16878665802765377, -0.008392041155708324, -0.5010970310536753, 0.029157350591970266, 0.03933438497075104, 0.20502552770239085, -0.003375877857059599, 0.0943980155125242], [0.08370995283305217, -0.006897594437741593, 0.11887797642407542, -0.03578985096565402, 0.011433065842792522, 0.14416548458522366, 0.07026128295058631, -0.06861636342845275, 0.14097568720117368], [-0.02209785647564879, -0.18367990457992542, 0.037743008167516474, 0.006165359882844977, 0.11418569379901236, -0.04826981253636881, -0.09005761945143398, -0.2141869766326521, 0.11253954671667679], [0.1006001145848587, -0.33212979906531154, 0.0050107089583936205, -0.020947715919752002, -0.010745396495472135, 0.07194040436419846, 0.17938492974191472, -0.1991463027585025, 0.16464736733605362], [0.1340839263751685, -0.2064938764220728, 0.04118985934531115, -0.09574788290161179, 0.06910877183916414, 0.1228173869692977, 0.017391630574780284, -0.4234757679024036, 0.14650268375010939], [0.021537337486787787, 0.20206092962066527, -0.024510165151381824, -0.006026378326203942, 0.08329774895665394, -0.134755946088867, 0.09908331485332951, -0.03599473150901156, -0.04110915164355348], [0.019334058280854216, -0.11974069044749197, 0.1270458353360713, -0.08636656883640587, 0.010438644957549583, 0.008917952422089937, 0.07656891462821447, -0.10694011067599682, 0.017080409513188417]], "net.2.bias": [0.0, -0.012400459892733908, -0.01295497431214842, 0.09412335429319353, 0.0343753132195726, 0.08450989315206132, 0.08904563977846418, -0.07739289891204433, 0.034531787290287615], "net.4.weight": [[-0.09372549308407707, -0.0744501318129863, 0.24201254246616025, -0.15284377557347636, 0.004405058990372919, -0.0672135502318685, -0.1139192212957439, 0.17561546945667217, -0.17342074607677951], [0.025684790846504074, -0.11822990578690715, -0.20109105395161975, 0.029644815831063816, 0.08009403030057885, 0.04486066388704405, -0.0563262622993369, 0.03067192913174095, -0.04415651611120739], [0.0623510775407494, -0.024748195669982632, 0.007200468114878024, 0.026223795130762496, 0.08968175725077095, 0.1270645077871953, 0.18067882499052298, 0.016154908454989802, -0.03197438797777583]], "net.4.bias": [-0.11765991950944592, 0.0277460347556036, 0.0723350230663916]}