{"net.0.weight": [[0.003936501729103361, -0.13867750369001627, -0.12247641046162439], [0.056113789890999966, -0.1894084910080543, -0.24260363787392702], [0.10238812407079392, 0.033963126695100196, -0.0954773365958741], [0.18500008148886762, -0.14813385485825376, -0.2205334788741108], [-0.09811817172088182, -0.015339208502688046, -0.03496671552089306], [0.004550076827573421, 0.1709061583084842, 0.18935394119752685], [0.049842619892001415, 0.19582570313112851, -0.041041795722202], [-0.1712087012498316, -0.10667839123157229, 0.24241132400917503], [0.1067220484041072, 0.1648172691348792, 0.10142720923283177]], "net.0.bias": [-0.029129395362433662, 0.002731805261471053, 0.0495719613968004, -0.049501441790456575, 0.0, 0.05714222045932728, 0.009112100774315261, -0.010387440211067642, 0.049086336325286764], "net.2.weight": [[0.14054484577174645, -0.011347084319465276, 0.07036630721700382, -0.031054036911157615, -0.2851369408518531, -0.08935848181049598, -0.06046374760347603, 0.016327704961494015, -0.1364473354110776], [-0.011315847422056158, -0.02209008216903561, -0.017461576110851574, -0.1881613183663262, -0.050587133777988395, -0.10726040646750011, -0.013852249605494133, 0.07275358704203067, 0.05004311792003037], [0.2706924644674903, -0.16878665802765377, -0.01049271879396048, -0.503684093665982, 0.029157350591970266, 0.03963657112496663, 0.2066482380994297, -0.005146694347494255, 0.09436038815224389], [0.08370995283305217, -0.007327374095990146, 0.11896559505188695, -0.03524185538718248, 0.011433065842792522, 0.14370383269295234, 0.07019487537668984, -0.07193369990217435, 0.14115948342864285], [-0.02209785647564879, -0.1843015118769989, 0.03753765556255316, 0.006359381623747758, 0.11418569379901236, -0.047385158831587816, -0.08991934697686275, -0.222662419939198, 0.113207384221906], [0.1006001145848587, -0.3321951982903158, 0.005214995270542607, -0.020188674285071057, -0.010745396495472135, 0.07211994586539285, 0.1795428570209364, -0.20011515161880947, 0.16523737030723942], [0.1340839263751685, -0.20791097716517656, 0.041096513634205536, -0.09510034836732055, 0.06910877183916414, 0.12256387941631122, 0.01740461888467349, -0.4268487009981028, 0.14679015749555158], [0.021537337486787787, 0.20064915716497705, -0.024555843341663153, -0.006324640021284781, 0.08329774895665394, -0.13263789634214632, 0.0993632238175701, -0.03599473150901156, -0.04085258256811795], [0.019334058280854216, -0.11725314471044543, 0.12684351577795472, -0.08575063895057751, 0.010438644957549583, 0.008930037072866135, 0.07615078274809654, -0.10800717831477578, 0.017241476680460197]], "net.2.bias": [0.0, -0.012400459892733908, -0.013662504517432799, 0.09485473078809019, 0.03553370715720586, 0.08564379048440719, 0.08986978193017255, -0.07721919340148217, 0.03500106627573428], "net.4.weight": [[-0.09372549308407707, -0.0744501318129863, 0.24246583322845813, -0.15306826877411425, 0.0039430737672624065, -0.06768292348646654, -0.11450757700268095, 0.1756484075275739, -0.17393837654146216], [0.025684790846504074, -0.11822990578690715, -0.2020478678901974, 0.03013949293528869, 0.07966915092707516, 0.04511845486067224, -0.0562159497445198, 0.03175155860594958, -0.04248249877582032], [0.0623510775407494, -0.024748195669982632, 0.006068727715701713, 0.026507256964240947, 0.08866261960209612, 0.12735815793907404, 0.18061957150545468, 0.014771419877769662, -0.03287704059224457]], "net.4.bias": [-0.1191572977782318, 0.02959190831978959, 0.0740196845361065]}