{"net.0.weight": [[0.003936501729103361, -0.13867750369001627, -0.12247641046162439], [0.056752326373377654, -0.19345232580643262, -0.24647529046535274], [0.10046180277361912, 0.03429555007705448, -0.09590473563154824], [0.1831299406700865, -0.15604826444191194, -0.21619180571592309], [-0.09811817172088182, -0.015339208502688046, -0.03496671552089306], [0.0034837330548135787, 0.1717341683487959, 0.18814641958299155], [0.0477506369625442, 0.19924065403403485, -0.03924792562777509], [-0.1750390051628446, -0.10368693152302494, 0.24279638574587478], [0.10679430674084331, 0.16769066979802427, 0.1024585529073537]], "net.0.bias": [-0.029129395362433662, 0.002711541005076139, 0.04827131690911279, -0.050740661485814534, 0.0, 0.056392317850565817, 0.00798923263022207, -0.01210465516184676, 0.04976869857352352], "net.2.weight": [[0.14054484577174645, -0.011347084319465276, 0.07036630721700382, -0.031054036911157615, -0.2851369408518531, -0.08935848181049598, -0.06046374760347603, 0.016327704961494015, -0.1364473354110776], [-0.011315847422056158, -0.02209008216903561, -0.017461576110851574, -0.1881613183663262, -0.050587133777988395, -0.10726040646750011, -0.013852249605494133, 0.07275358704203067, 0.05004311792003037], [0.2706924644674903, -0.16878665802765377, -0.018014946589482696, -0.5116915369413775, 0.029157350591970266, 0.03977574614060231, 0.21040028864066973, -0.01009352845981591, 0.09350944248987036], [0.08370995283305217, -0.007284408295396218, 0.11789091733997008, -0.03473626550883118, 0.011433065842792522, 0.14232095840588102, 0.06867264922979302, -0.07990204636674714, 0.1410695157786471], [-0.02209785647564879, -0.184244692189666, 0.03565475359210631, 0.0057434043785294115, 0.11418569379901236, -0.045271060864078845, -0.09102864924105128, -0.24444185030236246, 0.11416153742833385], [0.1006001145848587, -0.33034032263574253, 0.004783856811233222, -0.018837912349946723, -0.010745396495472135, 0.07258661293367133, 0.17881314222916916, -0.2017236453792861, 0.16639087789951884], [0.1340839263751685, -0.21359438372903997, 0.03868216502436417, -0.09543080757924427, 0.06910877183916414, 0.12226485417499572, 0.015576867631523359, -0.4334391093090221, 0.14688463893313028], [0.021537337486787787, 0.20027231340856688, -0.023548631764945486, -0.005686686038535463, 0.08329774895665394, -0.12894561886323413, 0.10071442647946789, -0.03599473150901156, -0.03947433328306873], [0.019334058280854216, -0.11120454235156409, 0.12584997365834122, -0.08297204949485314, 0.010438644957549583, 0.007897442606008009, 0.07446020388151842, -0.11663909371789495, 0.017094405839165425]], "net.2.bias": [0.0, -0.012400459892733908, -0.016217930848342176, 0.09622870805713024, 0.03793379314474641, 0.08835027617069321, 0.09148925270078254, -0.07572332403424614, 0.035465777516777125], "net.4.weight": [[-0.09372549308407707, -0.0744501318129863, 0.2429157420807751, -0.15330365866555387, 0.003221506170063978, -0.06837997915721665, -0.11546524907282542, 0.17041287300501232, -0.17123328862001702], [0.025684790846504074, -0.11822990578690715, -0.20419938963064235, 0.02989522173615251, 0.07589703266946358, 0.04362282859939328, -0.05726108041465459, 0.03677987468475161, -0.039297743224052356], [0.0623510775407494, -0.024748195669982632, 0.004538070370384606, 0.027153840253556685, 0.08438330433315532, 0.12740535597747352, 0.17984222304818867, 0.01299974027210686, -0.03680276864149891]], "net.4.bias": [-0.12298551052927521, 0.03308947062253398, 0.0787518480787817]}