{"net.0.weight": [[0.003936501729103361, -0.13867750369001627, -0.12247641046162439], [0.056153756051620936, -0.19694179646699814, -0.24996241179246695], [0.10041513901262893, 0.03546684990264716, -0.09456570485539526], [0.1818842044367983, -0.15952056821472183, -0.21165779200834095], [-0.09811817172088182, -0.015339208502688046, -0.03496671552089306], [0.003901183425181219, 0.1730413854349385, 0.18824136776419723], [0.04694120380380502, 0.20175941329759217, -0.039562430208311204], [-0.17814649844903105, -0.10139010082443857, 0.24250321195608412], [0.10791183679714228, 0.17044571321392604, 0.10401061579844405]], "net.0.bias": [-0.029129395362433662, 0.001705592823589894, 0.04872337458826927, -0.050828437818430175, 0.0, 0.05693020037384558, 0.007518298583935144, -0.01369934806916675, 0.05120917654419658], "net.2.weight": [[0.14054484577174645, -0.011347084319465276, 0.07036630721700382, -0.031054036911157615, -0.2851369408518531, -0.08935848181049598, -0.06046374760347603, 0.016327704961494015, -0.1364473354110776], [-0.011315847422056158, -0.02209008216903561, -0.017461576110851574, -0.1881613183663262, -0.050587133777988395, -0.10726040646750011, -0.013852249605494133, 0.07275358704203067, 0.05004311792003037], [0.2706924644674903, -0.16878665802765377, -0.024456016625908378, -0.5180307642219256, 0.029157350591970266, 0.03864865108106436, 0.21122478627353944, -0.013959041229358822, 0.09158643053840929], [0.08370995283305217, -0.007026097553266641, 0.1178286743807432, -0.03400671897486825, 0.011433065842792522, 0.14254228523504356, 0.06859174263650687, -0.0841073514130657, 0.1419584727515814], [-0.02209785647564879, -0.1839623190459552, 0.035307641853030286, 0.006063908431645331, 0.11418569379901236, -0.04254898812737931, -0.09053343894103483, -0.25985540233738835, 0.11593050473833096], [0.1006001145848587, -0.32864330894722815, 0.005434289558471377, -0.017182440181917204, -0.010745396495472135, 0.0736382821623269, 0.179482230928243, -0.20322806857405168, 0.16805035263263018], [0.1340839263751685, -0.2147975842772534, 0.03863391938079766, -0.0940987630869442, 0.06910877183916414, 0.12301127135042499, 0.01592245265349442, -0.43668381135466905, 0.14820497142625896], [0.021537337486787787, 0.19776313950154936, -0.02425798066348329, -0.0065754132518683174, 0.08329774895665394, -0.12585789277742523, 0.10057033640098499, -0.03599473150901156, -0.03949171173844075], [0.019334058280854216, -0.10528088035741087, 0.12484151204827804, -0.08109164184819558, 0.010438644957549583, 0.008346157637074473, 0.07309718410776313, -0.11753554673931109, 0.017790457140132814]], "net.2.bias": [0.0, -0.012400459892733908, -0.019328983482258297, 0.09809815330078742, 0.04057378469231773, 0.09096982159911543, 0.0937733304546842, -0.07566108074281556, 0.03696517163781193], "net.4.weight": [[-0.09372549308407707, -0.0744501318129863, 0.2410817519221174, -0.15441470290677736, 0.0022043969815167437, -0.06977565763140332, -0.11734922889088722, 0.17090464610690173, -0.1709351405544031], [0.025684790846504074, -0.11822990578690715, -0.20497334467097292, 0.030584842425616363, 0.07532417935938904, 0.04396982145550577, -0.05595691318996133, 0.038111846108267976, -0.03683590938840062], [0.0623510775407494, -0.024748195669982632, 0.00347420682073151, 0.0284742070425902, 0.0831810766692841, 0.12856703338097394, 0.180499471149534, 0.010551328192759685, -0.03914344365568559]], "net.4.bias": [-0.1265327397626572, 0.0361301239115496, 0.08266716398049509]}