{"net.0.weight": [[0.017092299945218478, 0.08027012159263877, -0.03663569906152171], [-0.19283967343562042, -0.09650143822474028, 0.1752545365031304], [-0.04770849873154831, -0.11335241937086858, -0.019941724525913297]], "net.0.bias": [0.01032173571291784, 0.050508333951289855, 0.09739442912490341]}