{"net.0.weight": [[-0.014511561803154157, 0.04139921232913474, -0.0004883113613591847], [0.040528621357530846, -0.34650604517054456, 0.019272820649890186], [0.009073362859128012, -0.05957664289888711, -0.0009059953246716773]], "net.0.bias": [-0.08196550288001175, -0.024369784510210893, 0.6585118793106566]}