{"net.0.weight": [[-0.016688464794361806, 0.033207428013812434, -0.010422024810367386], [0.040603579145268395, -0.3524389181208627, 0.007248005844973013], [0.010287055380269043, -0.04802466083111281, 0.0024483234238635446]], "net.0.bias": [-0.0755715812589582, -0.028939939071560318, 0.6759173485140474]}