{"net.0.weight": [[-0.019289484941399565, 0.024307500550883585, -0.007072030399007203], [0.04114784650605625, -0.35785566784946893, 0.007978890887726395], [0.004696744226981096, -0.03886403106208767, 0.0003126175217593634]], "net.0.bias": [-0.06402578269025211, -0.03059673604251819, 0.6903844600721856]}