{"net.0.weight": [[-0.01398687623463559, 0.019458684464187095, -0.005570441725880413], [0.040075735145603766, -0.3625342410605695, 0.006320637015091916], [0.010355213944055279, -0.020462926697105793, 0.006665629127438973]], "net.0.bias": [-0.050815529541164, -0.03140278942491337, 0.7107085726132413]}