{"net.0.weight": [[-0.010929694740794967, 0.014734490672714467, 0.0029505204225992615], [0.04341649099836057, -0.36053932524449506, 0.0067925763798823155], [0.010425900801309122, -0.009149830060384776, 0.004920898355851399]], "net.0.bias": [-0.03749356795755783, -0.02650581174683243, 0.7243482617752515]}