{"net.0.weight": [[-0.011844313145123745, 0.005773240793589218, -0.005792027063710599], [0.04355933698607044, -0.3574666115560858, 0.0032075279093319304], [0.006466118792441464, -0.00439109322535673, 0.0006578782598576725]], "net.0.bias": [-0.03051276360710836, -0.02144579551640427, 0.7362229230216762]}