{"net.0.weight": [[-0.010777451885776298, 0.0003441381507860901, 0.0036064018970416185], [0.04167982075857879, -0.35233399842731467, 0.004641437794478903], [0.0029462429905800433, -0.0004664607665793982, -0.002064741582448777]], "net.0.bias": [-0.02067810546071621, -0.014717786247651585, 0.7443019729927001]}