{"net.0.weight": [[-0.013597729088785027, -0.008558263246376822, -0.005727865860030666], [0.040785966699194945, -0.3429007606115696, 0.006834114592535215], [0.005351562489610903, 0.0036695829101750094, 0.005119151566319085]], "net.0.bias": [-0.012868046732301833, 0.0004776103038718558, 0.7653183370591066]}