{"net.0.weight": [[-0.01206065118416439, -0.01009933859171833, -0.0033300899128317126], [0.04240727191941406, -0.32785817665554406, -0.0018095745920766008], [0.004473714123139452, 0.003323714751384813, 0.0013116259552542091]], "net.0.bias": [-0.0005034217901966355, 0.016933809651530664, 0.7790097888548964]}