{"net.0.weight": [[-0.01157800743175207, -0.011868528924666878, -0.005458913678895063], [0.04164400331764608, -0.31009043974999634, 0.005880371088383574], [0.008298262006023212, 0.006740468129699313, 0.004533215215812826]], "net.0.bias": [0.015151508449651045, 0.04313561701345861, 0.800629713764947]}