{"net.0.weight": [[0.021833895147306052, 0.0766038161050547, -0.021868144715198986], [-0.18159649323707092, -0.11414259963323592, 0.1884377682605903], [-0.03977500278109739, -0.116445107705793, -0.015689262379315633]], "net.0.bias": [0.06492293229749263, 0.09406667767160945, 0.14513429747806933]}