{"net.0.weight": [[-0.014470627627197977, -0.011389722502522763, -0.004764976048072297], [0.037820824086232656, -0.2912454280814064, 0.002095947439502135], [0.007416037405971918, 0.0033004890423168516, 0.0028749281729703313]], "net.0.bias": [0.028458815622328784, 0.06279765709027747, 0.8176940408721436]}