{"net.0.weight": [[-0.009011858168685237, -0.00783397563852773, 0.004162781366422369], [0.03403079423359495, -0.2801677397811706, -0.0032149052088278245], [0.007242879936129899, -0.002552763747161192, 0.002351986610063251]], "net.0.bias": [0.04462998540771197, 0.08053469813468486, 0.8313467336897246]}