{"net.0.weight": [[-0.010604600995626951, -0.008802318357175414, -2.0256447599342753e-05], [0.03278827094413098, -0.2714650935910694, 0.005832133677851255], [0.007148899941118134, 0.001670935772795138, 0.0017564449813737997]], "net.0.bias": [0.05151386748435103, 0.10002587768391535, 0.8447440655554832]}