{"net.0.weight": [[-0.010907288494704133, -0.008514133949430416, 0.0026667490291147427], [0.02852176288634264, -0.27413962917241436, -0.006487019007810471], [0.0016710114964349444, -0.005879259947870325, -0.0023264637202813163]], "net.0.bias": [0.05678087754654031, 0.1102365599308483, 0.8504941518129778]}