{"net.0.weight": [[-0.009883237323768407, -0.00582104234759714, -0.004120092709600842], [0.03210000525283627, -0.2615291945818266, 0.0006150608010885381], [0.006456526602963286, -0.0029676698425440398, 0.0020694045388207883]], "net.0.bias": [0.06471302132619262, 0.1341184579951008, 0.8693068551972107]}