{"net.0.weight": [[-0.009197047431033304, -0.00539286047684733, -0.000627383430613024], [0.03216357917396935, -0.24859208329841237, -0.0038179558102267087], [0.007634150519196841, 0.004179118372416478, 0.005522235528230654]], "net.0.bias": [0.07809777955665564, 0.14672340691232977, 0.8868946017431867]}