{"net.0.weight": [[-0.009735408872525247, -0.0124680330858407, -0.0008420106391646776], [0.030245753735983424, -0.25038209714285103, -0.002437412436298655], [0.0005844322615118289, -0.004283956502606595, -0.0013373838823554068]], "net.0.bias": [0.0899635751654268, 0.17368435630721896, 0.8944234059159661]}