{"net.0.weight": [[-0.00854932108743847, -0.005132251477344809, 0.0030441023988095595], [0.03240490710711944, -0.22892120715418454, 0.004837115927727351], [0.00798159513001768, 0.002565943276382583, 0.00493277214201859]], "net.0.bias": [0.10003854673828597, 0.1944301955176079, 0.9141270038713465]}