{"net.0.weight": [[-0.009272087801009798, -0.009131735693072943, 0.0021188296208455703], [0.02742181056674193, -0.24083197564162487, -0.004580665051247659], [0.0011170820930381372, -0.001964471733896093, -0.003496447133581727]], "net.0.bias": [0.11118913779401124, 0.20307299655503022, 0.922638635709595]}