{"net.0.weight": [[-0.015687095543847767, -0.011471402880255117, -0.0019182832417578939], [0.030111488284162945, -0.22015150191219784, -0.00032970818644936783], [0.0010581354570594727, -0.0026736747060937547, 0.0008777518874307825]], "net.0.bias": [0.11590045526075336, 0.22343313485298172, 0.9372603708084855]}