{"net.0.weight": [[0.022320565096061392, 0.07498322500880487, -0.01745212722880025], [-0.17445141012546256, -0.12361198642104897, 0.19647804543499206], [-0.03050777015957473, -0.11984797707713615, -0.007029173819204975]], "net.0.bias": [0.07175398345796491, 0.11524717136734665, 0.19263978308257834]}