{"net.0.weight": [[-0.008688865393280974, -0.006948834128912483, -0.0013396499890458236], [0.02847990429716758, -0.23038165614252581, 0.0026924646265973334], [0.006910921503752117, 0.002296829003717114, 0.00741273598341149]], "net.0.bias": [0.1342357942909726, 0.24121204832393509, 0.9613358261536327]}