{"net.0.weight": [[0.01714432543306827, 0.07514205971365073, -0.020624497568721718], [-0.1683413675480817, -0.13326741517758517, 0.2016376360891431], [-0.022042662836293213, -0.12192730814352963, 6.074039780084426e-05]], "net.0.bias": [0.04356218964978728, 0.12644079718023307, 0.23324716777628351]}