{"net.0.weight": [[0.01186213075355767, 0.07463191507299524, -0.023554126538400364], [-0.1583672729289985, -0.14604572524336604, 0.20909500680570886], [-0.013481234261419218, -0.12309701069904704, 0.0059122501421374415]], "net.0.bias": [0.013459932491808808, 0.14580896862651546, 0.2738098947484658]}