{"net.0.weight": [[0.007098574420622415, 0.07363511427089713, -0.025643211693588814], [-0.14589807180867503, -0.16068365091635411, 0.21679877392480593], [-0.005746433692124177, -0.12351749765674791, 0.009236338268099099]], "net.0.bias": [-0.016285510869151577, 0.16660005185530602, 0.3100943864085096]}