{"net.0.weight": [[0.0035876026938886354, 0.07221196782215028, -0.026901898675483225], [-0.13164493454465548, -0.17544733068435966, 0.22402434524848225], [-0.0006058286315853991, -0.1237500074158033, 0.008479475717917212]], "net.0.bias": [-0.04277840557538266, 0.18564242329408, 0.33219783793200164]}