{"net.0.weight": [[0.001321055519764808, 0.06995587712069391, -0.02843442872893076], [-0.1166468981492869, -0.18985572698758785, 0.22804599193362857], [0.0035268523972896287, -0.12388993640964131, 0.0067731858174858595]], "net.0.bias": [-0.07066779031579788, 0.19554946682744273, 0.3491380901829075]}