{"net.0.weight": [[0.01745791090141505, 0.08074131179299049, -0.049462832997498235], [-0.20335466986954034, -0.07397133560214116, 0.15953162533544907], [-0.05322052295717494, -0.11171597954286462, -0.018808501818153668]], "net.0.bias": [-0.03009749019245477, 0.003523067890130884, 0.06719677822950262]}