{"net.0.weight": [[-0.00045854296651139055, 0.06664406263723034, -0.03150519169329988], [-0.10205070510487117, -0.20513667483446774, 0.22605193130510295], [0.0070397656721542315, -0.12364743045900552, 0.0050175064731859224]], "net.0.bias": [-0.10652858285445217, 0.18667996683410737, 0.36587545156231527]}