{"net.0.weight": [[9.133839240298857e-06, 0.06289902748814678, -0.03381509344608432], [-0.08782816070649846, -0.22146056270502482, 0.21765784633753274], [0.009321655926118364, -0.12299009020273072, 0.0031127553365213356]], "net.0.bias": [-0.14012618453461181, 0.15411967788178, 0.3832394425778438]}