{"net.0.weight": [[0.00028794253665162767, 0.05962001429816539, -0.0362151029515378], [-0.07066422852252081, -0.23918921686881547, 0.20319953496399965], [0.010413089764610223, -0.12099580265701496, 0.0032561721414808634]], "net.0.bias": [-0.16541528450929824, 0.1115421819287353, 0.40946399376750914]}