{"net.0.weight": [[0.00042912474446798804, 0.05927982311141022, -0.03157675253448106], [-0.05380232942771041, -0.25764709992918294, 0.1799079086051219], [0.010135776408046058, -0.11752294019502388, 0.007043559268082104]], "net.0.bias": [-0.15783587404598273, 0.058835377788069465, 0.4498545551818446]}