{"net.0.weight": [[-0.004597893111186173, 0.06050855219796241, -0.02203737287502587], [-0.03113982937927121, -0.2810707211173011, 0.13484778425041138], [0.005317962831587978, -0.11001468924641837, 0.023859191432239697]], "net.0.bias": [-0.14396856217876416, 0.021649906383516118, 0.5072273721673256]}