{"net.0.weight": [[-0.0099764926703741, 0.05959630985407799, -0.019168968202637658], [-0.0006940932279216939, -0.30293324426120727, 0.08324968016887906], [0.011741840883986956, -0.10232300420418192, 0.030677441321264563]], "net.0.bias": [-0.13795546779138113, 0.007784072184388765, 0.5680126009031204]}