{"net.0.weight": [[-0.01361300373936252, 0.058220746601150765, -0.009458245578122025], [0.022092111050410437, -0.31443993744702686, 0.05886969840027609], [0.009032499435800322, -0.09913459367344699, 0.007710831987830725]], "net.0.bias": [-0.126039206944241, 0.003336028092774403, 0.5843408533564135]}