{"net.0.weight": [[-0.013380499684071331, 0.055202258172076274, -0.0025531350552705024], [0.02590183966737536, -0.325981334464672, 0.03592071129252702], [0.016461523430257842, -0.08841888180610315, 0.010346169343461118]], "net.0.bias": [-0.11375868129126519, -0.012209114021886208, 0.6132748028516551]}