{"net.0.weight": [[-0.019078540438273835, 0.04884791587706723, -0.004166076212998221], [0.028262265587927687, -0.336206324405828, 0.022962150838119665], [0.01696951883432065, -0.07770074144654776, 0.008236736993531809]], "net.0.bias": [-0.11033052292056231, -0.022995936366964044, 0.6312209355384018]}