{"net.0.weight": [[-0.01779160766707582, 0.044865414584111474, -0.011234876427951184], [0.038037244436920324, -0.3397911712719234, 0.01451888774606622], [0.008511466282074118, -0.07198558636229699, 0.0034292224070487844]], "net.0.bias": [-0.10040672386408481, -0.023509709471468104, 0.6414234201335325]}