{"net.0.weight": [[0.003936501729103361, -0.13867750369001627, -0.12247641046162439], [0.051644642505642234, -0.16842083895049045, -0.21649518362698533], [0.11131995358357469, 0.032979351467663225, -0.08713836397007892], [0.1915291502651526, -0.11927742869033661, -0.23819638074907354], [-0.09811817172088182, -0.015339208502688046, -0.03496671552089306], [0.008712461993834858, 0.16731461034291673, 0.20035834505202202], [0.0575474383007705, 0.1779852427977263, -0.04357720745205226], [-0.15162318716930168, -0.10968427896087837, 0.23980587896870087], [0.10641506072737661, 0.1524344044056582, 0.10275935694212454]], "net.0.bias": [-0.029129395362433662, 0.0020244545542386187, 0.05695032362462726, -0.04535055123089253, 0.0, 0.06133867080449481, 0.012971250221624615, -0.0011963686352773804, 0.04724140288167547], "net.2.weight": [[0.14054484577174645, -0.011347084319465276, 0.07036630721700382, -0.031054036911157615, -0.2851369408518531, -0.08935848181049598, -0.06046374760347603, 0.016327704961494015, -0.1364473354110776], [-0.011315847422056158, -0.02209008216903561, -0.017461576110851574, -0.1881613183663262, -0.050587133777988395, -0.10726040646750011, -0.013852249605494133, 0.07275358704203067, 0.05004311792003037], [0.2706924644674903, -0.16878665802765377, 0.0073739414263153495, -0.453256764057433, 0.029157350591970266, 0.036288218438584235, 0.18522197543845217, 0.024030314148799616, 0.09439361414981755], [0.08370995283305217, 0.008374669775321957, 0.12286113811825199, -0.03620215931137343, 0.011433065842792522, 0.15044914076926574, 0.07558357464954105, -0.034931963269510626, 0.1425590861497054], [-0.02209785647564879, -0.1717567496546071, 0.04364729380112047, 0.008046639704777534, 0.11418569379901236, -0.053241546369807484, -0.0861826076264243, -0.14986831299629397, 0.11036754300376622], [0.1006001145848587, -0.3263730847511753, 0.006139936309501487, -0.025914359732086868, -0.010745396495472135, 0.07196549121684305, 0.18181436864910627, -0.19095439845838091, 0.1616549179703675], [0.1340839263751685, -0.18122336707014094, 0.04548202384359448, -0.09901316147718307, 0.06910877183916414, 0.1291421717218656, 0.021411211206514656, -0.3821861305282071, 0.1475410217490106], [0.021537337486787787, 0.20644507339581183, -0.023514860517977503, -0.00172403611754366, 0.08329774895665394, -0.13145856454155577, 0.10012255477890072, -0.03599473150901156, -0.037440773249127715], [0.019334058280854216, -0.12074869432067953, 0.1325970586872918, -0.08594810265312158, 0.010438644957549583, 0.011360809145288602, 0.08240515473511766, -0.07657065921391878, 0.017930193077284225]], "net.2.bias": [0.0, -0.012400459892733908, -0.006220362128233017, 0.09034037995782493, 0.026803127042503025, 0.0757249465007518, 0.08449552392100142, -0.07184113685367514, 0.03385718199495474], "net.4.weight": [[-0.09372549308407707, -0.0744501318129863, 0.23142975838122734, -0.15281913671626968, 0.007322383296503298, -0.06296318870407219, -0.10764045463580878, 0.2040164570093358, -0.17548339412538347], [0.025684790846504074, -0.11822990578690715, -0.18797065002123647, 0.029067825790547768, 0.09551254659940708, 0.048146928360878256, -0.052732052606042475, -0.003705240095368232, -0.05959872981290896], [0.0623510775407494, -0.024748195669982632, 0.022296881564725254, 0.025281131474807803, 0.10499326452225376, 0.12697161412386232, 0.18553249158895851, 0.00699202953936931, -0.024310653010311493]], "net.4.bias": [-0.10495155564804268, 0.014051562496719197, 0.05659158718723208]}