{"net.0.weight": [[0.003936501729103361, -0.13867750369001627, -0.12247641046162439], [0.0525437535545114, -0.17287709177691668, -0.22299430984766846], [0.10942420499495145, 0.032945197681651266, -0.08935544312105116], [0.19059937156576678, -0.12404684697760074, -0.23519282082334173], [-0.09811817172088182, -0.015339208502688046, -0.03496671552089306], [0.007968433176349784, 0.16791393275467098, 0.1982422322038158], [0.056049087650849996, 0.18099666523832472, -0.043102242508683476], [-0.1565647775310461, -0.11119327953562697, 0.23890060225687668], [0.10635400435770662, 0.15438477770747236, 0.10222583412518985]], "net.0.bias": [-0.029129395362433662, 0.0020856699985766754, 0.05525191401231886, -0.04597096991824581, 0.0, 0.06056401269140838, 0.012215636394063523, -0.004340034573430458, 0.047425800115270464], "net.2.weight": [[0.14054484577174645, -0.011347084319465276, 0.07036630721700382, -0.031054036911157615, -0.2851369408518531, -0.08935848181049598, -0.06046374760347603, 0.016327704961494015, -0.1364473354110776], [-0.011315847422056158, -0.02209008216903561, -0.017461576110851574, -0.1881613183663262, -0.050587133777988395, -0.10726040646750011, -0.013852249605494133, 0.07275358704203067, 0.05004311792003037], [0.2706924644674903, -0.16878665802765377, 0.006764167635070733, -0.46441714421130004, 0.029157350591970266, 0.03715300400013743, 0.19008974552423893, 0.01750856934314966, 0.09482868236166278], [0.08370995283305217, 0.0038131777569737698, 0.12214579517315607, -0.036110838423270654, 0.011433065842792522, 0.14916412872602744, 0.07460778167585717, -0.041079326382099476, 0.14215834214642686], [-0.02209785647564879, -0.1754481128837211, 0.04266849499646144, 0.007871375121980344, 0.11418569379901236, -0.05285310734120192, -0.08696323642567956, -0.1582709895912315, 0.11051320965599501], [0.1006001145848587, -0.3292441327212683, 0.005894004946114291, -0.025005707988417673, -0.010745396495472135, 0.07214433640298962, 0.18130450770410322, -0.19012795601037089, 0.1622055364856182], [0.1340839263751685, -0.187128926317882, 0.045053704240515836, -0.09805688512774215, 0.06910877183916414, 0.1276161771075223, 0.020832967923076536, -0.38949349353215673, 0.14722730896327738], [0.021537337486787787, 0.2059217169987455, -0.024074043151855785, -0.0030475697516648944, 0.08329774895665394, -0.13443565867464863, 0.09937850934631345, -0.03599473150901156, -0.03901880163996583], [0.019334058280854216, -0.12389612150015401, 0.1302339620530786, -0.08847127224058757, 0.010438644957549583, 0.01027940542214233, 0.08028240653934206, -0.08426265878857972, 0.01675229593878165]], "net.2.bias": [0.0, -0.012400459892733908, -0.007137343778125447, 0.09094089379237097, 0.027994180668371574, 0.07738688614865778, 0.08522506159441705, -0.07406312345577559, 0.032803457047895515], "net.4.weight": [[-0.09372549308407707, -0.0744501318129863, 0.23539273864604304, -0.15261723175251096, 0.006749908914578227, -0.06383429407166785, -0.10886623733803685, 0.19835797971684077, -0.1757290321339879], [0.025684790846504074, -0.11822990578690715, -0.19011498928349443, 0.029702662268570667, 0.09247429546946123, 0.04796229058845957, -0.05339477633197873, 0.004809271730351704, -0.05625532847766525], [0.0623510775407494, -0.024748195669982632, 0.019783603455245654, 0.025405523573141776, 0.10200057570360668, 0.12699374392188556, 0.18425101458763565, 0.009238740861405725, -0.024705738967997125]], "net.4.bias": [-0.10706610994205164, 0.017223762748818473, 0.059469930588100156]}