{"net.0.weight": [[0.003936501729103361, -0.13867750369001627, -0.12247641046162439], [0.05393711580765877, -0.18062460125235963, -0.23301263760583724], [0.10687675971619831, 0.03398517549490009, -0.09184760272111833], [0.1884476434143204, -0.13351809273760187, -0.2288146534844074], [-0.09811817172088182, -0.015339208502688046, -0.03496671552089306], [0.006939534535465744, 0.1697605565359289, 0.1947668805291747], [0.05394705556572448, 0.18790214050897575, -0.042747380802149196], [-0.16453555791905702, -0.11235201888871961, 0.23882132039743562], [0.10683001212881864, 0.15917306485381144, 0.10192633800755406]], "net.0.bias": [-0.029129395362433662, 0.002142608419414205, 0.05323192681422303, -0.047245400392350416, 0.0, 0.05949366988438595, 0.011285871428531751, -0.008634486324278061, 0.0483637929551619], "net.2.weight": [[0.14054484577174645, -0.011347084319465276, 0.07036630721700382, -0.031054036911157615, -0.2851369408518531, -0.08935848181049598, -0.06046374760347603, 0.016327704961494015, -0.1364473354110776], [-0.011315847422056158, -0.02209008216903561, -0.017461576110851574, -0.1881613183663262, -0.050587133777988395, -0.10726040646750011, -0.013852249605494133, 0.07275358704203067, 0.05004311792003037], [0.2706924644674903, -0.16878665802765377, 0.0015153491045926015, -0.4842352700331238, 0.029157350591970266, 0.03749565676517977, 0.19751556914210505, 0.005171543013956369, 0.09419450399105193], [0.08370995283305217, -0.0023919059574092566, 0.1211978811762236, -0.035469884762925556, 0.011433065842792522, 0.1475938622022927, 0.07311374090580185, -0.05213968645318095, 0.1421907713025828], [-0.02209785647564879, -0.18017728747182116, 0.04107475062470662, 0.007827957000663816, 0.11418569379901236, -0.05066802529007379, -0.08784479148501229, -0.1792384601136798, 0.11180968020826353], [0.1006001145848587, -0.33182083170390503, 0.005983117743482995, -0.022586482009562474, -0.010745396495472135, 0.07260014681499008, 0.18090968903488833, -0.1924570891894509, 0.16381081580182943], [0.1340839263751685, -0.19718714715871713, 0.04401351936159679, -0.09626256778309988, 0.06910877183916414, 0.12542312861068677, 0.019810156395380196, -0.40528016971380204, 0.14717264289177193], [0.021537337486787787, 0.20495560428672518, -0.023565519970180908, -0.004094445638833352, 0.08329774895665394, -0.13549774132221576, 0.09991692472193081, -0.03599473150901156, -0.03979200181626019], [0.019334058280854216, -0.12231765246873642, 0.12932876927190734, -0.0880815866769161, 0.010438644957549583, 0.01092565458840584, 0.07912394752540862, -0.09271801998028753, 0.017788372174330557]], "net.2.bias": [0.0, -0.012400459892733908, -0.010348978747597702, 0.0929933589649553, 0.031233056742073172, 0.08109939229454682, 0.0872111740289096, -0.0758835148014645, 0.034605357618147446], "net.4.weight": [[-0.09372549308407707, -0.0744501318129863, 0.2391774008424883, -0.15326112790592616, 0.0054314548103085915, -0.06603475706091212, -0.11180887842096865, 0.1840394232199147, -0.1766744779752559], [0.025684790846504074, -0.11822990578690715, -0.19483225389964032, 0.030591018569888325, 0.0872655180865294, 0.04744890912247413, -0.05443352053194844, 0.022890692920220047, -0.05133461152357639], [0.0623510775407494, -0.024748195669982632, 0.014023271006589295, 0.02603597227153954, 0.09698544143514198, 0.12751232509502047, 0.1827676507377987, 0.018632928884511752, -0.028028350239889935]], "net.4.bias": [-0.11247772231065178, 0.022932801005584744, 0.06559947926232403]}