{"net.0.weight": [[0.003936501729103361, -0.13867750369001627, -0.12247641046162439], [0.05482986779706863, -0.1816221199600587, -0.23430026603670573], [0.10602853999255642, 0.033974799027468215, -0.09226819822383467], [0.18881115145951977, -0.13424462457289607, -0.2257258177764794], [-0.09811817172088182, -0.015339208502688046, -0.03496671552089306], [0.00636619981833581, 0.16981626586465995, 0.19371073469316777], [0.052913950086289505, 0.18876810763467375, -0.04328196999252256], [-0.16572917331586054, -0.11150306911462017, 0.23944859628936002], [0.1065516487783169, 0.15995615908129057, 0.10161596696186277]], "net.0.bias": [-0.029129395362433662, 0.002769458687124896, 0.052595888092624644, -0.04629737399809983, 0.0, 0.05891889693132975, 0.010474386852277575, -0.00892625703751475, 0.04821211346010615], "net.2.weight": [[0.14054484577174645, -0.011347084319465276, 0.07036630721700382, -0.031054036911157615, -0.2851369408518531, -0.08935848181049598, -0.06046374760347603, 0.016327704961494015, -0.1364473354110776], [-0.011315847422056158, -0.02209008216903561, -0.017461576110851574, -0.1881613183663262, -0.050587133777988395, -0.10726040646750011, -0.013852249605494133, 0.07275358704203067, 0.05004311792003037], [0.2706924644674903, -0.16878665802765377, -0.0006238692200526293, -0.48893904095394597, 0.029157350591970266, 0.037558103066193595, 0.19890286646137145, 0.0030836201558963705, 0.09391047270912], [0.08370995283305217, -0.004358420780589589, 0.12034966657187611, -0.036026125590143634, 0.011433065842792522, 0.14699263775552168, 0.07223816093366583, -0.05534566357517792, 0.14180889551269263], [-0.02209785647564879, -0.18200528107375033, 0.040103332147017695, 0.007157754826292427, 0.11418569379901236, -0.050334196990251254, -0.08850739990652756, -0.18673993608809566, 0.11172867270476199], [0.1006001145848587, -0.33276944702697453, 0.0055551101603405675, -0.02250286081136997, -0.010745396495472135, 0.07234951002666577, 0.18042926673553575, -0.19384073903949084, 0.1638132633305133], [0.1340839263751685, -0.19918926159347605, 0.043493617548949315, -0.09605447577827346, 0.06910877183916414, 0.12467987972469338, 0.019327204673645484, -0.40927332463150573, 0.1469511237766815], [0.021537337486787787, 0.20334614017331581, -0.024161108163555246, -0.005001768377997507, 0.08329774895665394, -0.13504402419252232, 0.09949301379680586, -0.03599473150901156, -0.040347998103074094], [0.019334058280854216, -0.11673174677509066, 0.13017152871814755, -0.08596656398910897, 0.010438644957549583, 0.01186291723237386, 0.07939130893175521, -0.0910714711190297, 0.019056848525150424]], "net.2.bias": [0.0, -0.012400459892733908, -0.011264642022250311, 0.09311454482601456, 0.03159779485829642, 0.08159437871931584, 0.08747649139997636, -0.07659613448607604, 0.03628158287276736], "net.4.weight": [[-0.09372549308407707, -0.0744501318129863, 0.23950265486242758, -0.1531152355872756, 0.005774487742093617, -0.06620932341592843, -0.11238007447997239, 0.18250781260060356, -0.176366642796406], [0.025684790846504074, -0.11822990578690715, -0.19630370481518453, 0.030090955642679145, 0.08567262951930164, 0.046877321887038796, -0.05460259000381094, 0.024329407452007155, -0.050644252814451826], [0.0623510775407494, -0.024748195669982632, 0.01204493098793616, 0.0258684587972427, 0.09559339034274827, 0.12733003052759248, 0.1821125843540885, 0.0195762565768855, -0.02989969689462521]], "net.4.bias": [-0.11354151112811327, 0.02352345061691622, 0.06676775265660079]}