{"net.0.weight": [[0.003936501729103361, -0.13867750369001627, -0.12247641046162439], [0.05674175180065907, -0.19074096306420907, -0.2441336395184489], [0.10151771173929865, 0.03398776756820761, -0.09548814812371378], [0.18484357715914013, -0.15045652116830696, -0.2189618701837558], [-0.09811817172088182, -0.015339208502688046, -0.03496671552089306], [0.003987663951303831, 0.1712074523890242, 0.189021137862702], [0.048736943165902755, 0.19678036342055036, -0.041057674446875], [-0.17278473818642642, -0.10624750094761462, 0.24243168705097043], [0.10657506553386181, 0.16589002180388948, 0.10184500810116041]], "net.0.bias": [-0.029129395362433662, 0.003085614323863702, 0.049009090611929595, -0.04944735798777355, 0.0, 0.05675845928468455, 0.008289149495865032, -0.011158928064522643, 0.04919651596350444], "net.2.weight": [[0.14054484577174645, -0.011347084319465276, 0.07036630721700382, -0.031054036911157615, -0.2851369408518531, -0.08935848181049598, -0.06046374760347603, 0.016327704961494015, -0.1364473354110776], [-0.011315847422056158, -0.02209008216903561, -0.017461576110851574, -0.1881613183663262, -0.050587133777988395, -0.10726040646750011, -0.013852249605494133, 0.07275358704203067, 0.05004311792003037], [0.2706924644674903, -0.16878665802765377, -0.012809638282628608, -0.5064726587321439, 0.029157350591970266, 0.03960294359028415, 0.20803287887676752, -0.0068971441222322235, 0.09401800445671687], [0.08370995283305217, -0.00811714778455484, 0.11815540634933963, -0.03553983920484209, 0.011433065842792522, 0.1433117163810359, 0.06931594086313003, -0.07422068412021601, 0.14097089807361277], [-0.02209785647564879, -0.1850847131586912, 0.03669080743658174, 0.005941168598318575, 0.11418569379901236, -0.04649121939209774, -0.09039747319066548, -0.2295816762417181, 0.11351823982079018], [0.1006001145848587, -0.33246075559200783, 0.004775512718050002, -0.020038073655403856, -0.010745396495472135, 0.07216942270111622, 0.17910341365275875, -0.20168274862310598, 0.16545868416929968], [0.1340839263751685, -0.21082514895623058, 0.040043407697685385, -0.0954793632558737, 0.06910877183916414, 0.12255617818704297, 0.016665183673933395, -0.4293238581636553, 0.1468003232730555], [0.021537337486787787, 0.19918201126396, -0.023836067663179947, -0.005973482727930263, 0.08329774895665394, -0.12844475309463463, 0.1006139204516586, -0.03599473150901156, -0.03958980096153588], [0.019334058280854216, -0.11205572353536107, 0.12601491877430113, -0.08485984234052492, 0.010438644957549583, 0.008346683827371807, 0.07482564333605661, -0.10845482822489026, 0.016902068515153405]], "net.2.bias": [0.0, -0.012400459892733908, -0.014591854858810057, 0.09518809611166769, 0.03631319683666369, 0.08637627949250658, 0.0903979140025991, -0.0760703687502132, 0.03509604394117911], "net.4.weight": [[-0.09372549308407707, -0.0744501318129863, 0.24204602016177773, -0.15299359711515503, 0.004493442913566429, -0.06768473161603855, -0.11467804241451986, 0.17481541988166183, -0.17275893265653916], [0.025684790846504074, -0.11822990578690715, -0.20356209746832948, 0.029816365869486227, 0.07841449908910528, 0.044499593273463915, -0.05671471509127281, 0.033721965725804624, -0.042647607586104884], [0.0623510775407494, -0.024748195669982632, 0.005222369260188056, 0.02653866802651969, 0.08728281306164289, 0.12740416697959242, 0.1805734498069255, 0.014120356977134757, -0.03489334957207962]], "net.4.bias": [-0.120396614554506, 0.030530347953289995, 0.07542818617286919]}