{"net.0.weight": [[0.003936501729103361, -0.13867750369001627, -0.12247641046162439], [0.05696681816389099, -0.192079949245402, -0.2453468843798086], [0.10083661298425783, 0.034312560651964585, -0.09570681346322416], [0.1839715484141327, -0.15366307427152356, -0.2180725439559543], [-0.09811817172088182, -0.015339208502688046, -0.03496671552089306], [0.0037094423692004014, 0.17164383299606636, 0.18882661085901467], [0.0480284156397092, 0.19808264554940624, -0.03934469111601504], [-0.1742131139417614, -0.10551043618205236, 0.24226134973638866], [0.10652519100623424, 0.16679331595365354, 0.10234664067213532]], "net.0.bias": [-0.029129395362433662, 0.0030843010594113524, 0.04851601467350425, -0.050269897342798166, 0.0, 0.056623732437380704, 0.008078234214798323, -0.011990529652472715, 0.04941881575816717], "net.2.weight": [[0.14054484577174645, -0.011347084319465276, 0.07036630721700382, -0.031054036911157615, -0.2851369408518531, -0.08935848181049598, -0.06046374760347603, 0.016327704961494015, -0.1364473354110776], [-0.011315847422056158, -0.02209008216903561, -0.017461576110851574, -0.1881613183663262, -0.050587133777988395, -0.10726040646750011, -0.013852249605494133, 0.07275358704203067, 0.05004311792003037], [0.2706924644674903, -0.16878665802765377, -0.015469318696964225, -0.50916498325245, 0.029157350591970266, 0.03981475719697595, 0.20924149814509438, -0.008195832192561855, 0.09389165083431918], [0.08370995283305217, -0.00816712393646219, 0.1180183247317996, -0.03519626482094029, 0.011433065842792522, 0.14292463665645141, 0.06905770242174351, -0.07711376932342656, 0.14105934660722966], [-0.02209785647564879, -0.18499222817838928, 0.03584961992682021, 0.005458851177176089, 0.11418569379901236, -0.04601545589765541, -0.09106076500849739, -0.236020472840421, 0.11355012375470891], [0.1006001145848587, -0.33188833598829004, 0.004479058705446959, -0.019825897494965324, -0.010745396495472135, 0.07248008971925514, 0.17870683505782248, -0.20122865471119483, 0.1657845052512263], [0.1340839263751685, -0.21227401375100913, 0.03930376476563857, -0.09561500279786526, 0.06910877183916414, 0.12266889498057744, 0.016126943481610704, -0.43094785616800385, 0.14692967158343664], [0.021537337486787787, 0.20024141431558137, -0.023795641500875264, -0.005987923156327463, 0.08329774895665394, -0.1298584460217327, 0.10036070665480262, -0.03599473150901156, -0.03992797760061158], [0.019334058280854216, -0.11699055251785366, 0.12564190989650129, -0.08461737011046436, 0.010438644957549583, 0.008351534582370599, 0.07492332292945775, -0.11576324397881436, 0.017042535233905576]], "net.2.bias": [0.0, -0.012400459892733908, -0.015213863520649525, 0.09570143750347734, 0.03686736469326789, 0.08723719624050971, 0.09102978784902405, -0.07626610331736658, 0.035091073070548554], "net.4.weight": [[-0.09372549308407707, -0.0744501318129863, 0.24257751829094967, -0.1534157494240961, 0.0031172736924173624, -0.06846077309991813, -0.11553488903268054, 0.17127130575894908, -0.17180205652394998], [0.025684790846504074, -0.11822990578690715, -0.20406042671386773, 0.029651322120740523, 0.07675883269487561, 0.04374747588141527, -0.057399665869223813, 0.034293242339127436, -0.04031845964625753], [0.0623510775407494, -0.024748195669982632, 0.005546073742003685, 0.026726970230489082, 0.08538711142761767, 0.12724515167659037, 0.18025033323118733, 0.012212494490600759, -0.03512856474105155]], "net.4.bias": [-0.12183346732579561, 0.031607372929848714, 0.07693233487073245]}