{"net.0.weight": [[0.003936501729103361, -0.13867750369001627, -0.12247641046162439], [0.05639985882241205, -0.19843748787544355, -0.251749464622525], [0.09984320900988619, 0.03572303974493214, -0.09460808765825601], [0.18087290218366378, -0.1630481433585746, -0.21156343616609033], [-0.09811817172088182, -0.015339208502688046, -0.03496671552089306], [0.003556805175211352, 0.17337553566652067, 0.18782849361841822], [0.046181688228997236, 0.2034162309782574, -0.038290933016132615], [-0.17888910863368523, -0.09973005536779155, 0.24303777447025393], [0.10790073219667197, 0.17140210531937672, 0.10439393137433156]], "net.0.bias": [-0.029129395362433662, 0.0016806555980353709, 0.04835158939200879, -0.05204356263379237, 0.0, 0.05671024216707095, 0.007285269632521496, -0.013839626223015464, 0.05145406373193294], "net.2.weight": [[0.14054484577174645, -0.011347084319465276, 0.07036630721700382, -0.031054036911157615, -0.2851369408518531, -0.08935848181049598, -0.06046374760347603, 0.016327704961494015, -0.1364473354110776], [-0.011315847422056158, -0.02209008216903561, -0.017461576110851574, -0.1881613183663262, -0.050587133777988395, -0.10726040646750011, -0.013852249605494133, 0.07275358704203067, 0.05004311792003037], [0.2706924644674903, -0.16878665802765377, -0.026938557700731953, -0.5204559068211774, 0.029157350591970266, 0.03904569728813782, 0.21224276593622313, -0.01517890497205515, 0.09160197890995417], [0.08370995283305217, -0.007110867621663545, 0.11784975980558467, -0.03351721835570408, 0.011433065842792522, 0.1420194879160915, 0.06854072445572118, -0.0873985992586394, 0.14208371363605027], [-0.02209785647564879, -0.18408327204611918, 0.03461100737295411, 0.005736831523474612, 0.11418569379901236, -0.04184767609552967, -0.09101635531950913, -0.2669047457013234, 0.1161800983102835], [0.1006001145848587, -0.3283798226416924, 0.005220080645017235, -0.016900661224876504, -0.010745396495472135, 0.0738323234725219, 0.1791752458263389, -0.20364437722806672, 0.16839255787590174], [0.1340839263751685, -0.21729474339680407, 0.037723272745786574, -0.09446900636649642, 0.06910877183916414, 0.12298041098623015, 0.015280706927641732, -0.4389838282464066, 0.1482037310189796], [0.021537337486787787, 0.1984664235833123, -0.024087189900263022, -0.006448706201615624, 0.08329774895665394, -0.12679268478749894, 0.10042485408325275, -0.03599473150901156, -0.03957573019923747], [0.019334058280854216, -0.10969398462177807, 0.12393866448926841, -0.08180032465909529, 0.010438644957549583, 0.007776786587978387, 0.0730451953729091, -0.12550891264784558, 0.017380081049314003]], "net.2.bias": [0.0, -0.012400459892733908, -0.01978623093741782, 0.09865738774590643, 0.04135379921511565, 0.09186307881183445, 0.0943062387583596, -0.07561850632761503, 0.03637879286400029], "net.4.weight": [[-0.09372549308407707, -0.0744501318129863, 0.2417454322080486, -0.15476931284115278, 0.0006935999505838224, -0.07052813082687964, -0.11814725126384329, 0.16751958541631745, -0.170472420434436], [0.025684790846504074, -0.11822990578690715, -0.20546836686060233, 0.030829371136791135, 0.07465850052704488, 0.04374037354601116, -0.0562677088287713, 0.03923864262830817, -0.03400857241453247], [0.0623510775407494, -0.024748195669982632, 0.00328199232154663, 0.02860810061891746, 0.08162071979458546, 0.12847091932313168, 0.18032019276854727, 0.008852674357689088, -0.03843800945739536]], "net.4.bias": [-0.12789048928848099, 0.0376625227668129, 0.08411800870056232]}