{"net.0.weight": [[-0.20160809015120387, -0.14371913811594322, 0.06721988074281557], [-0.02111474101825641, -0.17435810845592034, -0.035100896433776514], [-0.13896232645440929, 0.012364895067631873, 0.1563737117178193], [0.11078602640394344, 0.08117820323262738, 0.04205526891003789], [-0.011050450194099658, -0.03787561429147362, 0.00288821138951198], [0.13426777738047546, -0.3342885501412035, -0.22710683637678492], [-0.026333489195805505, -0.03328007563136352, -0.15716287912107865], [0.03091683746919613, -0.09588979796494869, -0.27313109928891244], [-0.01692789270425624, -0.09014271611275648, 0.019188439321978782]], "net.0.bias": [-0.04999998226644156, -0.06081037232350361, -0.02270138304116249, 0.039251702159643465, -0.04887822673305577, -0.13913559615840948, -0.049999994459467206, -0.04172794628654197, -0.030912562978204206], "net.2.weight": [[0.0941113329634864, -0.02329849351427926, 0.2168168451297028, -0.11230378588699544, -0.060622874180912285, 0.022021775270128233, 0.026286354485975424, 0.04539663844204997, -0.02426225047611026], [0.06209264291125584, -0.025326947488353548, -0.0679812392144533, -0.008545847504204616, 0.13566907426172636, 0.05043671571860618, 0.00394364078849084, -0.02893376145238088, 0.007991374372231647], [-0.05248222428842548, -0.01834492683454489, -0.13432331599424185, 0.12016198810003763, 0.13866767658492907, -0.059219930454769795, -0.028924141708067362, 0.0023942425564222524, 0.03545753038164062]], "net.2.bias": [-0.14344267586002965, -0.05808183606995889, 0.13767223617906268]}