{"net.0.weight": [[-0.20160809015120387, -0.14371913811594322, 0.06721988074281557], [-0.02111474101825641, -0.17435810845592034, -0.035100896433776514], [-0.17287132184969767, 0.3982459782462496, 0.17558525295779734], [0.06038233275226425, 0.1717735025568094, 0.1180357517780181], [-0.011050450194099658, -0.03787561429147362, 0.00288821138951198], [0.07765056639455037, -0.4678930111751502, -0.26992369680899836], [-0.026333489195805505, -0.03328007563136352, -0.15716287912107865], [0.00348115885924883, -0.18732282616604343, -0.45973544256062504], [-0.08691550087927398, -0.49082894068675653, 0.1500608238038351]], "net.0.bias": [-0.04999998226644156, -0.06081037232350361, -0.01990724807004976, 0.04236281708522723, -0.04887822673305577, -0.20784176476090657, -0.049999994459467206, -0.08577172854148318, -0.00969412212628079], "net.2.weight": [[0.0941113329634864, -0.02329849351427926, 0.24011679704340863, -0.12167431584795034, -0.060622874180912285, 0.05423036851875093, 0.026286354485975424, 0.04314161611341272, -0.018481236391151366], [0.06209264291125584, -0.025326947488353548, -0.22332001306968366, 0.017160407707034482, 0.13566907426172636, 0.02805719693404925, 0.00394364078849084, -0.047227557938232544, 0.2125882426182958], [-0.05248222428842548, -0.01834492683454489, -0.050353671202400245, 0.10538913650570628, 0.13866767658492907, -0.08333518561217045, -0.028924141708067362, 0.09267163245307736, -0.14441218035072595]], "net.2.bias": [-0.2837771945822284, 0.06381131535095722, 0.2786424918196434]}