{"net.0.weight": [[-0.20160809015120387, -0.14371913811594322, 0.06721988074281557], [-0.02111474101825641, -0.17435810845592034, -0.035100896433776514], [-0.1771595552440398, 0.41066484644926315, 0.1701163695549014], [0.056530534547394685, 0.1759320572354009, 0.12036397460585788], [-0.011050450194099658, -0.03787561429147362, 0.00288821138951198], [0.079239048519832, -0.4713959322999122, -0.2670979273110079], [-0.026333489195805505, -0.03328007563136352, -0.15716287912107865], [0.00348115885924883, -0.18732282616604343, -0.45973544256062504], [-0.09197930080355403, -0.48300252963300366, 0.1510847316993579]], "net.0.bias": [-0.04999998226644156, -0.06081037232350361, -0.023951821058236247, 0.04087240305101805, -0.04887822673305577, -0.20676211829604738, -0.049999994459467206, -0.08577172854148318, -0.010729727862339236], "net.2.weight": [[0.0941113329634864, -0.02329849351427926, 0.23944751282603258, -0.12146233168793319, -0.060622874180912285, 0.054719113914275794, 0.026286354485975424, 0.04314161611341272, -0.013168665344225691], [0.06209264291125584, -0.025326947488353548, -0.22416694229094544, 0.014678399492813318, 0.13566907426172636, 0.02688358314367542, 0.00394364078849084, -0.047227557938232544, 0.20509579511804393], [-0.05248222428842548, -0.01834492683454489, -0.047483369760240035, 0.10505428882739141, 0.13866767658492907, -0.08405806119116142, -0.028924141708067362, 0.09267163245307736, -0.14429691753820603]], "net.2.bias": [-0.2891576802496386, 0.06883641124778604, 0.28418800031768415]}