{"net.0.weight": [[-0.20160809015120387, -0.14371913811594322, 0.06721988074281557], [-0.02111474101825641, -0.17435810845592034, -0.035100896433776514], [-0.17031941458024272, 0.4339737300790499, 0.17513358722646113], [0.049120757228300484, 0.17465939037260134, 0.11546169509007109], [-0.011050450194099658, -0.03787561429147362, 0.00288821138951198], [0.07979171886458476, -0.47675287008636436, -0.27014987360576725], [-0.026333489195805505, -0.03328007563136352, -0.15716287912107865], [0.00348115885924883, -0.18732282616604343, -0.45973544256062504], [-0.09150770601978384, -0.4710208913888224, 0.1584637709483141]], "net.0.bias": [-0.04999998226644156, -0.06081037232350361, -0.017281542075332793, 0.03496484476754294, -0.04887822673305577, -0.20707724620976845, -0.049999994459467206, -0.08577172854148318, -0.006115985296354558], "net.2.weight": [[0.0941113329634864, -0.02329849351427926, 0.24607970546782684, -0.1173721286438236, -0.060622874180912285, 0.05716735576713335, 0.026286354485975424, 0.04314161611341272, 0.0005428298136188159], [0.06209264291125584, -0.025326947488353548, -0.2233336859830988, 0.016023855005244825, 0.13566907426172636, 0.02563914328071263, 0.00394364078849084, -0.047227557938232544, 0.2025394460528518], [-0.05248222428842548, -0.01834492683454489, -0.051627931422066585, 0.09997164481650922, 0.13866767658492907, -0.08625467460974419, -0.028924141708067362, 0.09267163245307736, -0.14708219940986553]], "net.2.bias": [-0.29092566051654256, 0.0786726441595519, 0.28576721821721435]}