{"net.0.weight": [[-0.20160809015120387, -0.14371913811594322, 0.06721988074281557], [-0.02111474101825641, -0.17435810845592034, -0.035100896433776514], [-0.17101414670251178, 0.4512599953691769, 0.1752744331960908], [0.04843906972677935, 0.18267093403274928, 0.1192757852637307], [-0.011050450194099658, -0.03787561429147362, 0.00288821138951198], [0.07839561649998539, -0.4846845964123319, -0.2711120638280546], [-0.026333489195805505, -0.03328007563136352, -0.15716287912107865], [0.00348115885924883, -0.18732282616604343, -0.45973544256062504], [-0.09535688161597564, -0.4635123400825802, 0.16817781055934058]], "net.0.bias": [-0.04999998226644156, -0.06081037232350361, -0.016882106529922485, 0.036262534948578784, -0.04887822673305577, -0.20899276701597508, -0.049999994459467206, -0.08577172854148318, -0.002560675278485157], "net.2.weight": [[0.0941113329634864, -0.02329849351427926, 0.2494518184224589, -0.11687056471577174, -0.060622874180912285, 0.05531957599072598, 0.026286354485975424, 0.04314161611341272, 0.002987842851740744], [0.06209264291125584, -0.025326947488353548, -0.22251963290519064, 0.015206521645599004, 0.13566907426172636, 0.026315722075607086, 0.00394364078849084, -0.047227557938232544, 0.19048702439982113], [-0.05248222428842548, -0.01834492683454489, -0.04991759358894287, 0.09918419081283034, 0.13866767658492907, -0.08466406259823686, -0.028924141708067362, 0.09267163245307736, -0.16283466304203006]], "net.2.bias": [-0.29947234428263514, 0.0856539210084662, 0.292225332108399]}