{"net.0.weight": [[-0.20160809015120387, -0.14371913811594322, 0.06721988074281557], [-0.02111474101825641, -0.17435810845592034, -0.035100896433776514], [-0.1790906929795564, 0.45761343897455165, 0.16725176776809753], [0.05167976029750636, 0.1938854631108459, 0.1279087364241317], [-0.011050450194099658, -0.03787561429147362, 0.00288821138951198], [0.0775032261715067, -0.4909837425008871, -0.274287321251786], [-0.026333489195805505, -0.03328007563136352, -0.15716287912107865], [0.00348115885924883, -0.18732282616604343, -0.45973544256062504], [-0.10825643703474627, -0.4621599288848314, 0.1608971322705525]], "net.0.bias": [-0.04999998226644156, -0.06081037232350361, -0.024438395831805793, 0.04160515395963744, -0.04887822673305577, -0.21048433131130334, -0.049999994459467206, -0.08577172854148318, -0.011994548928757032], "net.2.weight": [[0.0941113329634864, -0.02329849351427926, 0.2485782310705607, -0.12160397279628307, -0.060622874180912285, 0.05536233326406618, 0.026286354485975424, 0.04314161611341272, 0.013319579948425512], [0.06209264291125584, -0.025326947488353548, -0.22464810362166118, 0.015236247617240841, 0.13566907426172636, 0.024147028365368577, 0.00394364078849084, -0.047227557938232544, 0.1822909327962089], [-0.05248222428842548, -0.01834492683454489, -0.04254107648979216, 0.10660971056880572, 0.13866767658492907, -0.08628832433417365, -0.028924141708067362, 0.09267163245307736, -0.15073597702636657]], "net.2.bias": [-0.3105764069983247, 0.09410096754276721, 0.30482564736134493]}