{"net.0.weight": [[-0.20160809015120387, -0.14371913811594322, 0.06721988074281557], [-0.02111474101825641, -0.17435810845592034, -0.035100896433776514], [-0.1725602032135675, 0.4991104079185044, 0.16762486244540395], [0.04179329262014807, 0.19640211585590373, 0.125603390823974], [-0.011050450194099658, -0.03787561429147362, 0.00288821138951198], [0.0730994834071281, -0.5042615214108349, -0.2738227973712632], [-0.026333489195805505, -0.03328007563136352, -0.15716287912107865], [0.00348115885924883, -0.18732282616604343, -0.45973544256062504], [-0.11407926823211417, -0.4467405846612914, 0.1733295574535613]], "net.0.bias": [-0.04999998226644156, -0.06081037232350361, -0.019668372371654058, 0.0352838765826625, -0.04887822673305577, -0.21551792836492903, -0.049999994459467206, -0.08577172854148318, -0.007455309214486783], "net.2.weight": [[0.0941113329634864, -0.02329849351427926, 0.2562314075258979, -0.11824375791072925, -0.060622874180912285, 0.05118805798103, 0.026286354485975424, 0.04314161611341272, 0.019745982395399868], [0.06209264291125584, -0.025326947488353548, -0.22062815734246238, 0.014584241205414652, 0.13566907426172636, 0.031193326534511887, 0.00394364078849084, -0.047227557938232544, 0.17797430606269504], [-0.05248222428842548, -0.01834492683454489, -0.04468708939105437, 0.09849088223344826, 0.13866767658492907, -0.08030230960646906, -0.028924141708067362, 0.09267163245307736, -0.15912093862746352]], "net.2.bias": [-0.3218015076705387, 0.11330296852409014, 0.31077554467502777]}