{"net.0.weight": [[-0.20160809015120387, -0.14371913811594322, 0.06721988074281557], [-0.02111474101825641, -0.17435810845592034, -0.035100896433776514], [-0.17943362433167018, 0.5060002201394957, 0.15954395251449602], [0.04577304454342104, 0.2068796348200055, 0.13164232525510253], [-0.011050450194099658, -0.03787561429147362, 0.00288821138951198], [0.06834036607220782, -0.511783082009396, -0.2757252758736959], [-0.026333489195805505, -0.03328007563136352, -0.15716287912107865], [0.00348115885924883, -0.18732282616604343, -0.45973544256062504], [-0.12303465392041198, -0.4440473406253649, 0.17293935777507652]], "net.0.bias": [-0.04999998226644156, -0.06081037232350361, -0.026331980920339722, 0.040521878685672, -0.04887822673305577, -0.22041691776606198, -0.049999994459467206, -0.08577172854148318, -0.011396666822614018], "net.2.weight": [[0.0941113329634864, -0.02329849351427926, 0.2486961510103118, -0.12446047938069119, -0.060622874180912285, 0.04959308452783985, 0.026286354485975424, 0.04314161611341272, 0.02993703240777649], [0.06209264291125584, -0.025326947488353548, -0.2324469580094, 0.01546394871104067, 0.13566907426172636, 0.03604101315581847, 0.00394364078849084, -0.047227557938232544, 0.1665863439802295], [-0.05248222428842548, -0.01834492683454489, -0.04560331896733715, 0.10496787758737931, 0.13866767658492907, -0.07440884940736896, -0.028924141708067362, 0.09267163245307736, -0.161854861327377]], "net.2.bias": [-0.33374299036591737, 0.12442379499739603, 0.32340188355015487]}