{"net.0.weight": [[-0.20160809015120387, -0.14371913811594322, 0.06721988074281557], [-0.02111474101825641, -0.17435810845592034, -0.035100896433776514], [-0.17930869209557188, 0.5395440503966197, 0.15888818368703336], [0.04398540557246422, 0.2196265639851342, 0.13491821741420398], [-0.011050450194099658, -0.03787561429147362, 0.00288821138951198], [0.0665089329109566, -0.5251822903314657, -0.2798176164800142], [-0.026333489195805505, -0.03328007563136352, -0.15716287912107865], [0.00348115885924883, -0.18732282616604343, -0.45973544256062504], [-0.13183050942305397, -0.42526678943852236, 0.18596285783312225]], "net.0.bias": [-0.04999998226644156, -0.06081037232350361, -0.0249380562338, 0.041588417943197495, -0.04887822673305577, -0.2234406754259226, -0.049999994459467206, -0.08577172854148318, -0.007709103280631588], "net.2.weight": [[0.0941113329634864, -0.02329849351427926, 0.260638264463826, -0.12476128528674911, -0.060622874180912285, 0.048899578481370276, 0.026286354485975424, 0.04314161611341272, 0.04730589925448884], [0.06209264291125584, -0.025326947488353548, -0.22467733364039624, 0.016850244050928564, 0.13566907426172636, 0.032313056129588034, 0.00394364078849084, -0.047227557938232544, 0.14481473609914333], [-0.05248222428842548, -0.01834492683454489, -0.045143142778376846, 0.10362038233082059, 0.13866767658492907, -0.07995982210301575, -0.028924141708067362, 0.09267163245307736, -0.1794959109899971]], "net.2.bias": [-0.35178487233897565, 0.14175818966765985, 0.3352337838464457]}