{"net.0.weight": [[-0.20160809015120387, -0.14371913811594322, 0.06721988074281557], [-0.02111474101825641, -0.17435810845592034, -0.035100896433776514], [-0.14563233913643936, 0.06223375686366235, 0.157846270534078], [0.1047666485479253, 0.08201207129441879, 0.05274068861298989], [-0.011050450194099658, -0.03787561429147362, 0.00288821138951198], [0.1313914659116603, -0.33893139037616454, -0.23050455379078538], [-0.026333489195805505, -0.03328007563136352, -0.15716287912107865], [0.034524006107613275, -0.10936188422421687, -0.30757050187766916], [-0.012510328433182623, -0.09466087348887313, 0.023004257443556997]], "net.0.bias": [-0.04999998226644156, -0.06081037232350361, -0.024057265248504454, 0.03984925639582366, -0.04887822673305577, -0.14378896325431587, -0.049999994459467206, -0.042545676808347775, -0.026840818410460005], "net.2.weight": [[0.0941113329634864, -0.02329849351427926, 0.19607733013749168, -0.11172018446635947, -0.060622874180912285, 0.025311063067478646, 0.026286354485975424, 0.06368616526074194, -0.03217450173916575], [0.06209264291125584, -0.025326947488353548, -0.07642243031250341, -0.0058423761283676445, 0.13566907426172636, 0.05134681305835271, 0.00394364078849084, -0.04805900221335187, 0.011407909989370638], [-0.05248222428842548, -0.01834492683454489, -0.11821024731743408, 0.11692382175281649, 0.13866767658492907, -0.06913793569560572, -0.028924141708067362, 0.012316183142988352, 0.03424294578999176]], "net.2.bias": [-0.15419772532917875, -0.05060044956521684, 0.1503646220658131]}