{"net.0.weight": [[-0.20160809015120387, -0.14371913811594322, 0.06721988074281557], [-0.02111474101825641, -0.17435810845592034, -0.035100896433776514], [-0.18071888695898883, 0.5566666388006203, 0.15616136972540667], [0.04314789237532279, 0.2250800862915339, 0.13671596611720183], [-0.011050450194099658, -0.03787561429147362, 0.00288821138951198], [0.06753716811588578, -0.5312700563570527, -0.27983839365234287], [-0.026333489195805505, -0.03328007563136352, -0.15716287912107865], [0.00348115885924883, -0.18732282616604343, -0.45973544256062504], [-0.14196052383204016, -0.42339503296699715, 0.18789601464917963]], "net.0.bias": [-0.04999998226644156, -0.06081037232350361, -0.02595289918259205, 0.04194839738410029, -0.04887822673305577, -0.22291610862970843, -0.049999994459467206, -0.08577172854148318, -0.010646118098507337], "net.2.weight": [[0.0941113329634864, -0.02329849351427926, 0.262922369111487, -0.12438099514869132, -0.060622874180912285, 0.04926704154100189, 0.026286354485975424, 0.04314161611341272, 0.05038167163123849], [0.06209264291125584, -0.025326947488353548, -0.22723268187246823, 0.014273671254782797, 0.13566907426172636, 0.03365063331434503, 0.00394364078849084, -0.047227557938232544, 0.1403854872437033], [-0.05248222428842548, -0.01834492683454489, -0.040869747094830336, 0.10264897333873026, 0.13866767658492907, -0.079538045495594, -0.028924141708067362, 0.09267163245307736, -0.18536171814165403]], "net.2.bias": [-0.3600479658653586, 0.1491983935499412, 0.340849461470106]}