{"net.0.weight": [[-0.20160809015120387, -0.14371913811594322, 0.06721988074281557], [-0.02111474101825641, -0.17435810845592034, -0.035100896433776514], [-0.18174631022459536, 0.5672850378209914, 0.151817812824411], [0.03806809013619435, 0.2258001493138226, 0.13480191753355197], [-0.011050450194099658, -0.03787561429147362, 0.00288821138951198], [0.06667591249678385, -0.536866665540066, -0.2826578608852786], [-0.026333489195805505, -0.03328007563136352, -0.15716287912107865], [0.00348115885924883, -0.18732282616604343, -0.45973544256062504], [-0.14572048937593904, -0.4155063147600511, 0.18745441373386773]], "net.0.bias": [-0.04999998226644156, -0.06081037232350361, -0.028185102416515347, 0.03853001356310616, -0.04887822673305577, -0.22437052986184558, -0.049999994459467206, -0.08577172854148318, -0.012344606452061382], "net.2.weight": [[0.0941113329634864, -0.02329849351427926, 0.2622552911207828, -0.1253019412429885, -0.060622874180912285, 0.054166212257435606, 0.026286354485975424, 0.04314161611341272, 0.06776065865573559], [0.06209264291125584, -0.025326947488353548, -0.23347788421466611, 0.01273753705683297, 0.13566907426172636, 0.033119775960977066, 0.00394364078849084, -0.047227557938232544, 0.13757130347216695], [-0.05248222428842548, -0.01834492683454489, -0.04920030273661284, 0.10267091087168281, 0.13866767658492907, -0.08178057559305785, -0.028924141708067362, 0.09267163245307736, -0.1816265454334166]], "net.2.bias": [-0.3653358919135453, 0.15969810830929249, 0.34657854749519357]}