{"net.0.weight": [[-0.20160809015120387, -0.14371913811594322, 0.06721988074281557], [-0.02111474101825641, -0.17435810845592034, -0.035100896433776514], [-0.18246218391220337, 0.5822455788612866, 0.14975423161394244], [0.039354142450471495, 0.2345129608064692, 0.13808381488059698], [-0.011050450194099658, -0.03787561429147362, 0.00288821138951198], [0.06493632703876487, -0.545307863652344, -0.2841449355949931], [-0.026333489195805505, -0.03328007563136352, -0.15716287912107865], [0.00348115885924883, -0.18732282616604343, -0.45973544256062504], [-0.15109080491431343, -0.407477901161086, 0.1928931382317135]], "net.0.bias": [-0.04999998226644156, -0.06081037232350361, -0.028534043888994786, 0.040922408029269566, -0.04887822673305577, -0.22654976695884582, -0.049999994459467206, -0.08577172854148318, -0.011089125217687536], "net.2.weight": [[0.0941113329634864, -0.02329849351427926, 0.2683063082173129, -0.12567693506117117, -0.060622874180912285, 0.04768738076719496, 0.026286354485975424, 0.04314161611341272, 0.07043090149798992], [0.06209264291125584, -0.025326947488353548, -0.22785790038007592, 0.015171795846437115, 0.13566907426172636, 0.03542754161238342, 0.00394364078849084, -0.047227557938232544, 0.12463336467152464], [-0.05248222428842548, -0.01834492683454489, -0.0440266101490878, 0.1031096281867533, 0.13866767658492907, -0.08129235878007865, -0.028924141708067362, 0.09267163245307736, -0.18818251362045027]], "net.2.bias": [-0.3755835733719396, 0.17091293972189125, 0.35322636484299064]}