{"net.0.weight": [[-0.20160809015120387, -0.14371913811594322, 0.06721988074281557], [-0.02111474101825641, -0.17435810845592034, -0.035100896433776514], [-0.17636210620180665, 0.6015549569905454, 0.15184625363810367], [0.03144093499254048, 0.2331045026397581, 0.1321936399124322], [-0.011050450194099658, -0.03787561429147362, 0.00288821138951198], [0.06753354278169409, -0.5493277864518791, -0.28347970223470803], [-0.026333489195805505, -0.03328007563136352, -0.15716287912107865], [0.00348115885924883, -0.18732282616604343, -0.45973544256062504], [-0.15112479572173293, -0.39602191971797623, 0.20000916651883294]], "net.0.bias": [-0.04999998226644156, -0.06081037232350361, -0.02334163774131491, 0.03418248828908216, -0.04887822673305577, -0.22458993072340633, -0.049999994459467206, -0.08577172854148318, -0.0065390676675420875], "net.2.weight": [[0.0941113329634864, -0.02329849351427926, 0.27012870320205656, -0.121243347639027, -0.060622874180912285, 0.05240203175922562, 0.026286354485975424, 0.04314161611341272, 0.08709585183145048], [0.06209264291125584, -0.025326947488353548, -0.23303891638772997, 0.012620025407123116, 0.13566907426172636, 0.03221250957663485, 0.00394364078849084, -0.047227557938232544, 0.1293608950933626], [-0.05248222428842548, -0.01834492683454489, -0.05187453008809214, 0.09846481781900741, 0.13866767658492907, -0.0845806525588999, -0.028924141708067362, 0.09267163245307736, -0.18952134989957528]], "net.2.bias": [-0.3771286416852297, 0.17749916119285306, 0.35449897763208477]}