{"net.0.weight": [[-0.20160809015120387, -0.14371913811594322, 0.06721988074281557], [-0.02111474101825641, -0.17435810845592034, -0.035100896433776514], [-0.1769687529263084, 0.6166489365573432, 0.1504907238110263], [0.03357096071860558, 0.2408176093573106, 0.13271824528658835], [-0.011050450194099658, -0.03787561429147362, 0.00288821138951198], [0.06657871400835165, -0.55653524608088, -0.2826295072630823], [-0.026333489195805505, -0.03328007563136352, -0.15716287912107865], [0.00348115885924883, -0.18732282616604343, -0.45973544256062504], [-0.15590706925052322, -0.3875143696101933, 0.20745898077519334]], "net.0.bias": [-0.04999998226644156, -0.06081037232350361, -0.02310456485053516, 0.036380732862217706, -0.04887822673305577, -0.22581750038126888, -0.049999994459467206, -0.08577172854148318, -0.0037681948041217335], "net.2.weight": [[0.0941113329634864, -0.02329849351427926, 0.2775698636566717, -0.11985755015482556, -0.060622874180912285, 0.046324486793841796, 0.026286354485975424, 0.04314161611341272, 0.09656625975257689], [0.06209264291125584, -0.025326947488353548, -0.2273516871748268, 0.01629184486816642, 0.13566907426172636, 0.033825183641721615, 0.00394364078849084, -0.047227557938232544, 0.12459770368987554], [-0.05248222428842548, -0.01834492683454489, -0.047361048015155845, 0.09817175619289363, 0.13866767658492907, -0.08184115699620882, -0.028924141708067362, 0.09267163245307736, -0.20003391381546173]], "net.2.bias": [-0.38639975451165787, 0.18927700626123453, 0.36103309269516354]}