{"net.0.weight": [[-0.20160809015120387, -0.14371913811594322, 0.06721988074281557], [-0.02111474101825641, -0.17435810845592034, -0.035100896433776514], [-0.1827543477540777, 0.6228651024433998, 0.14144208251845355], [0.03610597213609318, 0.25048170007570286, 0.13743303757707853], [-0.011050450194099658, -0.03787561429147362, 0.00288821138951198], [0.06341826237351625, -0.5657527568947185, -0.2847957487768777], [-0.026333489195805505, -0.03328007563136352, -0.15716287912107865], [0.00348115885924883, -0.18732282616604343, -0.45973544256062504], [-0.1677403962730229, -0.3856425586045522, 0.20075027253075875]], "net.0.bias": [-0.04999998226644156, -0.06081037232350361, -0.029579132089211407, 0.040032402578444704, -0.04887822673305577, -0.22930995859730352, -0.049999994459467206, -0.08577172854148318, -0.011927478538077017], "net.2.weight": [[0.0941113329634864, -0.02329849351427926, 0.27197140795998526, -0.12534103806938537, -0.060622874180912285, 0.044868452108674295, 0.026286354485975424, 0.04314161611341272, 0.09700073213746027], [0.06209264291125584, -0.025326947488353548, -0.23759112747843217, 0.014386871271300864, 0.13566907426172636, 0.03539311128941833, 0.00394364078849084, -0.047227557938232544, 0.1108814794001946], [-0.05248222428842548, -0.01834492683454489, -0.04387179732400625, 0.10385194123964946, 0.13866767658492907, -0.07999277389384536, -0.028924141708067362, 0.09267163245307736, -0.19004628782155136]], "net.2.bias": [-0.39734597525166876, 0.19793825220422656, 0.37154239849306625]}