{"net.0.weight": [[-0.20160809015120387, -0.14371913811594322, 0.06721988074281557], [-0.02111474101825641, -0.17435810845592034, -0.035100896433776514], [-0.18387786551108615, 0.6462415400002544, 0.13414406691101488], [0.0311050877272284, 0.26053917634531226, 0.13780880602799028], [-0.011050450194099658, -0.03787561429147362, 0.00288821138951198], [0.06222489943283247, -0.5770627488533874, -0.2805260486488271], [-0.026333489195805505, -0.03328007563136352, -0.15716287912107865], [0.00348115885924883, -0.18732282616604343, -0.45973544256062504], [-0.17277396077435056, -0.36291066395909655, 0.20679405746471696]], "net.0.bias": [-0.04999998226644156, -0.06081037232350361, -0.032330057407323795, 0.03791050636374577, -0.04887822673305577, -0.23109529996598832, -0.049999994459467206, -0.08577172854148318, -0.010161401692220223], "net.2.weight": [[0.0941113329634864, -0.02329849351427926, 0.28038095348890407, -0.1263726332175548, -0.060622874180912285, 0.04343505603326559, 0.026286354485975424, 0.04314161611341272, 0.10569275977908177], [0.06209264291125584, -0.025326947488353548, -0.2360631769410085, 0.014239730560964071, 0.13566907426172636, 0.039322474776365246, 0.00394364078849084, -0.047227557938232544, 0.09635516053535333], [-0.05248222428842548, -0.01834492683454489, -0.041562857882686884, 0.10398877487962059, 0.13866767658492907, -0.07959460593800101, -0.028924141708067362, 0.09267163245307736, -0.19220919807558573]], "net.2.bias": [-0.41286883735455904, 0.21650371499176638, 0.38261763629715967]}