{"net.0.weight": [[-0.20160809015120387, -0.14371913811594322, 0.06721988074281557], [-0.02111474101825641, -0.17435810845592034, -0.035100896433776514], [-0.18370274879471057, 0.6585581198686798, 0.134929206049133], [0.03335783227784696, 0.26921170363647445, 0.13780560572720119], [-0.011050450194099658, -0.03787561429147362, 0.00288821138951198], [0.059645213002241994, -0.585901678420844, -0.27847824047693653], [-0.026333489195805505, -0.03328007563136352, -0.15716287912107865], [0.00348115885924883, -0.18732282616604343, -0.45973544256062504], [-0.17903136985993243, -0.35561984383505574, 0.2120040663820254]], "net.0.bias": [-0.04999998226644156, -0.06081037232350361, -0.03047154479868867, 0.0399903444292407, -0.04887822673305577, -0.23382916164716014, -0.049999994459467206, -0.08577172854148318, -0.008598678602618802], "net.2.weight": [[0.0941113329634864, -0.02329849351427926, 0.2836493065782581, -0.12591871839751664, -0.060622874180912285, 0.03828729328648353, 0.026286354485975424, 0.04314161611341272, 0.1172609166585309], [0.06209264291125584, -0.025326947488353548, -0.23843050108510602, 0.01655797486611032, 0.13566907426172636, 0.038816662160904826, 0.00394364078849084, -0.047227557938232544, 0.09105407140546082], [-0.05248222428842548, -0.01834492683454489, -0.037278206743458144, 0.10302791228277305, 0.13866767658492907, -0.07540999054996989, -0.028924141708067362, 0.09267163245307736, -0.19579142474618053]], "net.2.bias": [-0.42329142421687294, 0.2267623117150703, 0.38882790185411065]}