{"net.0.weight": [[-0.20160809015120387, -0.14371913811594322, 0.06721988074281557], [-0.02111474101825641, -0.17435810845592034, -0.035100896433776514], [-0.13936949065306023, 0.10541004396931157, 0.16895632620165107], [0.09585712097029118, 0.08371618505272263, 0.05412373373620528], [-0.011050450194099658, -0.03787561429147362, 0.00288821138951198], [0.13510312479560166, -0.3421792735333315, -0.2280715044762631], [-0.026333489195805505, -0.03328007563136352, -0.15716287912107865], [0.04241167309654683, -0.11464997608298823, -0.3329258894687206], [-0.013275544213988744, -0.10242724322879629, 0.01992443434258791]], "net.0.bias": [-0.04999998226644156, -0.06081037232350361, -0.014221033385337391, 0.03515082281746118, -0.04887822673305577, -0.14143334938004953, -0.049999994459467206, -0.03787086558082061, -0.02905740866065233], "net.2.weight": [[0.0941113329634864, -0.02329849351427926, 0.19558861044309753, -0.10402088592478914, -0.060622874180912285, 0.03063272513528104, 0.026286354485975424, 0.07754083963560994, -0.04069159959870536], [0.06209264291125584, -0.025326947488353548, -0.08318008529261645, -0.00673254454140966, 0.13566907426172636, 0.04653824137338965, 0.00394364078849084, -0.06839846830272352, 0.017208434984086533], [-0.05248222428842548, -0.01834492683454489, -0.12779531450290027, 0.11158716197875808, 0.13866767658492907, -0.08114244804690778, -0.028924141708067362, 0.007622734546389558, 0.029891094925262568]], "net.2.bias": [-0.15551968041607908, -0.04938757279976791, 0.15655383518903132]}