{"net.0.weight": [[-0.20160809015120387, -0.14371913811594322, 0.06721988074281557], [-0.02111474101825641, -0.17435810845592034, -0.035100896433776514], [-0.18178600989215954, 0.6832107843235555, 0.13278766259266797], [0.02268251075938173, 0.2728341263288398, 0.13055675213706933], [-0.011050450194099658, -0.03787561429147362, 0.00288821138951198], [0.07069858397725617, -0.5849752652613451, -0.2592637146567069], [-0.026333489195805505, -0.03328007563136352, -0.15716287912107865], [0.00348115885924883, -0.18732282616604343, -0.45973544256062504], [-0.18444506836750071, -0.3294154973763808, 0.21693350512800816]], "net.0.bias": [-0.04999998226644156, -0.06081037232350361, -0.0285838584242495, 0.03129813360724696, -0.04887822673305577, -0.22316248319678925, -0.049999994459467206, -0.08577172854148318, -0.0061853225629316545], "net.2.weight": [[0.0941113329634864, -0.02329849351427926, 0.28895867681268417, -0.12087859549048949, -0.060622874180912285, 0.04821615129565415, 0.026286354485975424, 0.04314161611341272, 0.13109570045296293], [0.06209264291125584, -0.025326947488353548, -0.24383335072609724, 0.010169768098819486, 0.13566907426172636, 0.025633680092114416, 0.00394364078849084, -0.047227557938232544, 0.07383736362847827], [-0.05248222428842548, -0.01834492683454489, -0.04463399941131548, 0.0975012867244442, 0.13866767658492907, -0.08709078453521073, -0.028924141708067362, 0.09267163245307736, -0.18593505583691855]], "net.2.bias": [-0.43208282671471754, 0.2337969317172933, 0.39321316330637834]}