{"net.0.weight": [[-0.20160809015120387, -0.14371913811594322, 0.06721988074281557], [-0.02111474101825641, -0.17435810845592034, -0.035100896433776514], [-0.15181345879408192, 0.1550816605210125, 0.16655537422546646], [0.09364637982314943, 0.09553558180207913, 0.06697926195143696], [-0.011050450194099658, -0.03787561429147362, 0.00288821138951198], [0.12526531304061642, -0.3543433470128886, -0.22599729354933676], [-0.026333489195805505, -0.03328007563136352, -0.15716287912107865], [0.04354185460977898, -0.12840227544045818, -0.36595629163860693], [-0.007357828810904745, -0.15382855504224444, 0.033682414953988576]], "net.0.bias": [-0.04999998226644156, -0.06081037232350361, -0.020224640092536543, 0.03940678796387517, -0.04887822673305577, -0.15092478503675275, -0.049999994459467206, -0.0402386140957606, -0.022018620872339793], "net.2.weight": [[0.0941113329634864, -0.02329849351427926, 0.19203907931020353, -0.10749490545496952, -0.060622874180912285, 0.025427005558964287, 0.026286354485975424, 0.07979894492369623, -0.02865917733600548], [0.06209264291125584, -0.025326947488353548, -0.09584461332813315, -0.004712539696045847, 0.13566907426172636, 0.050896058695690416, 0.00394364078849084, -0.08009864352933269, 0.057037836878127995], [-0.05248222428842548, -0.01834492683454489, -0.11173446441996596, 0.11099314185877672, 0.13866767658492907, -0.08006899061386519, -0.028924141708067362, 0.03394600220474803, 0.0006144030851686093]], "net.2.bias": [-0.17693476849486123, -0.041358236255326766, 0.17626371498228852]}