{"net.0.weight": [[-0.20160809015120387, -0.14371913811594322, 0.06721988074281557], [-0.02111474101825641, -0.17435810845592034, -0.035100896433776514], [-0.14959073992899774, 0.20978495701219632, 0.17625752502492045], [0.08619793302934224, 0.10386520744380094, 0.07182683468679553], [-0.011050450194099658, -0.03787561429147362, 0.00288821138951198], [0.11771516205519539, -0.3707191616464895, -0.2278261695007272], [-0.026333489195805505, -0.03328007563136352, -0.15716287912107865], [0.04237091487591208, -0.1382906998403414, -0.3911106086542604], [-0.025790070449452404, -0.3347302314217051, 0.08527994861399056]], "net.0.bias": [-0.04999998226644156, -0.06081037232350361, -0.0125860167879213, 0.037662477794846126, -0.04887822673305577, -0.15949635902323978, -0.049999994459467206, -0.043908411103004204, -0.015736173952326175], "net.2.weight": [[0.0941113329634864, -0.02329849351427926, 0.2109672801904566, -0.10793547560726033, -0.060622874180912285, 0.0298590627945542, 0.026286354485975424, 0.08276028630061816, -0.038623236414708495], [0.06209264291125584, -0.025326947488353548, -0.13003589108584668, 0.005782207949295023, 0.13566907426172636, 0.0471871675531513, 0.00394364078849084, -0.0781777829360349, 0.1673192947843887], [-0.05248222428842548, -0.01834492683454489, -0.10420262965441766, 0.10814065211612323, 0.13866767658492907, -0.08509952212596837, -0.028924141708067362, 0.04346847650973441, -0.034954508165701004]], "net.2.bias": [-0.19014892596142494, -0.022827471384160213, 0.1899691850554693]}