{"net.0.weight": [[-0.20160809015120387, -0.14371913811594322, 0.06721988074281557], [-0.02111474101825641, -0.17435810845592034, -0.035100896433776514], [-0.15037525267971377, 0.22969215908760893, 0.18108048292642598], [0.08396641160398821, 0.11157710841342515, 0.07613937508630204], [-0.011050450194099658, -0.03787561429147362, 0.00288821138951198], [0.11113164548986788, -0.38282931944606385, -0.23150275914059623], [-0.026333489195805505, -0.03328007563136352, -0.15716287912107865], [0.03661205010038273, -0.14475695255026094, -0.3971374681814641], [-0.04318502343006057, -0.41111959482147264, 0.09438221204881413]], "net.0.bias": [-0.04999998226644156, -0.06081037232350361, -0.010134338870600841, 0.03822730168517235, -0.04887822673305577, -0.16649222393930146, -0.049999994459467206, -0.049930121628074885, -0.02078325252009216], "net.2.weight": [[0.0941113329634864, -0.02329849351427926, 0.21010811846215913, -0.1096074503051925, -0.060622874180912285, 0.03288348794081021, 0.026286354485975424, 0.08073251085336294, -0.048825360321605546], [0.06209264291125584, -0.025326947488353548, -0.16775025935265162, 0.003718702274536671, 0.13566907426172636, 0.048212688368319254, 0.00394364078849084, -0.07062341269431452, 0.209883392030201], [-0.05248222428842548, -0.01834492683454489, -0.09669606000512147, 0.10712795157459563, 0.13866767658492907, -0.084232614474599, -0.028924141708067362, 0.05088583228886945, -0.05187666812188698]], "net.2.bias": [-0.2003779732058765, -0.020996792039727066, 0.1979429696815074]}