{"net.0.weight": [[-0.20160809015120387, -0.14371913811594322, 0.06721988074281557], [-0.02111474101825641, -0.17435810845592034, -0.035100896433776514], [-0.15573431026475476, 0.23911686915105992, 0.1786717971160703], [0.07718722814238614, 0.11663079198526571, 0.080290953942555], [-0.011050450194099658, -0.03787561429147362, 0.00288821138951198], [0.11543111336987671, -0.3856623019942232, -0.22843777517410221], [-0.026333489195805505, -0.03328007563136352, -0.15716287912107865], [0.041579377030935616, -0.14221928033905287, -0.39939748438275957], [-0.0469376827691164, -0.45704761406772515, 0.10877045411667602]], "net.0.bias": [-0.04999998226644156, -0.06081037232350361, -0.013578994034254228, 0.03528980180928034, -0.04887822673305577, -0.16314739498249478, -0.049999994459467206, -0.045639927055478056, -0.01536019073737491], "net.2.weight": [[0.0941113329634864, -0.02329849351427926, 0.21543354030842224, -0.10861242082775038, -0.060622874180912285, 0.039910867031307244, 0.026286354485975424, 0.0882683542265681, -0.049191785234445694], [0.06209264291125584, -0.025326947488353548, -0.1773847962752942, 0.006974582468866178, 0.13566907426172636, 0.03509576739444522, 0.00394364078849084, -0.07717930144209524, 0.24236832594859722], [-0.05248222428842548, -0.01834492683454489, -0.08411898533331538, 0.10397074541450717, 0.13866767658492907, -0.09479026624851487, -0.028924141708067362, 0.04365636609626683, -0.07379113613324399]], "net.2.bias": [-0.20528846543492596, -0.014424527530085718, 0.20199881772547656]}