{"net.0.weight": [[-0.20160809015120387, -0.14371913811594322, 0.06721988074281557], [-0.02111474101825641, -0.17435810845592034, -0.035100896433776514], [-0.16282453018837392, 0.2740676440333938, 0.17641087570208822], [0.0777071370643075, 0.12987798759493174, 0.09382862100056204], [-0.011050450194099658, -0.03787561429147362, 0.00288821138951198], [0.0985208223746228, -0.41056726813673405, -0.24716733786584932], [-0.026333489195805505, -0.03328007563136352, -0.15716287912107865], [0.03275617508316718, -0.15152860118270642, -0.4110992663895295], [-0.05200700459305038, -0.49862966235550177, 0.11926572001764155]], "net.0.bias": [-0.04999998226644156, -0.06081037232350361, -0.01764625084676952, 0.04144003677771249, -0.04887822673305577, -0.18182458289386974, -0.049999994459467206, -0.05486180822828219, -0.012703675534322794], "net.2.weight": [[0.0941113329634864, -0.02329849351427926, 0.2200208079179678, -0.11438729754992841, -0.060622874180912285, 0.04359222894953698, 0.026286354485975424, 0.08506894339369578, -0.05557273228563793], [0.06209264291125584, -0.025326947488353548, -0.198434558256842, 0.01317542521935505, 0.13566907426172636, 0.037791852074205004, 0.00394364078849084, -0.06010691286708008, 0.263771298829576], [-0.05248222428842548, -0.01834492683454489, -0.0680362810566578, 0.10957370359130346, 0.13866767658492907, -0.08933564539066775, -0.028924141708067362, 0.05803412384283609, -0.09480058537437869]], "net.2.bias": [-0.22357728150152711, 0.0046693506595321494, 0.22401656640578163]}