{"net.0.weight": [[-0.20160809015120387, -0.14371913811594322, 0.06721988074281557], [-0.02111474101825641, -0.17435810845592034, -0.035100896433776514], [-0.1602711955419798, 0.2963875747038409, 0.1774101981910082], [0.07342015168254151, 0.13073727511407784, 0.09518411752907503], [-0.011050450194099658, -0.03787561429147362, 0.00288821138951198], [0.09333205713819488, -0.4195763373230678, -0.2538397724172857], [-0.026333489195805505, -0.03328007563136352, -0.15716287912107865], [0.021747526093408485, -0.16445021508462793, -0.42995037005420966], [-0.051612222028142855, -0.49766690980898115, 0.12180023287692951]], "net.0.bias": [-0.04999998226644156, -0.06081037232350361, -0.015263285002969862, 0.03969574530652554, -0.04887822673305577, -0.1880282037824239, -0.049999994459467206, -0.06644555336835417, -0.010818282475205766], "net.2.weight": [[0.0941113329634864, -0.02329849351427926, 0.2171709731105289, -0.11793512491241563, -0.060622874180912285, 0.04337316045846901, 0.026286354485975424, 0.07925731671866244, -0.05335996984573733], [0.06209264291125584, -0.025326947488353548, -0.2100394388650631, 0.012831343090700876, 0.13566907426172636, 0.04107302867467123, 0.00394364078849084, -0.05591680814970361, 0.2633451383674844], [-0.05248222428842548, -0.01834492683454489, -0.06734613721150869, 0.10639647129281371, 0.13866767658492907, -0.08759279395312532, -0.028924141708067362, 0.06153690404149196, -0.09701152811260459]], "net.2.bias": [-0.23218709153048453, 0.01156421760001673, 0.22897776222167582]}