{"net.0.weight": [[-0.20160809015120387, -0.14371913811594322, 0.06721988074281557], [-0.02111474101825641, -0.17435810845592034, -0.035100896433776514], [-0.16593503954867508, 0.306694086201518, 0.176642637124575], [0.07276423026336874, 0.13932328918139764, 0.10168518911351002], [-0.011050450194099658, -0.03787561429147362, 0.00288821138951198], [0.08886227780770069, -0.4298160483596166, -0.2597741151736249], [-0.026333489195805505, -0.03328007563136352, -0.15716287912107865], [0.025988622055623894, -0.16248970643818744, -0.42858142951529293], [-0.058294294822467035, -0.5017906754640163, 0.12481638853880396]], "net.0.bias": [-0.04999998226644156, -0.06081037232350361, -0.01823919778122246, 0.04185431621658562, -0.04887822673305577, -0.19330648995082192, -0.049999994459467206, -0.062468358689583635, -0.012039369366282516], "net.2.weight": [[0.0941113329634864, -0.02329849351427926, 0.224557731060785, -0.11818769707568426, -0.060622874180912285, 0.044130800343755966, 0.026286354485975424, 0.07689944041332795, -0.047743068113690786], [0.06209264291125584, -0.025326947488353548, -0.2094125600636162, 0.015116529245001238, 0.13566907426172636, 0.03619487097760777, 0.00394364078849084, -0.056312686450454785, 0.2525503465412884], [-0.05248222428842548, -0.01834492683454489, -0.06017863620354236, 0.10747784913172416, 0.13866767658492907, -0.08765942817350988, -0.028924141708067362, 0.06571490412057338, -0.11355166272561724]], "net.2.bias": [-0.24000063762555476, 0.019682454451565034, 0.23781161617346178]}