{"net.0.weight": [[-0.20160809015120387, -0.14371913811594322, 0.06721988074281557], [-0.02111474101825641, -0.17435810845592034, -0.035100896433776514], [-0.1670139784133964, 0.32359289593398705, 0.17872837570066633], [0.07032383105226062, 0.1450475596062161, 0.10456908095279453], [-0.011050450194099658, -0.03787561429147362, 0.00288821138951198], [0.08812881740327093, -0.4348463941557926, -0.25620332887419606], [-0.026333489195805505, -0.03328007563136352, -0.15716287912107865], [0.02843569196612866, -0.16190543304436747, -0.4276831867014131], [-0.06569346997174148, -0.5053146187104444, 0.12865876721803116]], "net.0.bias": [-0.04999998226644156, -0.06081037232350361, -0.017340308480062124, 0.04164031123954102, -0.04887822673305577, -0.19427502370098743, -0.049999994459467206, -0.060244859554291395, -0.01304249628791922], "net.2.weight": [[0.0941113329634864, -0.02329849351427926, 0.22890863545765344, -0.11755770072877364, -0.060622874180912285, 0.04571510691204701, 0.026286354485975424, 0.07383816215495144, -0.04947390639379166], [0.06209264291125584, -0.025326947488353548, -0.21306018132396556, 0.013541069455523882, 0.13566907426172636, 0.035713047195515255, 0.00394364078849084, -0.055551885710855654, 0.2417656383575759], [-0.05248222428842548, -0.01834492683454489, -0.05572372664907463, 0.10601086668464708, 0.13866767658492907, -0.08530512116237268, -0.028924141708067362, 0.07028020128444709, -0.123134057639611]], "net.2.bias": [-0.24716058189780377, 0.024006794002732767, 0.24376835496828056]}