{"net.0.weight": [[-0.20160809015120387, -0.14371913811594322, 0.06721988074281557], [-0.02111474101825641, -0.17435810845592034, -0.035100896433776514], [-0.1688369234170644, 0.3382900587829772, 0.17929572716301892], [0.0699485750351103, 0.1527876506929955, 0.10856686972944396], [-0.011050450194099658, -0.03787561429147362, 0.00288821138951198], [0.08586243897327608, -0.44247161339417473, -0.2572218014476639], [-0.026333489195805505, -0.03328007563136352, -0.15716287912107865], [0.02782677132300978, -0.1647082620712737, -0.4316793558979896], [-0.07196061266920974, -0.5092721351182455, 0.13353058304529883]], "net.0.bias": [-0.04999998226644156, -0.06081037232350361, -0.01764523509135941, 0.043263630320790024, -0.04887822673305577, -0.19697541522276288, -0.049999994459467206, -0.06109513173641245, -0.013461283049969776], "net.2.weight": [[0.0941113329634864, -0.02329849351427926, 0.2340882604111482, -0.11794086475124019, -0.060622874180912285, 0.04352313845016897, 0.026286354485975424, 0.069794467294895, -0.0493577799239441], [0.06209264291125584, -0.025326947488353548, -0.21217699684913763, 0.017372245923842906, 0.13566907426172636, 0.03498761484269439, 0.00394364078849084, -0.05981432202807711, 0.23486821035419125], [-0.05248222428842548, -0.01834492683454489, -0.050339140039220145, 0.10625362371390923, 0.13866767658492907, -0.08356090580212291, -0.028924141708067362, 0.07106387856771053, -0.12987915038119632]], "net.2.bias": [-0.2552144027128828, 0.03350991854155856, 0.25101619294587585]}