{"net.0.weight": [[-0.20160809015120387, -0.14371913811594322, 0.06721988074281557], [-0.02111474101825641, -0.17435810845592034, -0.035100896433776514], [-0.1714418092342117, 0.3529461616244852, 0.17684162205236928], [0.06551265136876692, 0.15546632952723216, 0.11196150437771982], [-0.011050450194099658, -0.03787561429147362, 0.00288821138951198], [0.08823112651625294, -0.4448493751043687, -0.25874347448500357], [-0.026333489195805505, -0.03328007563136352, -0.15716287912107865], [0.02073795214120159, -0.17168406473994643, -0.43784605994114123], [-0.0754306553029927, -0.5071377405071016, 0.13559796657076728]], "net.0.bias": [-0.04999998226644156, -0.06081037232350361, -0.020181897939853727, 0.04187734606286827, -0.04887822673305577, -0.19559623604180815, -0.049999994459467206, -0.06817263953104599, -0.013615340168690314], "net.2.weight": [[0.0941113329634864, -0.02329849351427926, 0.2339747525298156, -0.11959363755691482, -0.060622874180912285, 0.05145152863883677, 0.026286354485975424, 0.07049447774466969, -0.03768973724626033], [0.06209264291125584, -0.025326947488353548, -0.22065134034715775, 0.014391105428961834, 0.13566907426172636, 0.0314379082938059, 0.00394364078849084, -0.061640032735191565, 0.23456226918001366], [-0.05248222428842548, -0.01834492683454489, -0.05144393301741294, 0.10570823269404282, 0.13866767658492907, -0.08924588401810754, -0.028924141708067362, 0.06797333226462596, -0.1308502429360192]], "net.2.bias": [-0.261684431367969, 0.03985242550542426, 0.2574153143142373]}