{"net.0.weight": [[-0.20160809015120387, -0.14371913811594322, 0.06721988074281557], [-0.02111474101825641, -0.17435810845592034, -0.035100896433776514], [-0.16525741117985807, 0.3903107705335647, 0.18165916311119756], [0.057039488465167404, 0.15988886496503468, 0.10931601798374747], [-0.011050450194099658, -0.03787561429147362, 0.00288821138951198], [0.08225679155286056, -0.45841172451221995, -0.2616749904287493], [-0.026333489195805505, -0.03328007563136352, -0.15716287912107865], [0.025847853066587986, -0.16731280143243674, -0.4386184641482741], [-0.07513982244587031, -0.48887671422136325, 0.1510846035001289]], "net.0.bias": [-0.04999998226644156, -0.06081037232350361, -0.013558163847345714, 0.03668893661124702, -0.04887822673305577, -0.20234635067696619, -0.049999994459467206, -0.0634114393407242, -0.004261354693654973], "net.2.weight": [[0.0941113329634864, -0.02329849351427926, 0.24087716684125943, -0.11623422741256857, -0.060622874180912285, 0.0496415885672796, 0.026286354485975424, 0.05845214118353283, -0.01791640690568733], [0.06209264291125584, -0.025326947488353548, -0.22238885992746502, 0.015601207141221506, 0.13566907426172636, 0.03258653404989629, 0.00394364078849084, -0.06499155254700255, 0.22998786542856925], [-0.05248222428842548, -0.01834492683454489, -0.05614552515100789, 0.10065438465399247, 0.13866767658492907, -0.0839312415540518, -0.028924141708067362, 0.07773985081463848, -0.13972881510219184]], "net.2.bias": [-0.2712940870276935, 0.05672604368766492, 0.2671943797999497]}