{"net.0.weight": [[-0.04943502547424796, 0.06155675204835546, -0.06776167569148302], [-0.011136258719363943, 0.10861901446712867, 0.19881295083701664], [0.07243634081623497, 0.1384843237301244, 0.05334687136747657], [0.028877803369524918, 0.0301767025307809, -0.09521243211050837], [0.09573656711257648, 0.1979070202469675, -0.006878580160740522], [-0.05026539486468488, 0.11352049183256621, 0.05310244965386652], [0.0940773995614932, -0.04594305337069955, -0.08116353732093876], [-0.0030263014574169692, 0.0665741300801527, 0.0702409555902462], [-0.018804098070970443, 0.08166963668646596, 0.0770561429912692]], "net.0.bias": [0.0, 0.029850292186365545, 0.008220279888887874, -0.027618156315704485, 0.02529586604269556, 0.015422808326307848, 0.0315929830266502, -0.013365397090692892, 0.004492485800752731], "net.2.weight": [[-0.04678457990875216, 0.07487566100949399, 0.04456705226225415, 0.10558764161388336, 0.14620628353206172, 0.04524568654935025, -0.10752536137776601, 0.1708076715415833, -0.08456034087546921], [0.18929919203259743, 0.027054606838551536, -0.1154315023049179, -0.05347761614962213, 0.11782540267852408, 0.10900240084420859, -0.13447738972039494, 0.1510003433425078, 0.16475325198915644], [0.08339682352974959, 0.13031771870078904, 0.06476715930417613, 0.03656389822599892, -0.030925053317556305, -0.04247183482713063, 0.17863921040687675, 0.07694023532553826, 0.0583875585138649], [0.12909529993343202, 0.004320656531789482, 0.14530563802060562, -0.07932062761152484, 0.08811411322957555, -0.09462868361916461, 0.23928936979511256, 0.12682100947145417, 0.13042953615467726], [0.09608695748120816, -0.1389520148006329, 0.08853640110656322, -0.14468130392698103, 0.20253090521389244, 0.013723844158586924, -0.21497760993599943, 0.026856760211317336, 0.02115837178921517], [0.1688283079797707, -0.000593416206388035, -0.1199564997891385, -0.07169317387413163, 0.01072982346127982, -0.052182656170441793, 0.058407135537783886, 0.07087190293233557, 0.05887052362520443], [0.025107783310886186, -0.10935104792703193, -0.08491251830399942, -0.08604882921575316, -0.02538454811226632, -0.15617061810406743, 0.0042155934326048895, 0.06511780745562265, 0.006160422372923976], [0.027829294865065635, 0.23780543123925807, 0.07435553796986574, -0.07044694581402311, 0.1723754242784823, -0.05409751294404456, -0.07617203147606458, -0.05709287664257964, 0.10870786330590587], [0.170553610272299, -0.14801353121315775, 0.1111524033923763, -0.04775618661708122, 0.045934881526239216, 0.10189690433339661, 0.05461406795774467, 0.20040534254353223, 0.05751619962525438], [-0.07667461186037967, 0.2338418104607215, -0.11945118788420155, -0.1539619151775578, -0.11002696750370218, 0.2596410012487986, -0.1281319831718371, 0.12057605052083174, 0.05327185810423895], [0.016511435447365535, -0.11340648745228113, 0.16165412570488186, 0.056883306304576116, -0.11104870045109669, -0.13651538783630404, -0.10462220385965186, 0.015156313822350734, -0.11755595436127618], [-0.24804408499561134, 0.022699133374778788, -0.03971654691426324, -0.04190563811307659, -0.10799897185653494, -0.0048580819944910505, 0.14567036027619001, -0.01928503002076247, 0.12886002969383373], [-0.06695989341725211, 0.013956169551619683, -0.22483026263274808, -0.07202087607613326, -0.043844218395001536, 0.01886966730330244, 0.1218269947952819, -0.02639459050377306, 0.05638990428737667], [-0.21991697442691677, -0.12354706229383955, -0.008616982401176154, 0.11681081923125697, -0.06050772700035453, -0.18192549022081514, -0.03643890553634217, -0.13842809542227416, 0.23508307679928403], [-0.09749825191430139, 0.09745157117627605, 0.05069915860646384, 0.22040796328555626, -0.13321186220863604, -0.08747738402914172, 0.1031672941188451, -0.01242381813647008, 0.04644795665946364], [-0.05083455779182359, -0.04364840638109601, 0.16474516109683518, -0.03414498290044608, 0.009984402694749308, -0.15880803098323115, -0.009884739045294758, 0.09323025832522945, -0.038153436729015604], [0.021475053245144437, -0.06793069113232066, 0.1887582500992857, -0.0011285502663971685, 0.05006075277971661, 0.05527010619718981, 0.09629556506715072, 0.07752796651854997, -0.07397395567247536], [-0.08594748484551297, -0.06786149171016656, -0.04981478525937503, -0.12468543338547489, -0.15267421687632643, 0.03524504291072228, 0.04267544505232793, 0.01851998363116077, -0.21867424082897366], [0.13372310100521298, 0.07065923054856783, -0.053677125599788, 0.022435368309054873, -0.11573297041907206, 0.08997663225224158, -0.017249999991724267, 0.06168904383920899, 0.14799295369491902], [0.07442489052468687, 0.02239816154244122, -0.09805833767440782, -0.13318598170408877, -0.1119732631909131, -0.0367715941143831, -0.013941158312004149, -0.037614670271393556, 0.1062245207884394], [0.013447652508637043, 0.04838872654585526, 0.1043644264852653, -0.08667908571517136, 0.022390678095373928, -0.046484174861973745, 0.07215829741664076, -0.02357598285809151, -0.08937397568440737], [-0.11724681306359795, 0.2284874583753393, -0.18136810866856742, 0.1344873753808986, -0.13902057220475975, 0.09143719576303375, 0.05603008741848986, 0.34960975986525095, -0.10173707928068648], [-0.09411096816946093, 0.13344256337378682, -0.07793060416660762, 0.025610603712242337, 0.08924395319373835, 0.05118660294547622, 0.044473917169097585, 0.2040178874713964, -0.021228315610608967], [-0.12205729571402515, 0.020919969281110014, 0.015558627649103844, 0.0018275901551400313, 0.06232301139787948, -0.06449914850442466, -0.1518988296209051, 0.17563147353025918, 0.18385096222222466], [-0.0016725243685979643, -0.08139071683871354, 0.0645008853489796, -0.012032923043028346, -0.09796012007817864, 0.036508091970962546, 0.1265405091273434, -0.08600257037712544, -0.0453139341691268]], "net.2.bias": [0.00911834857648714, 0.0007405888739264186, 0.044630541188465225, 0.061189733683802455, -0.02070019954016128, 0.0, 0.0, 0.07215254177744161, 0.017136575600324267, 0.05472163280362462, -0.00999999953407909, -0.0067933514040862215, 0.0, 0.0, -0.0026436119668189375, -0.0017368322018395082, 0.006305956175894392, 0.0, -0.013170384932226924, -0.009303651349609376, 0.001690864797998431, -0.02048595330623321, -0.001332394285569834, 0.007256309444535706, -0.012610991949089953],