{"net.0.weight": [[-0.04943502547424796, 0.06155675204835546, -0.06776167569148302], [-0.01003009815599631, 0.24249680017848665, 0.23352515503890087], [0.05400160559959252, 0.18498912179297416, 0.03568787162233253], [0.047951579829847255, -0.05070436550592438, -0.21696815284014662], [0.0834647329370001, 0.29765356254808645, -0.030405705567772324], [-0.090293514933153, 0.026562314133668222, 0.10050695494828012], [0.09464881552826647, -0.050997840171527795, -0.1162225729887712], [-0.010091572283194766, 0.1531214443903045, 0.025623397890938926], [-0.03252100518526198, 0.11698184295057938, 0.06886965152387618]], "net.0.bias": [0.0, 0.058858291250271685, -0.0021422394430734735, -0.031174945061289185, 0.01931498713802456, 0.009842213697063052, 0.02360749029575632, -0.019631154059419963, -0.006318697625773839], "net.2.weight": [[-0.04678457990875216, 0.07805802811083884, 0.04040989382336286, 0.018114198832485842, 0.1436131599700601, -0.009157711929846971, -0.15795594546640115, 0.17244060122633456, -0.0702656894739013], [0.18929919203259743, 0.02303557429801685, -0.11878848984623558, -0.10106531445605979, 0.11398726173615109, 0.06567629444225768, -0.17867779081719082, 0.15264944126901134, 0.15386813263772356], [0.08339682352974959, 0.16260824935406765, 0.05087465265275058, -0.13071295865203278, -0.04144231063374711, -0.48473273680465023, 0.042318471541916126, 0.12841136140377604, 0.11681988472342293], [0.12909529993343202, 0.02256464674482247, 0.14287694730370562, -0.16388026472934433, 0.08733626160785768, -0.20218827030363734, 0.20364989862314484, 0.13442857328341762, 0.124187911295623], [0.09608695748120816, -0.1503938321498064, 0.08174135874041907, -0.1874967910011834, 0.2029035793801097, -0.06055520204737993, -0.22164883446747236, 0.002988060835917735, 4.077436671714985e-05], [0.1688283079797707, -0.000593416206388035, -0.1199564997891385, -0.07169317387413163, 0.01072982346127982, -0.052182656170441793, 0.058407135537783886, 0.07087190293233557, 0.05887052362520443], [0.025107783310886186, -0.10935104792703193, -0.08491251830399942, -0.08604882921575316, -0.02538454811226632, -0.15617061810406743, 0.0042155934326048895, 0.06511780745562265, 0.006160422372923976], [0.027829294865065635, 0.3018086734897575, 0.10245483813818568, -0.25708072327156956, 0.2053558318692211, -0.3907107827222905, -0.18512830142077852, 0.019601887340357938, 0.1879122699552351], [0.170553610272299, -0.16804458812061776, 0.08414727412719371, -0.21560483383605245, 0.017723592877437803, 0.030106342617735565, -0.011748258056639838, 0.17660093709425684, 0.02252361200226904], [-0.07667461186037967, 0.2641602668441806, -0.11233639200019598, -0.1539619151775578, -0.12068828719684782, 0.40068940861232205, -0.20462073005566464, 0.15843218020124986, 0.08496495434790481], [0.016511435447365535, -0.11340648745228113, 0.16165412570488186, 0.056883306304576116, -0.11104870045109669, -0.13651538783630404, -0.10462220385965186, 0.015156313822350734, -0.11755595436127618], [-0.24804408499561134, 0.06911500398327361, -0.05133355946999727, -0.04190563811307659, -0.1833373611465811, 0.16540040480428125, 0.13284463357363527, 0.010239383795366182, 0.1763955799133264], [-0.06695989341725211, 0.013956169551619683, -0.22483026263274808, -0.07202087607613326, -0.043844218395001536, 0.01886966730330244, 0.1218269947952819, -0.02639459050377306, 0.05638990428737667], [-0.21991697442691677, -0.12354706229383955, -0.008616982401176154, 0.11681081923125697, -0.06050772700035453, -0.18192549022081514, -0.03643890553634217, -0.13842809542227416, 0.23508307679928403], [-0.09749825191430139, 0.06698816422640194, 0.02484488099653189, 0.21479828159970668, -0.16137804998114585, -0.0887443038832675, 0.0921675208984857, -0.03749848801200656, 0.015997836165310617], [-0.05083455779182359, -0.05077568261429956, 0.16017339843341702, -0.06375689522251543, 0.009111784950496827, -0.20071781685396095, -0.020703111743231088, 0.08269632449488848, -0.040954263817661526], [0.021475053245144437, -0.07087349210910304, 0.18078407135282845, -0.07735340640158046, 0.039348247805139826, 0.02929691677122964, 0.07180467347564824, 0.0727295125680223, -0.09131769591826315], [-0.08594748484551297, -0.06786149171016656, -0.04981478525937503, -0.12468543338547489, -0.15267421687632643, 0.03524504291072228, 0.04267544505232793, 0.01851998363116077, -0.21867424082897366], [0.13372310100521298, 0.10039795771009712, -0.09625056798996134, 0.022435368309054873, -0.24198437462382946, 0.2721042497267597, -0.11968596153803225, 0.06872992578126634, 0.18305603059162762], [0.07442489052468687, 0.017829023708651078, -0.10419384054578874, -0.13318598170408877, -0.11964114511600639, -0.04123456096551066, -0.013941158312004149, -0.043925902174487004, 0.10092594322172782], [0.013447652508637043, 0.05613899103715276, 0.10225378986940567, -0.1479578062685421, 0.02051287212534634, -0.04630332264609452, 0.05521109398159676, -0.03492573413592668, -0.09920712026108466], [-0.11724681306359795, 0.2338680382368971, -0.18878116460407876, 0.1344873753808986, -0.15736231651936056, 0.18738666402856327, 0.049247176334836995, 0.3575471110613335, -0.09576143265908879], [-0.09411096816946093, 0.12705382030775328, -0.0836516594764413, -0.05550086089782506, 0.08347580774439294, 0.03966853791099528, 0.023928037140373257, 0.1859952580417895, -0.0562934704861874], [-0.12205729571402515, -0.004474808410071545, 0.004029376355228297, -0.06396774883474084, 0.059032719286010685, -0.36032242390282765, -0.2287829250533378, 0.17890359136753578, 0.1726109084113879], [-0.0016725243685979643, -0.18019232938167887, 0.05800595950412797, 0.010408171049588787, -0.10136358328851713, 0.036508091970962546, 0.13081264292706962, -0.1357700546178899, -0.04510441566002531]], "net.2.bias": [0.01318935441179724, -0.015894613818726127, 0.011170371101101131, 0.06249751376273606, -0.02292586041683544, 0.0, 0.0, 0.0866241689430484, -0.01529035015347474, 0.05797511654254232, -0.00999999953407909, 0.001511993546406435, 0.0, 0.0, -0.037038531344289215, 0.0027970541903685154, -0.010758586108606137, 0.0, -0.028803556291540803, -0.014591578045417348, 0.010258305159969816, -0.026213853429918298, -0.00834152498475386, -0.02365690742325887, -0.01472300545674293],