{"net.0.weight": [[-0.04943502547424796, 0.06155675204835546, -0.06776167569148302], [-0.010466186200712291, 0.24504499030689994, 0.23124589106575077], [0.05473820978343742, 0.18627520754036675, 0.0369724223401519], [0.04748622421112691, -0.05314915614421779, -0.2200793062661979], [0.0840713062676698, 0.2992992038461289, -0.029461623026793136], [-0.09278240740369072, 0.022422808707261287, 0.10038353131499664], [0.09654212976610622, -0.049705372377808546, -0.1163527790958322], [-0.009431270070263231, 0.15434569086664937, 0.02478059069742223], [-0.03465754267093099, 0.11749068589150695, 0.06807884672442531]], "net.0.bias": [0.0, 0.05823743370145002, -0.0012006999916168003, -0.03195992465273572, 0.02008392753316082, 0.008471892913085378, 0.025069076710968335, -0.019256878284731025, -0.007855118778754454], "net.2.weight": [[-0.04678457990875216, 0.07956717920450687, 0.04076196993040106, 0.016855693641127576, 0.14365190592069396, -0.010129357222463753, -0.15967656724407975, 0.17334640595850995, -0.06804417100402367], [0.18929919203259743, 0.021774707091503625, -0.119899496187041, -0.10106531445605979, 0.11287477305243451, 0.06322425308179108, -0.1823124646824871, 0.1514575709463373, 0.15234625626095671], [0.08339682352974959, 0.16342922179504693, 0.05191609377955781, -0.12805757234738002, -0.04022431081557295, -0.49200501806414704, 0.04271660007647772, 0.12809800330678467, 0.11774455781534894], [0.12909529993343202, 0.023654200596649674, 0.14290981722766677, -0.16559143444844296, 0.08726398864814615, -0.2019625541672607, 0.20300057418919232, 0.13394381005263753, 0.12449557453992396], [0.09608695748120816, -0.15097925181555635, 0.08112240408632065, -0.1876057858340836, 0.20230504894393858, -0.06055520204737993, -0.22200980430152045, 0.0009462610378322309, -0.0007204229330082168], [0.1688283079797707, -0.000593416206388035, -0.1199564997891385, -0.07169317387413163, 0.01072982346127982, -0.052182656170441793, 0.058407135537783886, 0.07087190293233557, 0.05887052362520443], [0.025107783310886186, -0.10935104792703193, -0.08491251830399942, -0.08604882921575316, -0.02538454811226632, -0.15617061810406743, 0.0042155934326048895, 0.06511780745562265, 0.006160422372923976], [0.027829294865065635, 0.30356449910116695, 0.10410164385745468, -0.25622478441995283, 0.20716829027719444, -0.3983514198799572, -0.18450297658261613, 0.020521503012209008, 0.18958269810466125], [0.170553610272299, -0.16814979249719667, 0.08405087171474512, -0.21560575236798923, 0.017623374332001226, 0.030106342617735565, -0.01185010088686116, 0.17652607588402688, 0.02252361200226904], [-0.07667461186037967, 0.26251567465681885, -0.11383389096249774, -0.1539619151775578, -0.12226945741359552, 0.40445257498721554, -0.2064506307146014, 0.15781214382214948, 0.08357460272036814], [0.016511435447365535, -0.11340648745228113, 0.16165412570488186, 0.056883306304576116, -0.11104870045109669, -0.13651538783630404, -0.10462220385965186, 0.015156313822350734, -0.11755595436127618], [-0.24804408499561134, 0.06870207912014122, -0.052837238786497875, -0.04190563811307659, -0.18663624869185863, 0.17122895914331648, 0.13284463357363527, 0.009593956404782751, 0.1765187147317579], [-0.06695989341725211, 0.013956169551619683, -0.22483026263274808, -0.07202087607613326, -0.043844218395001536, 0.01886966730330244, 0.1218269947952819, -0.02639459050377306, 0.05638990428737667], [-0.21991697442691677, -0.12354706229383955, -0.008616982401176154, 0.11681081923125697, -0.06050772700035453, -0.18192549022081514, -0.03643890553634217, -0.13842809542227416, 0.23508307679928403], [-0.09749825191430139, 0.0642643606249922, 0.024058315402930068, 0.21723183673059754, -0.16163846370403878, -0.08839709831113876, 0.09421552698817764, -0.0396830206656491, 0.013549577704985112], [-0.05083455779182359, -0.049667227028165235, 0.16030075062385404, -0.06560708325357834, 0.009125756668320313, -0.20107996465563216, -0.0214611099956677, 0.08300964555653453, -0.03975684695867668], [0.021475053245144437, -0.07078408110540278, 0.18151630288932336, -0.07638285284468324, 0.040258356924085734, 0.0291810289889665, 0.07343259733107456, 0.07154511898683988, -0.09281899512687518], [-0.08594748484551297, -0.06786149171016656, -0.04981478525937503, -0.12468543338547489, -0.15267421687632643, 0.03524504291072228, 0.04267544505232793, 0.01851998363116077, -0.21867424082897366], [0.13372310100521298, 0.10075760288222685, -0.09689635360601738, 0.022435368309054873, -0.24425381302521276, 0.2758055313810681, -0.11968596153803225, 0.06947939959734033, 0.1842806207732473], [0.07442489052468687, 0.017829023708651078, -0.10419384054578874, -0.13318598170408877, -0.11964114511600639, -0.04123456096551066, -0.013941158312004149, -0.043925902174487004, 0.10092594322172782], [0.013447652508637043, 0.057617967329138424, 0.10277142049901034, -0.14964764792424828, 0.02092036849798589, -0.044968844990654754, 0.05516474171419885, -0.03509210014633787, -0.09907624250065378], [-0.11724681306359795, 0.23211052837080554, -0.19050160651532785, 0.1344873753808986, -0.15922866382566553, 0.19172812081294505, 0.04802100821552943, 0.356603653926609, -0.0972783184255398], [-0.09411096816946093, 0.1268797762323625, -0.08334281801368597, -0.05737581572768236, 0.08404337221159794, 0.036416808415434, 0.024372649750619764, 0.18490115187651132, -0.06056515843552644], [-0.12205729571402515, -0.0016302283002036415, 0.004596467875775247, -0.06396774883474084, 0.05875997565719051, -0.36578966945819963, -0.23559200079166606, 0.18110072283307801, 0.1777538332874667], [-0.0016725243685979643, -0.18694377717735947, 0.05600002039732489, 0.009676367197639004, -0.10326694142342233, 0.036508091970962546, 0.12929945199268067, -0.13791841567622104, -0.04510441566002531]], "net.2.bias": [0.013871121980380974, -0.01738178375591263, 0.012182018187062828, 0.0628706983778242, -0.0233023396552856, 0.0, 0.0, 0.08846253509344176, -0.015387730064550041, 0.05600887252953445, -0.00999999953407909, 0.00017531152816935346, 0.0, 0.0, -0.03813756499522212, 0.003203020903414386, -0.010014634245541276, 0.0, -0.029154695879774435, -0.014591578045417348, 0.011152056249191234, -0.028319098159145194, -0.007824927993616667, -0.02311959159446815, -0.01680650613260069],