{"net.0.weight": [[-0.04943502547424796, 0.06155675204835546, -0.06776167569148302], [-0.013078949245569819, 0.2450587626672635, 0.22953907050136652], [0.05346720713399884, 0.1852321863249831, 0.036074042560343925], [0.0483685236430529, -0.05392137432292973, -0.22143056321811694], [0.0828011525038209, 0.2986820281370125, -0.030268364788763307], [-0.09293995292313732, 0.021363623930548616, 0.10195746314675591], [0.09792096009132784, -0.04982666016472274, -0.11816706068687466], [-0.010599231922199226, 0.1541717028635453, 0.02354451395349044], [-0.035934346797970015, 0.11877987366350014, 0.06738602276587002]], "net.0.bias": [0.0, 0.055745024122572547, -0.0023396701737365346, -0.03134664666493986, 0.018987868951681856, 0.00914534791319468, 0.025664304293290318, -0.02043015574422805, -0.008840066624724275], "net.2.weight": [[-0.04678457990875216, 0.07942942823511474, 0.03937506721229274, 0.014564537904191066, 0.14188039194471827, -0.011125560737813876, -0.16291192117664147, 0.17233556230969355, -0.0671384299108879], [0.18929919203259743, 0.02153723670629772, -0.1198587329822011, -0.10106531445605979, 0.11314250372503011, 0.06112340342120405, -0.18405219510055776, 0.1515304476435643, 0.15164313302635574], [0.08339682352974959, 0.1625650460557468, 0.05107101947454617, -0.12780091407560146, -0.040934859433025675, -0.4972545396470161, 0.041434877951702594, 0.1262452953436255, 0.11702019958740345], [0.12909529993343202, 0.02281483292443373, 0.1413615751061787, -0.1677998449538043, 0.08566168959364424, -0.20123689001788936, 0.20111718014758534, 0.13139805831833754, 0.12328728408690529], [0.09608695748120816, -0.15388622875220093, 0.07864260447637103, -0.18977374494084323, 0.1999895452163688, -0.06055520204737993, -0.22380707369049035, -0.00306052258726592, -0.004461486185072752], [0.1688283079797707, -0.000593416206388035, -0.1199564997891385, -0.07169317387413163, 0.01072982346127982, -0.052182656170441793, 0.058407135537783886, 0.07087190293233557, 0.05887052362520443], [0.025107783310886186, -0.10935104792703193, -0.08491251830399942, -0.08604882921575316, -0.02538454811226632, -0.15617061810406743, 0.0042155934326048895, 0.06511780745562265, 0.006160422372923976], [0.027829294865065635, 0.30298417122987775, 0.1031949341253962, -0.2573965819642682, 0.2063271187159266, -0.4033504418396358, -0.18638450656140979, 0.0189915514508344, 0.18932811695607377], [0.170553610272299, -0.16743502846475072, 0.08473732510449747, -0.21557971969566947, 0.018339224302155316, 0.030106342617735565, -0.011066093385431512, 0.1770083813659078, 0.02252361200226904], [-0.07667461186037967, 0.26339595716078795, -0.11293219785025395, -0.1539619151775578, -0.12146157743123358, 0.4086600501293614, -0.20622018377163084, 0.1596427596623537, 0.08455758579207175], [0.016511435447365535, -0.11340648745228113, 0.16165412570488186, 0.056883306304576116, -0.11104870045109669, -0.13651538783630404, -0.10462220385965186, 0.015156313822350734, -0.11755595436127618], [-0.24804408499561134, 0.06894134579423077, -0.05335999107348825, -0.04190563811307659, -0.18849546706182535, 0.17484522896180477, 0.13284463357363527, 0.01000547228918832, 0.17715780863937325], [-0.06695989341725211, 0.013956169551619683, -0.22483026263274808, -0.07202087607613326, -0.043844218395001536, 0.01886966730330244, 0.1218269947952819, -0.02639459050377306, 0.05638990428737667], [-0.21991697442691677, -0.12354706229383955, -0.008616982401176154, 0.11681081923125697, -0.06050772700035453, -0.18192549022081514, -0.03643890553634217, -0.13842809542227416, 0.23508307679928403], [-0.09749825191430139, 0.0606812595763163, 0.022271791466745544, 0.21824606223105894, -0.16292020871714266, -0.08976418500016208, 0.09480629223018142, -0.042347101919829336, 0.010373284976561302], [-0.05083455779182359, -0.05094874055189943, 0.15861913976545736, -0.06775950800818374, 0.007449579541030921, -0.20270629018267747, -0.02344943417733845, 0.08092850851047553, -0.040678836211830445], [0.021475053245144437, -0.0712128556165957, 0.1812764855669684, -0.07713969416305201, 0.04011540173725582, 0.028795213738467565, 0.07347408187560911, 0.070210824102697, -0.09450441066304088], [-0.08594748484551297, -0.06786149171016656, -0.04981478525937503, -0.12468543338547489, -0.15267421687632643, 0.03524504291072228, 0.04267544505232793, 0.01851998363116077, -0.21867424082897366], [0.13372310100521298, 0.10131465250299941, -0.09676341868057674, 0.022435368309054873, -0.24488867343081053, 0.27747199697353114, -0.11968596153803225, 0.0706780247126158, 0.18543405037392635], [0.07442489052468687, 0.017829023708651078, -0.10419384054578874, -0.13318598170408877, -0.11964114511600639, -0.04123456096551066, -0.013941158312004149, -0.043925902174487004, 0.10092594322172782], [0.013447652508637043, 0.05698904129150891, 0.10158840290106635, -0.15180717248634318, 0.019710816488122278, -0.043519161588504336, 0.0538371639331124, -0.037388004107169096, -0.10064119684127676], [-0.11724681306359795, 0.2331347380903408, -0.1896721126572025, 0.1344873753808986, -0.1586577193472568, 0.19512181337781556, 0.048695322510050036, 0.35828879860514196, -0.09611056808346746], [-0.09411096816946093, 0.12427411372290216, -0.08516051922853378, -0.05968604113795958, 0.08255178898847913, 0.0340075132075759, 0.02308437320136174, 0.1812195605868583, -0.06582834459861482], [-0.12205729571402515, -0.000618080527764437, 0.005156084852927535, -0.06396774883474084, 0.05933356892793592, -0.3733197058712054, -0.2403005217033812, 0.18235149459566685, 0.1797065147079423], [-0.0016725243685979643, -0.1898653876370983, 0.05679965982748565, 0.011198987107040889, -0.10243080268498021, 0.036508091970962546, 0.13050323554108273, -0.1383163158557978, -0.04510441566002531]], "net.2.bias": [0.013041589840437465, -0.01781246543296565, 0.011453612587711116, 0.06179897403735119, -0.025555292559216805, 0.0, 0.0, 0.08793654609658991, -0.014697384620970477, 0.05633554534896767, -0.00999999953407909, -0.00044787549510751665, 0.0, 0.0, -0.04035424710965548, 0.0019296959992385126, -0.010216408394835806, 0.0, -0.029027733852517935, -0.014591578045417348, 0.010461844340046652, -0.027927082601939154, -0.00930117668090154, -0.022652317094191677, -0.01617645301902383],