{"net.0.weight": [[-0.04943502547424796, 0.06155675204835546, -0.06776167569148302], [-0.012179191111910109, 0.2482400672673904, 0.22929112705812282], [0.05425378004589967, 0.1854391582924513, 0.036573304129571826], [0.04659807728102599, -0.056428873673663844, -0.22424505422865437], [0.08395796906376977, 0.29934774438016565, -0.029377711298500454], [-0.09347850152164353, 0.02190593033641285, 0.10246187940289934], [0.10012650439146956, -0.04923807255852442, -0.11867486305872633], [-0.010214061700745495, 0.15456298076127545, 0.022026988190739533], [-0.03747295754415654, 0.11939615493686513, 0.06690207403223143]], "net.0.bias": [0.0, 0.05674073411160446, -0.001549755731752516, -0.03328015048178057, 0.02014553001549574, 0.009054420792398257, 0.027161506938697188, -0.020363753436284635, -0.009889860421785676], "net.2.weight": [[-0.04678457990875216, 0.07953620796660028, 0.03993452757271905, 0.017612923537110598, 0.14272392553905994, -0.012646409784173987, -0.1617802951078051, 0.17151134868569354, -0.06654346968185967], [0.18929919203259743, 0.021703993243179478, -0.11993731833219173, -0.10106531445605979, 0.11282435586668622, 0.06132013460358934, -0.18714032449490048, 0.15222526500498942, 0.1517214870926131], [0.08339682352974959, 0.1621701804512923, 0.04987068234155416, -0.1287076740992138, -0.04237832646463054, -0.4997947523322472, 0.038836167210198363, 0.12545511558899564, 0.11810235855832928], [0.12909529993343202, 0.023668131869179567, 0.14271951680087666, -0.16541157471186782, 0.08724634646191051, -0.20115294386038354, 0.20290829545567812, 0.1308943202039164, 0.12365038915015512], [0.09608695748120816, -0.15679376027294503, 0.0755655438633657, -0.19148417832449385, 0.1968952048637489, -0.06055520204737993, -0.2270878551168743, -0.00618284472388288, -0.005685561135633127], [0.1688283079797707, -0.000593416206388035, -0.1199564997891385, -0.07169317387413163, 0.01072982346127982, -0.052182656170441793, 0.058407135537783886, 0.07087190293233557, 0.05887052362520443], [0.025107783310886186, -0.10935104792703193, -0.08491251830399942, -0.08604882921575316, -0.02538454811226632, -0.15617061810406743, 0.0042155934326048895, 0.06511780745562265, 0.006160422372923976], [0.027829294865065635, 0.30443882278547635, 0.10479244835263707, -0.256710787982239, 0.20812146561985945, -0.40582537151219555, -0.1848926252392219, 0.019533987611277056, 0.1908153293463243], [0.170553610272299, -0.16794744836999706, 0.08426460394468682, -0.21561346901092804, 0.01784257225951467, 0.030106342617735565, -0.011587455368529613, 0.17676407063799496, 0.02252361200226904], [-0.07667461186037967, 0.2626772527056847, -0.11370148400926525, -0.1539619151775578, -0.12236498362239612, 0.4119585311078334, -0.20802943051868467, 0.1598152546772154, 0.0835626877854099], [0.016511435447365535, -0.11340648745228113, 0.16165412570488186, 0.056883306304576116, -0.11104870045109669, -0.13651538783630404, -0.10462220385965186, 0.015156313822350734, -0.11755595436127618], [-0.24804408499561134, 0.06834390065968035, -0.05410166272700295, -0.04190563811307659, -0.18957824442520266, 0.17607662468938476, 0.13284463357363527, 0.010082755389728413, 0.17639713954029876], [-0.06695989341725211, 0.013956169551619683, -0.22483026263274808, -0.07202087607613326, -0.043844218395001536, 0.01886966730330244, 0.1218269947952819, -0.02639459050377306, 0.05638990428737667], [-0.21991697442691677, -0.12354706229383955, -0.008616982401176154, 0.11681081923125697, -0.06050772700035453, -0.18192549022081514, -0.03643890553634217, -0.13842809542227416, 0.23508307679928403], [-0.09749825191430139, 0.05778729893092603, 0.018369860930286787, 0.213495041182111, -0.16725223475466522, -0.09171320713097877, 0.09020216872623985, -0.04406271421743655, 0.007867516629364071], [-0.05083455779182359, -0.05070711875303996, 0.1595004773448703, -0.06557389385667933, 0.008587282582512358, -0.20539884858629975, -0.022014480754758523, 0.08014598795847297, -0.04066041841283375], [0.021475053245144437, -0.07170071931868247, 0.17943357814755337, -0.08247108532854681, 0.03790848611797748, 0.029498102823547697, 0.06993072052589468, 0.06973010500656221, -0.09473586836714501], [-0.08594748484551297, -0.06786149171016656, -0.04981478525937503, -0.12468543338547489, -0.15267421687632643, 0.03524504291072228, 0.04267544505232793, 0.01851998363116077, -0.21867424082897366], [0.13372310100521298, 0.09972169179842173, -0.09823855837367941, 0.022435368309054873, -0.24628193571865292, 0.27598951430607693, -0.11968596153803225, 0.06963933195489262, 0.18390086328544092], [0.07442489052468687, 0.017829023708651078, -0.10419384054578874, -0.13318598170408877, -0.11964114511600639, -0.04123456096551066, -0.013941158312004149, -0.043925902174487004, 0.10092594322172782], [0.013447652508637043, 0.05762837935516598, 0.10291418336866637, -0.14961810690716984, 0.021316118313410702, -0.04379345254073737, 0.0557864239853275, -0.037937732621083436, -0.10101559761112919], [-0.11724681306359795, 0.23206547552990714, -0.19064618982270143, 0.1344873753808986, -0.15967219929305748, 0.19610693809347657, 0.047383542810837766, 0.35817230052812216, -0.09767862091502445], [-0.09411096816946093, 0.12559888503407887, -0.0831267435994039, -0.05809293736444994, 0.08486075604335296, 0.033334620238574426, 0.025658192295313725, 0.18140729716052081, -0.06728595866060809], [-0.12205729571402515, -0.0005465052385654801, 0.004782962675891599, -0.06396774883474084, 0.05888463056523826, -0.37882442526790716, -0.2449857819577248, 0.18288349269552193, 0.1810086211170073], [-0.0016725243685979643, -0.19048173431214196, 0.058923641141709074, 0.013740552380099153, -0.10027648067988013, 0.036508091970962546, 0.13310265271708882, -0.1400993289736413, -0.04510441566002531]], "net.2.bias": [0.014233770577007617, -0.018458529125259013, 0.01046365438678133, 0.06376153418011271, -0.028479654117045217, 0.0, 0.0, 0.09011092630333573, -0.015238600467606528, 0.05478164830236405, -0.00999999953407909, -0.0018539636871393952, 0.0, 0.0, -0.04465755684938749, 0.003391618350623737, -0.01211737160853349, 0.0, -0.030817989840695992, -0.014591578045417348, 0.012373692446783135, -0.029703642012562047, -0.006682852933267475, -0.02304687690136533, -0.014167215081155881],