{"net.0.weight": [[-0.04943502547424796, 0.06155675204835546, -0.06776167569148302], [-0.0122787827394463, 0.2507504410677295, 0.22887664840155011], [0.05339454906271978, 0.18449102594211278, 0.03593530844911295], [0.047274972989554645, -0.05680219787689808, -0.22516092123657808], [0.0832651753297221, 0.29870375458407933, -0.030323884472557024], [-0.09272132616840548, 0.02267441388425077, 0.1046498963363716], [0.0988084115471094, -0.05077728924625971, -0.12064873147076956], [-0.011108168753380514, 0.15470154978716213, 0.020130562766983037], [-0.0390372214160906, 0.12045019267011342, 0.06647768900656821]], "net.0.bias": [0.0, 0.05678445558679618, -0.002273816788356255, -0.032806536312261554, 0.019454927246292927, 0.010444426295575125, 0.025750724367240813, -0.021402771054379426, -0.01090072646259742], "net.2.weight": [[-0.04678457990875216, 0.07960077782210591, 0.03951388848393184, 0.017611612933010265, 0.1421939274746265, -0.013646210604214982, -0.16311832562567738, 0.17078167882278095, -0.06563377164324735], [0.18929919203259743, 0.020998504581607964, -0.12050018666581967, -0.10106531445605979, 0.11232435929636415, 0.05954009646876429, -0.18940737503478056, 0.15206334856305181, 0.15056878719771116], [0.08339682352974959, 0.1610927325963588, 0.04922238028749861, -0.12698781395701278, -0.04282031760835426, -0.5053953183865548, 0.03827543398492626, 0.12373983099473138, 0.11751973343157864], [0.12909529993343202, 0.022725819776212103, 0.1415906794676941, -0.1667846143302531, 0.08617049963659276, -0.20185794783464994, 0.20153914487575114, 0.1288586964055845, 0.1223866791580971], [0.09608695748120816, -0.1590619249708507, 0.0732320278307918, -0.19352086429996082, 0.19454346363532837, -0.06055520204737993, -0.2293627668908038, -0.008926795791151328, -0.006854336067386002], [0.1688283079797707, -0.000593416206388035, -0.1199564997891385, -0.07169317387413163, 0.01072982346127982, -0.052182656170441793, 0.058407135537783886, 0.07087190293233557, 0.05887052362520443], [0.025107783310886186, -0.10935104792703193, -0.08491251830399942, -0.08604882921575316, -0.02538454811226632, -0.15617061810406743, 0.0042155934326048895, 0.06511780745562265, 0.006160422372923976], [0.027829294865065635, 0.30423701972864153, 0.10494323457917273, -0.2563473062240247, 0.20852231303082622, -0.4121566914398404, -0.18485396365950296, 0.018666338525500474, 0.19059666864250832], [0.170553610272299, -0.16909832601042946, 0.08322182717888735, -0.2157267698554504, 0.0167341137847844, 0.030106342617735565, -0.012685674621417571, 0.17605652809674852, 0.02252361200226904], [-0.07667461186037967, 0.26323743912525727, -0.11317901906673503, -0.1539619151775578, -0.12191855007989746, 0.4163572099512455, -0.2079539870718051, 0.1611007818162992, 0.08381807009485297], [0.016511435447365535, -0.11340648745228113, 0.16165412570488186, 0.056883306304576116, -0.11104870045109669, -0.13651538783630404, -0.10462220385965186, 0.015156313822350734, -0.11755595436127618], [-0.24804408499561134, 0.06985558407618726, -0.05307455458943745, -0.04190563811307659, -0.18931064838585784, 0.18054914322956755, 0.13284463357363527, 0.011697431101641141, 0.17786196846442404], [-0.06695989341725211, 0.013956169551619683, -0.22483026263274808, -0.07202087607613326, -0.043844218395001536, 0.01886966730330244, 0.1218269947952819, -0.02639459050377306, 0.05638990428737667], [-0.21991697442691677, -0.12354706229383955, -0.008616982401176154, 0.11681081923125697, -0.06050772700035453, -0.18192549022081514, -0.03643890553634217, -0.13842809542227416, 0.23508307679928403], [-0.09749825191430139, 0.05614292261488728, 0.01786262642643098, 0.21368300676535976, -0.16745073272281155, -0.09295687603652328, 0.09078106200112035, -0.04523937507083338, 0.0062338405307104045], [-0.05083455779182359, -0.051290125247321995, 0.1583641222377807, -0.06741069111704791, 0.007416577155762426, -0.20686877425914582, -0.02377910991930856, 0.07879215146536084, -0.04067013767971565], [0.021475053245144437, -0.07292078872082293, 0.17810283558494783, -0.08568957051987103, 0.036539997595356775, 0.02897360633462914, 0.06837665513847226, 0.06814901291705537, -0.0969973098201181], [-0.08594748484551297, -0.06786149171016656, -0.04981478525937503, -0.12468543338547489, -0.15267421687632643, 0.03524504291072228, 0.04267544505232793, 0.01851998363116077, -0.21867424082897366], [0.13372310100521298, 0.10246706311987339, -0.0956993072062627, 0.022435368309054873, -0.24402532486277412, 0.2791026421621038, -0.11968596153803225, 0.07285439153419421, 0.18683060622064632], [0.07442489052468687, 0.017829023708651078, -0.10419384054578874, -0.13318598170408877, -0.11964114511600639, -0.04123456096551066, -0.013941158312004149, -0.043925902174487004, 0.10092594322172782], [0.013447652508637043, 0.05692878226566253, 0.10194530982069465, -0.15125683790996208, 0.02037288715841604, -0.043881927909307984, 0.054549290797951275, -0.039697801354418805, -0.10227514801663205], [-0.11724681306359795, 0.23280783641340294, -0.18997614263254342, 0.1344873753808986, -0.15911503227564003, 0.19857271516321456, 0.04836813658380505, 0.3594946562536191, -0.097428988720609], [-0.09411096816946093, 0.12382633288793597, -0.0840831439999329, -0.05998228150863018, 0.08419728970553365, 0.02915230543687877, 0.02490641500724171, 0.17917592603021612, -0.07300179171995573], [-0.12205729571402515, 0.0010246549764503874, 0.005721934581236198, -0.06396774883474084, 0.05959157398380573, -0.3852837411823703, -0.25031939879953174, 0.18489245231845505, 0.18342027662162616], [-0.0016725243685979643, -0.1944807646727387, 0.05930439092980462, 0.015156402215087596, -0.09982004033229992, 0.036508091970962546, 0.13407045484360963, -0.14457048608412662, -0.04510441566002531]], "net.2.bias": [0.014381737069987143, -0.0196561943332148, 0.009849501740018737, 0.06311518895154493, -0.030704926888582475, 0.0, 0.0, 0.09067199285033732, -0.016440986648154177, 0.05468509924645815, -0.00999999953407909, -0.0011533835618931486, 0.0, 0.0, -0.04547927413500076, 0.0027107426488513385, -0.013555165690538667, 0.0, -0.028399280906139635, -0.014591578045417348, 0.01189365365740349, -0.029589408264425323, -0.007284748449379092, -0.02226843999844601, -0.013852385911584815],