{"net.0.weight": [[-0.04943502547424796, 0.06155675204835546, -0.06776167569148302], [-0.011896926138176531, 0.25299722184080725, 0.22992872734377773], [0.05439277348742705, 0.18559354712542275, 0.03677734300499037], [0.04594092776809003, -0.05956633159589373, -0.22841285747003912], [0.08409453170865329, 0.2999012689997007, -0.029321973628242973], [-0.09534286246073635, 0.019496999988294978, 0.10325052944847281], [0.10135193273547544, -0.04896143690686412, -0.12005220391449557], [-0.009968205666548893, 0.15676814561358252, 0.020725587816055508], [-0.04030989036590114, 0.12122167574107295, 0.06656474912911478]], "net.0.bias": [0.0, 0.05737442254927036, -0.0012894346273595058, -0.034368018735660685, 0.020357951225459563, 0.00844142638496405, 0.027794958375714416, -0.020296684011403172, -0.011547171633178558], "net.2.weight": [[-0.04678457990875216, 0.08054856666677619, 0.039790747775868114, 0.017627060372697637, 0.14225415736779087, -0.013249362090983577, -0.1638389937884236, 0.17049992305449793, -0.06410887804745326], [0.18929919203259743, 0.020852058946115574, -0.12064849888807308, -0.10106531445605979, 0.11224307009501214, 0.058943985567190896, -0.19144842103407386, 0.1518591662148677, 0.15004258018214378], [0.08339682352974959, 0.16237022421372727, 0.0502152840694857, -0.12544292862210843, -0.04183386588700793, -0.5058988889615513, 0.03870050899971425, 0.12291485558811387, 0.1187183784999969], [0.12909529993343202, 0.023544905040966162, 0.14247356733527808, -0.16646632072920775, 0.08715917068507033, -0.20132860903371724, 0.20247715940018546, 0.1279720743709166, 0.12157669820612803], [0.09608695748120816, -0.15956970693940714, 0.07302190869356298, -0.19490282412268442, 0.1944573677929637, -0.06055520204737993, -0.2290209140100819, -0.010722244475479733, -0.008860901707584388], [0.1688283079797707, -0.000593416206388035, -0.1199564997891385, -0.07169317387413163, 0.01072982346127982, -0.052182656170441793, 0.058407135537783886, 0.07087190293233557, 0.05887052362520443], [0.025107783310886186, -0.10935104792703193, -0.08491251830399942, -0.08604882921575316, -0.02538454811226632, -0.15617061810406743, 0.0042155934326048895, 0.06511780745562265, 0.006160422372923976], [0.027829294865065635, 0.3054121511519468, 0.10577874597142632, -0.2553048412479105, 0.20933662768858183, -0.4127734915202494, -0.18465219673782773, 0.018224206232152818, 0.1918682131940594], [0.170553610272299, -0.16909832601042946, 0.08322182717888735, -0.2157267698554504, 0.0167341137847844, 0.030106342617735565, -0.012685674621417571, 0.17605652809674852, 0.02252361200226904], [-0.07667461186037967, 0.2627442993758451, -0.11363252259990796, -0.1539619151775578, -0.1223820696388146, 0.41641948816893276, -0.20882857006149455, 0.16182531750159054, 0.08375426161613117], [0.016511435447365535, -0.11340648745228113, 0.16165412570488186, 0.056883306304576116, -0.11104870045109669, -0.13651538783630404, -0.10462220385965186, 0.015156313822350734, -0.11755595436127618], [-0.24804408499561134, 0.06877219462315283, -0.054465953168907004, -0.04190563811307659, -0.19120960879852236, 0.18041287694524707, 0.13284463357363527, 0.011476680178461065, 0.17724662207846692], [-0.06695989341725211, 0.013956169551619683, -0.22483026263274808, -0.07202087607613326, -0.043844218395001536, 0.01886966730330244, 0.1218269947952819, -0.02639459050377306, 0.05638990428737667], [-0.21991697442691677, -0.12354706229383955, -0.008616982401176154, 0.11681081923125697, -0.06050772700035453, -0.18192549022081514, -0.03643890553634217, -0.13842809542227416, 0.23508307679928403], [-0.09749825191430139, 0.05375968405869844, 0.016584444906103956, 0.2133943682473347, -0.16839721287361065, -0.09532362850891749, 0.09054753095230499, -0.04675111312229585, 0.004167128055053958], [-0.05083455779182359, -0.05048072252454001, 0.1591728845427098, -0.06711357299693799, 0.008301232904907599, -0.20711292034476322, -0.022922415950008178, 0.07830115708100498, -0.04057911033058293], [0.021475053245144437, -0.07263886954579311, 0.17931322824762375, -0.08457897734765271, 0.038114849516094985, 0.027113912777327207, 0.07061929661070727, 0.06699849613887517, -0.09950649414265789], [-0.08594748484551297, -0.06786149171016656, -0.04981478525937503, -0.12468543338547489, -0.15267421687632643, 0.03524504291072228, 0.04267544505232793, 0.01851998363116077, -0.21867424082897366], [0.13372310100521298, 0.10141540552046562, -0.09698706592137603, 0.022435368309054873, -0.24579016490673972, 0.27787125040286187, -0.11968596153803225, 0.07314342570286474, 0.18660528949780145], [0.07442489052468687, 0.017829023708651078, -0.10419384054578874, -0.13318598170408877, -0.11964114511600639, -0.04123456096551066, -0.013941158312004149, -0.043925902174487004, 0.10092594322172782], [0.013447652508637043, 0.05767574901730518, 0.1031624871431619, -0.1508253190378677, 0.021805280897456664, -0.04383926685104703, 0.056182456700519696, -0.04056284722573652, -0.10396351784068857], [-0.11724681306359795, 0.2322100604341806, -0.1904125892516426, 0.1344873753808986, -0.15951139582622792, 0.19909889873962391, 0.04856875601562435, 0.360079321927354, -0.09784012810876128], [-0.09411096816946093, 0.12361461682089739, -0.08336970426790113, -0.059543233251109655, 0.08520101151606332, 0.026093988107086654, 0.026176289686653285, 0.17781583480402022, -0.07779438564104148], [-0.12205729571402515, 0.0038987307323042814, 0.007349747357229165, -0.06396774883474084, 0.0604791419329457, -0.38848289889277493, -0.25753779446147823, 0.18673382081392406, 0.18737310896647022], [-0.0016725243685979643, -0.20073730953358765, 0.05667507630554578, 0.013241014381875088, -0.10244917085959236, 0.036508091970962546, 0.13173607500215667, -0.145053724919126, -0.04510441566002531]], "net.2.bias": [0.015131987887602253, -0.02010591474484945, 0.011115665176690744, 0.06435101483419198, -0.030764647237785703, 0.0, 0.0, 0.09193310585209707, -0.016440986648154177, 0.053753982976023434, -0.00999999953407909, -0.0027894604706202226, 0.0, 0.0, -0.047033489746522, 0.0038718781992692812, -0.012295942798631547, 0.0, -0.029764404892651985, -0.014591578045417348, 0.013439762433913115, -0.03049080976903397, -0.0062859916984133405, -0.02030620369360394, -0.016710297585777665],