{"net.0.weight": [[-0.04943502547424796, 0.06155675204835546, -0.06776167569148302], [-0.011689508194788336, 0.2553949486834504, 0.2286777380894919], [0.05400887017857318, 0.1856737099749565, 0.03675523379653993], [0.04658818812653476, -0.06033047218364842, -0.22964671837093914], [0.08396022627514915, 0.30028757411473644, -0.02922911533449648], [-0.09560894040523016, 0.01899643571181513, 0.10416728201574543], [0.09918144566956778, -0.05047817216852106, -0.12149811297402427], [-0.010646607246482583, 0.15702063078238482, 0.017908478374939977], [-0.040592363527561896, 0.12293110277920519, 0.06777353881146535]], "net.0.bias": [0.0, 0.05756536177350076, -0.0015162116412666981, -0.03394394898878018, 0.020332941090271832, 0.008765690357551554, 0.025937840469981047, -0.021352376718609376, -0.011164547639634505], "net.2.weight": [[-0.04678457990875216, 0.0799799240990298, 0.03956815638325661, 0.01786701397623338, 0.142304328157198, -0.01655142626872067, -0.16403736066027794, 0.16933187658786128, -0.06476347647443924], [0.18929919203259743, 0.021776532508657426, -0.1200847771613978, -0.10106531445605979, 0.11250550984545847, 0.06089900393554768, -0.1939786285539445, 0.15229395499705944, 0.15072136520122895], [0.08339682352974959, 0.1632861905159524, 0.05096673367937756, -0.1235274351256151, -0.041053352022627346, -0.5066519613300932, 0.03912012026476188, 0.12196736871407468, 0.11951977783640824], [0.12909529993343202, 0.023235977501958743, 0.14184711547290832, -0.16804603172462937, 0.08659168397349427, -0.20398127221052173, 0.20140162137082743, 0.12628653715193494, 0.11989931553050136], [0.09608695748120816, -0.162012688567737, 0.07058623138419266, -0.19676452955218743, 0.19206227795452038, -0.06055520204737993, -0.23117561794260405, -0.01418036666038085, -0.011027054721292699], [0.1688283079797707, -0.000593416206388035, -0.1199564997891385, -0.07169317387413163, 0.01072982346127982, -0.052182656170441793, 0.058407135537783886, 0.07087190293233557, 0.05887052362520443], [0.025107783310886186, -0.10935104792703193, -0.08491251830399942, -0.08604882921575316, -0.02538454811226632, -0.15617061810406743, 0.0042155934326048895, 0.06511780745562265, 0.006160422372923976], [0.027829294865065635, 0.3062619146413664, 0.10669324868873072, -0.25414153950179647, 0.21039485253216822, -0.41519375939299646, -0.18398930353744364, 0.017748229564687114, 0.19224647329325342], [0.170553610272299, -0.1694982864555515, 0.08282692380561071, -0.21574305570808713, 0.01631613783054382, 0.030106342617735565, -0.013137766745370986, 0.1758193402655582, 0.02252361200226904], [-0.07667461186037967, 0.2621666653890535, -0.11419517055136234, -0.1539619151775578, -0.12298657133306376, 0.41852240287653036, -0.20952547561140708, 0.16243440566192785, 0.0835056819268418], [0.016511435447365535, -0.11340648745228113, 0.16165412570488186, 0.056883306304576116, -0.11104870045109669, -0.13651538783630404, -0.10462220385965186, 0.015156313822350734, -0.11755595436127618], [-0.24804408499561134, 0.0702912266944784, -0.05318247780284946, -0.04190563811307659, -0.19032230843183068, 0.18256550259608073, 0.13284463357363527, 0.01366516773891564, 0.17904794454768364], [-0.06695989341725211, 0.013956169551619683, -0.22483026263274808, -0.07202087607613326, -0.043844218395001536, 0.01886966730330244, 0.1218269947952819, -0.02639459050377306, 0.05638990428737667], [-0.21991697442691677, -0.12354706229383955, -0.008616982401176154, 0.11681081923125697, -0.06050772700035453, -0.18192549022081514, -0.03643890553634217, -0.13842809542227416, 0.23508307679928403], [-0.09749825191430139, 0.05439357980887157, 0.017772870848419362, 0.21489606698296793, -0.1671653232146957, -0.09378105075283548, 0.09217873869664413, -0.046279884581030536, 0.004951342648467544], [-0.05083455779182359, -0.050498373507142286, 0.15833634083605658, -0.0693845991296477, 0.007394196063062223, -0.20955611346921313, -0.0245400650942293, 0.0771826725349052, -0.040722138686350544], [0.021475053245144437, -0.07277090028224775, 0.17835971359352745, -0.08802025516924734, 0.03702108188709332, 0.026960957427857334, 0.06881821092661997, 0.06538621977650619, -0.10088635854042738], [-0.08594748484551297, -0.06786149171016656, -0.04981478525937503, -0.12468543338547489, -0.15267421687632643, 0.03524504291072228, 0.04267544505232793, 0.01851998363116077, -0.21867424082897366], [0.13372310100521298, 0.10112801851116217, -0.09754004878177024, 0.022435368309054873, -0.24680614253778113, 0.27770659761501776, -0.11968596153803225, 0.07414532660466634, 0.18708845863808837], [0.07442489052468687, 0.017829023708651078, -0.10419384054578874, -0.13318598170408877, -0.11964114511600639, -0.04123456096551066, -0.013941158312004149, -0.043925902174487004, 0.10092594322172782], [0.013447652508637043, 0.057022374178235906, 0.10235172875411551, -0.15278694891153446, 0.02109493685344063, -0.046613557936103514, 0.05505177418674333, -0.0425757441227346, -0.10626296692372562], [-0.11724681306359795, 0.23096802724579912, -0.19123583356095142, 0.1344873753808986, -0.1601302303597048, 0.1973664759246462, 0.048833937745278444, 0.3603166594649296, -0.09930404846426928], [-0.09411096816946093, 0.12360018627728721, -0.08399177732811425, -0.061937699007314335, 0.08457702985061215, 0.026509535390216166, 0.024993665691799918, 0.17640960770580963, -0.07998844668859673], [-0.12205729571402515, 0.0030621952606494337, 0.006461759306153976, -0.06396774883474084, 0.059924737274816134, -0.39574544045571836, -0.2639296777128954, 0.18621222433179363, 0.18702510099102954], [-0.0016725243685979643, -0.2053336734147096, 0.057563875550771595, 0.01524492954335248, -0.10150904385473344, 0.036508091970962546, 0.1332090947385713, -0.1449861740985746, -0.04510441566002531]], "net.2.bias": [0.015221455101793192, -0.01976238640517567, 0.012102904820178697, 0.06406778096632937, -0.033040280239267306, 0.0, 0.0, 0.09322354975645393, -0.016855509997413108, 0.05267429311794024, -0.00999999953407909, -0.0018443409666527154, 0.0, 0.0, -0.045984330023470035, 0.0033880306083031654, -0.013146870729858547, 0.0, -0.030431875941763036, -0.014591578045417348, 0.012972764643912059, -0.03192387448415967, -0.006553261903311806, -0.021342390742898155, -0.015994474607604534],