{"net.0.weight": [[-0.04943502547424796, 0.06155675204835546, -0.06776167569148302], [-0.013481839440095084, 0.2547455600683812, 0.2276981806117441], [0.05304481715439609, 0.18398824262310648, 0.03583107331913223], [0.047000020006882505, -0.0608605245907842, -0.2308944082704516], [0.08305064280824687, 0.2988499934140738, -0.02983656241641849], [-0.09540937546522206, 0.020738427474839873, 0.10501853589652325], [0.09967848713899347, -0.052103676052822616, -0.1241421133563047], [-0.010780769892027274, 0.15747007956811213, 0.01811230238429155], [-0.04290897118139567, 0.12325037115824539, 0.06684637280683534]], "net.0.bias": [0.0, 0.05590694129269092, -0.002427504621945611, -0.03373848783023619, 0.01955073825267889, 0.0092808459825024, 0.025520341095908984, -0.021387337738987232, -0.01282692829503469], "net.2.weight": [[-0.04678457990875216, 0.0793787262472264, 0.03806976433975045, 0.016734361658881154, 0.14052688683066802, -0.016503386112351814, -0.16656265897917907, 0.16760508506240518, -0.06401286246788301], [0.18929919203259743, 0.02207130445202204, -0.11971057778356231, -0.10106531445605979, 0.11288923007237564, 0.06023280494973501, -0.1959014046462339, 0.1532943664795993, 0.15058242522433835], [0.08339682352974959, 0.16189977288907845, 0.049311503870877, -0.12329210452493491, -0.04279211531485214, -0.5087018354810855, 0.03713610719850555, 0.12011599564037585, 0.11941459471967879], [0.12909529993343202, 0.022912878489127486, 0.14103582949038057, -0.16877149969777144, 0.085770823723074, -0.20196969056243913, 0.20033429190133398, 0.12450615927689965, 0.1202177435191638], [0.09608695748120816, -0.16197905618276823, 0.07055836969334754, -0.19695722098832785, 0.19204872017076718, -0.06055520204737993, -0.23126867809647053, -0.014304083672839928, -0.010722237247799459], [0.1688283079797707, -0.000593416206388035, -0.1199564997891385, -0.07169317387413163, 0.01072982346127982, -0.052182656170441793, 0.058407135537783886, 0.07087190293233557, 0.05887052362520443], [0.025107783310886186, -0.10935104792703193, -0.08491251830399942, -0.08604882921575316, -0.02538454811226632, -0.15617061810406743, 0.0042155934326048895, 0.06511780745562265, 0.006160422372923976], [0.027829294865065635, 0.3053215772440714, 0.10550606628458564, -0.2553465743876583, 0.20924832590165707, -0.4175700768951195, -0.18562610216336514, 0.015940523609097593, 0.19223951337571438], [0.170553610272299, -0.16946378638092774, 0.08286116966304159, -0.21574282470695294, 0.016352434580199943, 0.030106342617735565, -0.013098102136120957, 0.17584319561572553, 0.02252361200226904], [-0.07667461186037967, 0.2635681763924213, -0.11268540283933692, -0.1539619151775578, -0.12150170322132975, 0.4222238989926756, -0.2082878275671728, 0.1646343127196254, 0.08418636063778523], [0.016511435447365535, -0.11340648745228113, 0.16165412570488186, 0.056883306304576116, -0.11104870045109669, -0.13651538783630404, -0.10462220385965186, 0.015156313822350734, -0.11755595436127618], [-0.24804408499561134, 0.07042862994775709, -0.05304840914422024, -0.04190563811307659, -0.19040746785555304, 0.1841203947242835, 0.13284463357363527, 0.014361801542889893, 0.17889075974773624], [-0.06695989341725211, 0.013956169551619683, -0.22483026263274808, -0.07202087607613326, -0.043844218395001536, 0.01886966730330244, 0.1218269947952819, -0.02639459050377306, 0.05638990428737667], [-0.21991697442691677, -0.12354706229383955, -0.008616982401176154, 0.11681081923125697, -0.06050772700035453, -0.18192549022081514, -0.03643890553634217, -0.13842809542227416, 0.23508307679928403], [-0.09749825191430139, 0.052596129003094585, 0.017580939784723377, 0.2153437930486997, -0.1670342008527444, -0.09555341854866954, 0.09299644832893758, -0.047333807004809623, 0.003192053733479221], [-0.05083455779182359, -0.0519947814993948, 0.15711104389073804, -0.07015059201246619, 0.006349919355428375, -0.21390410652761327, -0.025625952640520547, 0.0748448966929024, -0.042114609954586255], [0.021475053245144437, -0.07358139001591332, 0.17722243900822304, -0.09077068426903612, 0.03583224708461098, 0.026561242740297662, 0.0672877355008678, 0.06441984798415944, -0.10224191914678762], [-0.08594748484551297, -0.06786149171016656, -0.04981478525937503, -0.12468543338547489, -0.15267421687632643, 0.03524504291072228, 0.04267544505232793, 0.01851998363116077, -0.21867424082897366], [0.13372310100521298, 0.09990425904743896, -0.09839956432361678, 0.022435368309054873, -0.24715309190134505, 0.27537968743195657, -0.11968596153803225, 0.07385444172552627, 0.1857672033906485], [0.07442489052468687, 0.017829023708651078, -0.10419384054578874, -0.13318598170408877, -0.11964114511600639, -0.04123456096551066, -0.013941158312004149, -0.043925902174487004, 0.10092594322172782], [0.013447652508637043, 0.05667863969100446, 0.10181745750799688, -0.1535246220316856, 0.020621884636210428, -0.045651811329464935, 0.05441639886478804, -0.04410330865612233, -0.10694955248604368], [-0.11724681306359795, 0.23319950519061877, -0.18908722300126668, 0.1344873753808986, -0.15816009191827782, 0.20081168631812446, 0.05102812394508404, 0.3630248768470963, -0.09788580744840694], [-0.09411096816946093, 0.12181845234978897, -0.08480287673057808, -0.06253326558561578, 0.08411447651980776, 0.02229939735237646, 0.024660639628550203, 0.17395508649093128, -0.08490848941873384], [-0.12205729571402515, 0.004060461524071717, 0.006874890240194937, -0.06396774883474084, 0.06003176751710779, -0.39932217006424753, -0.2695441154044575, 0.187741171810925, 0.18907617388160358], [-0.0016725243685979643, -0.2069306353165988, 0.05901366134856817, 0.01734912532359112, -0.10003074169807168, 0.036508091970962546, 0.13510755834550206, -0.1496372357148422, -0.04510441566002531]], "net.2.bias": [0.014458298351623404, -0.020088684473232307, 0.010619422244890497, 0.06387570464454047, -0.03296048244980516, 0.0, 0.0, 0.09259081659788455, -0.016820769233449655, 0.05341128739749213, -0.00999999953407909, -0.002429904537463127, 0.0, 0.0, -0.04652185875868154, 0.0026874375444313914, -0.014260699890907018, 0.0, -0.0317190906038874, -0.014591578045417348, 0.013022388348082229, -0.030435485298305476, -0.006891143731283085, -0.020966980633915777, -0.01464206785276428],