{"net.0.weight": [[-0.04943502547424796, 0.06155675204835546, -0.06776167569148302], [-0.013142116043354558, 0.2572014628103382, 0.22725993982685164], [0.05267935242933093, 0.18398480079603777, 0.0358371290966478], [0.04753111482679315, -0.06180806007208085, -0.2325033946675179], [0.08314879457913732, 0.29936306073377306, -0.029443179510073754], [-0.09555861606467235, 0.020981432261744287, 0.1056346796703561], [0.09868638866207685, -0.05284634142967297, -0.12489080403607739], [-0.011391672725068462, 0.15770895727658632, 0.01600500840216831], [-0.042351761300942786, 0.1258517315449284, 0.06911922818830221]], "net.0.bias": [0.0, 0.056282772942815286, -0.0026189954598410895, -0.03345435784103467, 0.01979414258898161, 0.009515836130503915, 0.02470080607314302, -0.022290229830875398, -0.011503381363228595], "net.2.weight": [[-0.04678457990875216, 0.07869768752148477, 0.03727221096535748, 0.015245291584554082, 0.1398077259085919, -0.019048037147682877, -0.1680077552282643, 0.16625326814361752, -0.06452030761892479], [0.18929919203259743, 0.02326016755009866, -0.11900078588094264, -0.10106531445605979, 0.1131547876230069, 0.06256791298628663, -0.1998080888726983, 0.15390040317058817, 0.1517589257940803], [0.08339682352974959, 0.16273677503495057, 0.04952284541595562, -0.12086355294741288, -0.04277879598291631, -0.5078563997085942, 0.036445772947344746, 0.11876472449253908, 0.12138465668066893], [0.12909529993343202, 0.022899296599231633, 0.14061096073849777, -0.17065356997069203, 0.08538789417783726, -0.2042559475779113, 0.19928569552396583, 0.12353524386625196, 0.11891060488634883], [0.09608695748120816, -0.16418705268915076, 0.06805669557643884, -0.19734808759881628, 0.18949142417173354, -0.06055520204737993, -0.2340279571583369, -0.017042093053443803, -0.010928323448683516], [0.1688283079797707, -0.000593416206388035, -0.1199564997891385, -0.07169317387413163, 0.01072982346127982, -0.052182656170441793, 0.058407135537783886, 0.07087190293233557, 0.05887052362520443], [0.025107783310886186, -0.10935104792703193, -0.08491251830399942, -0.08604882921575316, -0.02538454811226632, -0.15617061810406743, 0.0042155934326048895, 0.06511780745562265, 0.006160422372923976], [0.027829294865065635, 0.3064756743789971, 0.10671648149908007, -0.25487825208576453, 0.210598573750592, -0.4192294029910047, -0.18469527107151457, 0.015940447199666877, 0.19297040098492466], [0.170553610272299, -0.16988664581037125, 0.08246328245367095, -0.21577876378707558, 0.01593257446469943, 0.030106342617735565, -0.013519292729729697, 0.17561629047150812, 0.02252361200226904], [-0.07667461186037967, 0.2628998198211438, -0.11336083378832426, -0.1539619151775578, -0.1222524387923606, 0.42428789795324384, -0.20923647050583366, 0.16491648736329487, 0.08366340575770337], [0.016511435447365535, -0.11340648745228113, 0.16165412570488186, 0.056883306304576116, -0.11104870045109669, -0.13651538783630404, -0.10462220385965186, 0.015156313822350734, -0.11755595436127618], [-0.24804408499561134, 0.07197337135086093, -0.051553261142271496, -0.04190563811307659, -0.1890607782782476, 0.18586022552375142, 0.13284463357363527, 0.016523330879787843, 0.18046426420183193], [-0.06695989341725211, 0.013956169551619683, -0.22483026263274808, -0.07202087607613326, -0.043844218395001536, 0.01886966730330244, 0.1218269947952819, -0.02639459050377306, 0.05638990428737667], [-0.21991697442691677, -0.12354706229383955, -0.008616982401176154, 0.11681081923125697, -0.06050772700035453, -0.18192549022081514, -0.03643890553634217, -0.13842809542227416, 0.23508307679928403], [-0.09749825191430139, 0.0532199676157313, 0.0192701303178215, 0.21728353162153, -0.16524359093167765, -0.09425562493442868, 0.0951924703425135, -0.04688498399848919, 0.0038474663991576083], [-0.05083455779182359, -0.05195447555115114, 0.15633019571141332, -0.07254030939987378, 0.0055034444171572616, -0.21720534253499277, -0.027261124948964623, 0.07399187165658748, -0.04222924444777965], [0.021475053245144437, -0.07417934626167005, 0.17626018218496142, -0.09195811395443379, 0.03483243805071812, 0.025849488908816064, 0.06592372260080728, 0.062266313908818594, -0.10327445743461823], [-0.08594748484551297, -0.06786149171016656, -0.04981478525937503, -0.12468543338547489, -0.15267421687632643, 0.03524504291072228, 0.04267544505232793, 0.01851998363116077, -0.21867424082897366], [0.13372310100521298, 0.09940216166611925, -0.09884251173629893, 0.022435368309054873, -0.24754459608670948, 0.2739502163309383, -0.11968596153803225, 0.07478596467812128, 0.18562703337887906], [0.07442489052468687, 0.017829023708651078, -0.10419384054578874, -0.13318598170408877, -0.11964114511600639, -0.04123456096551066, -0.013941158312004149, -0.043925902174487004, 0.10092594322172782], [0.013447652508637043, 0.05559514308768783, 0.10077762652573216, -0.1556217444004656, 0.01972717477788943, -0.04874312441219733, 0.053122696236875794, -0.0461592985033597, -0.10936021223430613], [-0.11724681306359795, 0.2315762396793945, -0.1904018410483293, 0.1344873753808986, -0.15934786597959097, 0.19941736091238044, 0.05011670045637518, 0.36261822906771085, -0.09975356393563402], [-0.09411096816946093, 0.12245465527922808, -0.08449456551506666, -0.06448484428620528, 0.08448944803775615, 0.02051912124269269, 0.024494018806466827, 0.17375720686809631, -0.0874964655049439], [-0.12205729571402515, 0.004927457022144391, 0.007012771257206768, -0.06396774883474084, 0.0597700350003463, -0.403602421749781, -0.277224919609341, 0.18802842315717772, 0.19072657669015958], [-0.0016725243685979643, -0.21216262782925102, 0.05819968187663939, 0.01755510938934238, -0.10081406034228851, 0.036508091970962546, 0.13482953705991926, -0.15216670293334084, -0.04510441566002531]], "net.2.bias": [0.01405672690434049, -0.01967050014725903, 0.011124265437757588, 0.06380243201267517, -0.0353789821012247, 0.0, 0.0, 0.09419308481151, -0.017258454573174254, 0.05218650991046625, -0.00999999953407909, -0.001414226711351749, 0.0, 0.0, -0.04503344473066395, 0.0022692719552576115, -0.015092368426021094, 0.0, -0.03241903051473557, -0.014591578045417348, 0.012330954694671539, -0.032380026721643154, -0.006249074940541791, -0.020786654503079118, -0.015626653217654735],