{"net.0.weight": [[-0.04943502547424796, 0.06155675204835546, -0.06776167569148302], [-0.012782232478413463, 0.2587364105084585, 0.22707765027938903], [0.053206815843878624, 0.18363473367424762, 0.03583353706315597], [0.045673414518869845, -0.0645658117187416, -0.23585788564379306], [0.0836844678510706, 0.2991526846864472, -0.029455375013655367], [-0.09562224900749965, 0.022512968269084745, 0.10627955118558448], [0.09910975865237369, -0.05378684795047046, -0.12609639809399778], [-0.010184590841252528, 0.15923459685975216, 0.01624001515405547], [-0.04440850647999206, 0.12613942291461716, 0.06844551504178578]], "net.0.bias": [0.0, 0.05667720134745416, -0.0021846023976982943, -0.035503885366580924, 0.020230828658153396, 0.009767184613533415, 0.02466461431359602, -0.021192434136027238, -0.012923178853187159], "net.2.weight": [[-0.04678457990875216, 0.0790271924688756, 0.03719467871638514, 0.015566660375935034, 0.13965938208838635, -0.018737951272885574, -0.16859034398941583, 0.16551977503567378, -0.06328843972827548], [0.18929919203259743, 0.02308633727840667, -0.11919445453820239, -0.10106531445605979, 0.11282513095626868, 0.06194225647362862, -0.2028994233332947, 0.1543422116382974, 0.1512390066926192], [0.08339682352974959, 0.16227811880747112, 0.04918257862990746, -0.1188961331338189, -0.04307954999840188, -0.5095102781841512, 0.03624708411577833, 0.11787262501476971, 0.1218147600249323], [0.12909529993343202, 0.02326695574947757, 0.1411534156000487, -0.16913285169526956, 0.08608498921567714, -0.20303233897319775, 0.20004217870145313, 0.12260875704022649, 0.11941601281112113], [0.09608695748120816, -0.16360946115996056, 0.06880444384104663, -0.19738346100376683, 0.19031478174820765, -0.06055520204737993, -0.23310153175782367, -0.016783775970250183, -0.011171470777798415], [0.1688283079797707, -0.000593416206388035, -0.1199564997891385, -0.07169317387413163, 0.01072982346127982, -0.052182656170441793, 0.058407135537783886, 0.07087190293233557, 0.05887052362520443], [0.025107783310886186, -0.10935104792703193, -0.08491251830399942, -0.08604882921575316, -0.02538454811226632, -0.15617061810406743, 0.0042155934326048895, 0.06511780745562265, 0.006160422372923976], [0.027829294865065635, 0.3064587798466634, 0.10699494735129501, -0.2533392966505635, 0.211103060630924, -0.4221856571698641, -0.18418489623468004, 0.01511420181701257, 0.19338362656977537], [0.170553610272299, -0.16986327078698732, 0.08248735562670283, -0.21577832162253527, 0.01595832324501349, 0.030106342617735565, -0.0134909131316334, 0.1756317468786834, 0.02252361200226904], [-0.07667461186037967, 0.26330604668381297, -0.11293113310416783, -0.1539619151775578, -0.12190783228538571, 0.42785879693262807, -0.20960822189011677, 0.16600768727019938, 0.08342741372921748], [0.016511435447365535, -0.11340648745228113, 0.16165412570488186, 0.056883306304576116, -0.11104870045109669, -0.13651538783630404, -0.10462220385965186, 0.015156313822350734, -0.11755595436127618], [-0.24804408499561134, 0.07208931482706893, -0.05151633373848556, -0.04190563811307659, -0.18933083216423863, 0.18794289042685217, 0.13284463357363527, 0.017066940170286714, 0.18027318456079103], [-0.06695989341725211, 0.013956169551619683, -0.22483026263274808, -0.07202087607613326, -0.043844218395001536, 0.01886966730330244, 0.1218269947952819, -0.02639459050377306, 0.05638990428737667], [-0.21991697442691677, -0.12354706229383955, -0.008616982401176154, 0.11681081923125697, -0.06050772700035453, -0.18192549022081514, -0.03643890553634217, -0.13842809542227416, 0.23508307679928403], [-0.09749825191430139, 0.05302795562786671, 0.01783496733942285, 0.21522608071466315, -0.16703460554279354, -0.09311874203991416, 0.09350465806708765, -0.04684628625050409, 0.004035299881595787], [-0.05083455779182359, -0.052445814268174774, 0.1564329312364636, -0.07123134446303214, 0.005856447187899549, -0.2222143714903369, -0.02669399797426129, 0.0726346232205383, -0.04283698189180298], [0.021475053245144437, -0.07447855973420615, 0.17577973612363781, -0.09375094349309937, 0.03433383969699083, 0.02623500689795005, 0.06521338180939687, 0.06167689793784794, -0.10438144057399934], [-0.08594748484551297, -0.06786149171016656, -0.04981478525937503, -0.12468543338547489, -0.15267421687632643, 0.03524504291072228, 0.04267544505232793, 0.01851998363116077, -0.21867424082897366], [0.13372310100521298, 0.09862748824003596, -0.09925907004283556, 0.022435368309054873, -0.2474056777807335, 0.2721126593115258, -0.11968596153803225, 0.074944859937932, 0.18465728438371462], [0.07442489052468687, 0.017829023708651078, -0.10419384054578874, -0.13318598170408877, -0.11964114511600639, -0.04123456096551066, -0.013941158312004149, -0.043925902174487004, 0.10092594322172782], [0.013447652508637043, 0.05590015310856452, 0.10149455517785166, -0.15416198764720446, 0.02066890386187225, -0.048467000481991665, 0.05423790513075333, -0.04689092338973458, -0.10967935548447981], [-0.11724681306359795, 0.2325831432123709, -0.18953280053093824, 0.1344873753808986, -0.15867588012321143, 0.20281816997231697, 0.05053363231069511, 0.364013178957121, -0.09943819082704645], [-0.09411096816946093, 0.12135405712165223, -0.08422227391754324, -0.06261303566782955, 0.08518286272840596, 0.013773752216816431, 0.02557048398084112, 0.17210191337649683, -0.09275128463743151], [-0.12205729571402515, 0.006970441327721365, 0.00822665893760752, -0.06396774883474084, 0.06036376546983813, -0.4054089267608761, -0.2826960428459767, 0.19009789074752745, 0.19388789291527916], [-0.0016725243685979643, -0.21579820432170282, 0.0575268250732607, 0.01740762958883614, -0.10148815156101275, 0.036508091970962546, 0.1345879028782158, -0.1572337820463734, -0.04510441566002531]], "net.2.bias": [0.014681690277304614, -0.02059084961864042, 0.010921502723214517, 0.06497654732038456, -0.03444737806438135, 0.0, 0.0, 0.09504322766333455, -0.017234016226248552, 0.051830797421309034, -0.00999999953407909, -0.0021136888810650246, 0.0, 0.0, -0.04665512399649282, 0.0029315050384355495, -0.01548207835008443, 0.0, -0.033336099968161094, -0.014591578045417348, 0.013641872311833177, -0.03219928302145517, -0.005455482402837947, -0.019600004661094083, -0.01648225820661272],