{"net.0.weight": [[-0.04943502547424796, 0.06155675204835546, -0.06776167569148302], [-0.019277440747459528, 0.11697982455323803, 0.202483632121702], [0.06616030620964568, 0.1581102503027632, 0.04795562915025859], [0.03731940783394049, 0.026791541055916225, -0.10453816546163038], [0.09211262009977535, 0.2207687537956898, -0.012058986014613632], [-0.05357602659337092, 0.10475368134802564, 0.06179650572766317], [0.0874063009617475, -0.04203901502267651, -0.0840919211609009], [-0.007625800348692459, 0.08013128276729044, 0.06531196883805644], [-0.01878505695916532, 0.08601674028958155, 0.07782146412835005]], "net.0.bias": [0.0, 0.028440212220907025, 0.004556773783016303, -0.02224736812104966, 0.023040550092432298, 0.016790726688887373, 0.025787029917360576, -0.016614379450735052, 0.004786844467128206], "net.2.weight": [[-0.04678457990875216, 0.07448695015188196, 0.044286645731336706, 0.09261593250664527, 0.14692582242022273, 0.038104901611575814, -0.11003184000561159, 0.17152346431697707, -0.0840577595837502], [0.18929919203259743, 0.027486328410305842, -0.11518934289739936, -0.057275362978000295, 0.11745686186903226, 0.10673581311386607, -0.1380082267078397, 0.15088883076787438, 0.16460783045593116], [0.08339682352974959, 0.14369307824167962, 0.06725490864237091, 0.017738303464185434, -0.028945987741643267, -0.08978568072568185, 0.16976802335370642, 0.08887193038680422, 0.07894084664764808], [0.12909529993343202, 0.005851355483908925, 0.14393791499268815, -0.10256201163683967, 0.08803588240838642, -0.14002773189638684, 0.23078064738798054, 0.13249752634923917, 0.12933510918171146], [0.09608695748120816, -0.13656407351056254, 0.0840632569925294, -0.16394030659033085, 0.19836765506013054, -0.008953686265294145, -0.22363876571616212, 0.030289857013286414, 0.02247444420992893], [0.1688283079797707, -0.000593416206388035, -0.1199564997891385, -0.07169317387413163, 0.01072982346127982, -0.052182656170441793, 0.058407135537783886, 0.07087190293233557, 0.05887052362520443], [0.025107783310886186, -0.10935104792703193, -0.08491251830399942, -0.08604882921575316, -0.02538454811226632, -0.15617061810406743, 0.0042155934326048895, 0.06511780745562265, 0.006160422372923976], [0.027829294865065635, 0.2534541843351907, 0.07905575788575925, -0.1036771575200023, 0.17674052837240362, -0.10255124228668358, -0.08944774732406245, -0.04220178548805377, 0.12978392317081647], [0.170553610272299, -0.14878366237411694, 0.10961979106335322, -0.08302297796620178, 0.044170552416850556, 0.07967092708736148, 0.04416547692941409, 0.19992721902001806, 0.0556753479394302], [-0.07667461186037967, 0.2385434847006624, -0.12249479348102314, -0.1539619151775578, -0.11844621047058658, 0.2865527228156807, -0.15681820761395235, 0.12411778416674157, 0.058934930939404384], [0.016511435447365535, -0.11340648745228113, 0.16165412570488186, 0.056883306304576116, -0.11104870045109669, -0.13651538783630404, -0.10462220385965186, 0.015156313822350734, -0.11755595436127618], [-0.24804408499561134, 0.04087213647278793, -0.031419146902824914, -0.04190563811307659, -0.10939916400320009, 0.020151277265879182, 0.14103516417892192, -0.0019326058023867803, 0.14780659092429269], [-0.06695989341725211, 0.013956169551619683, -0.22483026263274808, -0.07202087607613326, -0.043844218395001536, 0.01886966730330244, 0.1218269947952819, -0.02639459050377306, 0.05638990428737667], [-0.21991697442691677, -0.12354706229383955, -0.008616982401176154, 0.11681081923125697, -0.06050772700035453, -0.18192549022081514, -0.03643890553634217, -0.13842809542227416, 0.23508307679928403], [-0.09749825191430139, 0.09664560348692802, 0.049810928998601935, 0.22078554773776285, -0.13478679430984808, -0.0880084925845095, 0.10152714904906456, -0.01386309600298985, 0.044993836350577736], [-0.05083455779182359, -0.04299798490981436, 0.16477832389531685, -0.042697204538823356, 0.010592653656894992, -0.16334050854482393, -0.010999094938318433, 0.09466272846638889, -0.036834014546936925], [0.021475053245144437, -0.06729165720809316, 0.18866648768075903, -0.010104833456435047, 0.049278287355450597, 0.04990591217426418, 0.09285816490879324, 0.07754306191858315, -0.07408376625892887], [-0.08594748484551297, -0.06786149171016656, -0.04981478525937503, -0.12468543338547489, -0.15267421687632643, 0.03524504291072228, 0.04267544505232793, 0.01851998363116077, -0.21867424082897366], [0.13372310100521298, 0.08523286425132232, -0.0508607002602287, 0.022435368309054873, -0.12241364376037378, 0.12319243719153963, -0.07923529066661923, 0.07180530069811075, 0.16208295240625703], [0.07442489052468687, 0.02239816154244122, -0.09805833767440782, -0.13318598170408877, -0.1119732631909131, -0.0367715941143831, -0.013941158312004149, -0.037614670271393556, 0.1062245207884394], [0.013447652508637043, 0.04648484620903661, 0.10147965167083575, -0.1046821459744611, 0.020121023940391863, -0.06891719663333018, 0.06573732356914755, -0.023902160617807998, -0.09251137705921904], [-0.11724681306359795, 0.2262943642909531, -0.18522883128029705, 0.1344873753808986, -0.1439154387351524, 0.09544688214391941, 0.04773189710175833, 0.34793419513982987, -0.10324290190411912], [-0.09411096816946093, 0.1344876281050171, -0.07845741182957834, 0.00996591554621611, 0.08759827910531844, 0.046573788853537405, 0.03594370784123726, 0.20447924908869147, -0.021141143475526435], [-0.12205729571402515, 0.019771017418310163, 0.015382671277017425, -0.005939537424386327, 0.0622867548048254, -0.08876119424320818, -0.15536013505287935, 0.17476420558062356, 0.18275229538606289], [-0.0016725243685979643, -0.0828411665637759, 0.06154833425201779, -0.014511264457192311, -0.10081950422965252, 0.036508091970962546, 0.12344513011425667, -0.08605688297282207, -0.04509480899047125]], "net.2.bias": [0.009335494853743902, -5.387983384924416e-05, 0.04535117925671645, 0.05798255162197704, -0.026242094319261014, 0.0, 0.0, 0.07449824158509542, 0.014065456366283235, 0.05408036750430701, -0.00999999953407909, 0.00650293035372456, 0.0, 0.0, -0.004289916054091535, -0.0010075704521440223, 0.005245481926794959, 0.0, -0.006145768746499056, -0.009303651349609376, -0.0010980666513917803, -0.02321440852789264, -0.0028022630865794816, 0.0057858780234667576, -0.01521259931052751],