{"net.0.weight": [[-0.04943502547424796, 0.06155675204835546, -0.06776167569148302], [-0.012909953477321616, 0.2599752755976264, 0.2265671853773006], [0.053149410288333435, 0.1830975812475166, 0.03560768437723836], [0.04525211668039433, -0.06598782260926621, -0.23797689261626737], [0.08376822997964553, 0.29879170907068164, -0.029452035622283507], [-0.09557324628748685, 0.024279148020211885, 0.10688880022110299], [0.0992714772289872, -0.05436565454824118, -0.12688192436045279], [-0.010183274023553382, 0.15991361923226277, 0.015102836600427041], [-0.04488676828720773, 0.12764579776546636, 0.06952443926115229]], "net.0.bias": [0.0, 0.05661538156663725, -0.002218251013133276, -0.0361336535712137, 0.020361670189416377, 0.01006344401552635, 0.02459417872819686, -0.021378827580538332, -0.012686168773504916], "net.2.weight": [[-0.04678457990875216, 0.07876398671106097, 0.036597750574807866, 0.01506079774348271, 0.13902431961837944, -0.019835978139873287, -0.16984861083320146, 0.16444566018762596, -0.06293357650721361], [0.18929919203259743, 0.023468885669713883, -0.11911523524270833, -0.10106531445605979, 0.1125556160700443, 0.06320930333381321, -0.20632219415194206, 0.15496985669802646, 0.15169397946660432], [0.08339682352974959, 0.162325077008698, 0.048830368389333106, -0.11626807879014261, -0.043617148595000654, -0.5087431371869786, 0.035575381238734605, 0.11697210940069361, 0.12369378633977321], [0.12909529993343202, 0.022877333362709626, 0.14088301332814673, -0.16937780224189058, 0.08596577092144243, -0.20431772154990072, 0.1997294522159251, 0.12138331890049535, 0.11813824289244929], [0.09608695748120816, -0.16429992126942136, 0.06818910242327494, -0.1974270064379774, 0.18974511293768678, -0.06055520204737993, -0.23360362306437144, -0.01774095961867248, -0.011595832723347061], [0.1688283079797707, -0.000593416206388035, -0.1199564997891385, -0.07169317387413163, 0.01072982346127982, -0.052182656170441793, 0.058407135537783886, 0.07087190293233557, 0.05887052362520443], [0.025107783310886186, -0.10935104792703193, -0.08491251830399942, -0.08604882921575316, -0.02538454811226632, -0.15617061810406743, 0.0042155934326048895, 0.06511780745562265, 0.006160422372923976], [0.027829294865065635, 0.3067636442350711, 0.10730640812354542, -0.2526436060872068, 0.21152017956240643, -0.42401875501489594, -0.18401973720686005, 0.01455053750224587, 0.19410602470290397], [0.170553610272299, -0.16858065973720984, 0.08392007693844385, -0.2157532942547875, 0.017481514558672577, 0.030106342617735565, -0.011709573751672366, 0.17661412972467033, 0.02252361200226904], [-0.07667461186037967, 0.26360337767951597, -0.11265507623530335, -0.1539619151775578, -0.12170475856518169, 0.4302005408782417, -0.21040430489476733, 0.16694209162268847, 0.0833833566154342], [0.016511435447365535, -0.11340648745228113, 0.16165412570488186, 0.056883306304576116, -0.11104870045109669, -0.13651538783630404, -0.10462220385965186, 0.015156313822350734, -0.11755595436127618], [-0.24804408499561134, 0.0725185093637163, -0.05100569479930709, -0.04190563811307659, -0.18882024142768403, 0.189021907480337, 0.13284463357363527, 0.01809483309111581, 0.18044547193052485], [-0.06695989341725211, 0.013956169551619683, -0.22483026263274808, -0.07202087607613326, -0.043844218395001536, 0.01886966730330244, 0.1218269947952819, -0.02639459050377306, 0.05638990428737667], [-0.21991697442691677, -0.12354706229383955, -0.008616982401176154, 0.11681081923125697, -0.06050772700035453, -0.18192549022081514, -0.03643890553634217, -0.13842809542227416, 0.23508307679928403], [-0.09749825191430139, 0.05326491321696549, 0.018011769257838883, 0.21520991685970708, -0.16696557953667288, -0.092082535658123, 0.09380760561019734, -0.046752432577290164, 0.004445592395126856], [-0.05083455779182359, -0.05281693176535933, 0.15599727930195056, -0.07177126453416441, 0.00551736940190213, -0.2270370335726217, -0.027297169540177763, 0.07150867907250158, -0.04348006567331843], [0.021475053245144437, -0.07552078128252611, 0.1745270704971208, -0.0963226217125707, 0.0330722438900337, 0.02594206185921282, 0.06372327293568496, 0.06033816248985824, -0.10629491288996037], [-0.08594748484551297, -0.06786149171016656, -0.04981478525937503, -0.12468543338547489, -0.15267421687632643, 0.03524504291072228, 0.04267544505232793, 0.01851998363116077, -0.21867424082897366], [0.13372310100521298, 0.09819211266042782, -0.09925203529400932, 0.022435368309054873, -0.24667675664525934, 0.2702864865651892, -0.11968596153803225, 0.07551662290541271, 0.1840021223904655], [0.07442489052468687, 0.017829023708651078, -0.10419384054578874, -0.13318598170408877, -0.11964114511600639, -0.04123456096551066, -0.013941158312004149, -0.043925902174487004, 0.10092594322172782], [0.013447652508637043, 0.054961214463196434, 0.10102653340180333, -0.15450965485593043, 0.020453149944415914, -0.05062540802775338, 0.05404411952784305, -0.04848395503390635, -0.11175257951659417], [-0.11724681306359795, 0.2324771380697365, -0.18952077636650785, 0.1344873753808986, -0.15865582188240357, 0.20250296305052434, 0.05012450955789393, 0.3646610477711441, -0.10027723889485514], [-0.09411096816946093, 0.12060765592918635, -0.08430415678393008, -0.06269724625825215, 0.08535950924220286, 0.009029068753236577, 0.025749969142726988, 0.17083209722871545, -0.09816601169764838], [-0.12205729571402515, 0.009515711331345739, 0.009720742883593503, -0.06396774883474084, 0.06109400428102877, -0.40747700373075035, -0.2887874070345474, 0.1925039027604725, 0.19782796213496817], [-0.0016725243685979643, -0.2196072013279816, 0.0575064225194138, 0.01816802100598675, -0.10149348372426366, 0.036508091970962546, 0.13512112271928475, -0.1630138803343629, -0.04510441566002531]], "net.2.bias": [0.014710350467417706, -0.021085030858614455, 0.010845965235810764, 0.06522525027784078, -0.03484260554633021, 0.0, 0.0, 0.09592207750416104, -0.01589143725962502, 0.05138330796854573, -0.00999999953407909, -0.0023423645170974105, 0.0, 0.0, -0.0466386333056828, 0.0029904044592993727, -0.016621215014068776, 0.0, -0.03389699318523378, -0.014591578045417348, 0.013663569374371163, -0.0329295269693316, -0.005079972645553123, -0.018036009899845405, -0.01669503610931842],