{"net.0.weight": [[-0.04943502547424796, 0.06155675204835546, -0.06776167569148302], [-0.013555407785976319, 0.2604074748667081, 0.2252528365009302], [0.05298958897259656, 0.18267776874615882, 0.03578868788699494], [0.04502430380437092, -0.06732109280427132, -0.23999486395469843], [0.08362637870934059, 0.29843653855329383, -0.029331633208406205], [-0.09622453215380414, 0.024862688148903064, 0.10687928829554968], [0.09972971582704905, -0.05455799084634973, -0.12733787266809143], [-0.010950379199864057, 0.15982027852261693, 0.013679069470818676], [-0.04659170447720414, 0.12790499439564976, 0.06880648715423089]], "net.0.bias": [0.0, 0.055994198988918956, -0.0022137780056947958, -0.03657803623806708, 0.020363803201474285, 0.009688010945645604, 0.024814513641123713, -0.02234973622308306, -0.013906397728526528], "net.2.weight": [[-0.04678457990875216, 0.0790801341775791, 0.036141063625408164, 0.0139839813424087, 0.13826199970813052, -0.01893945295263914, -0.17160009949140442, 0.16340624704588516, -0.06162724039530344], [0.18929919203259743, 0.02298441211204407, -0.11960763585544482, -0.10106531445605979, 0.11204746037236435, 0.06203602257853451, -0.20893393147531414, 0.155273924299997, 0.15093079271385093], [0.08339682352974959, 0.16140188691972612, 0.04781223486369153, -0.11401871885880487, -0.04466805348106372, -0.5106026579602038, 0.03440195665573017, 0.11522652856447729, 0.12454021477090865], [0.12909529993343202, 0.022987445139288073, 0.14066083293347129, -0.16969472927679652, 0.085739527129218, -0.20315151770982334, 0.19920763966061572, 0.12014709057826681, 0.11840512754466939], [0.09608695748120816, -0.16442461905796987, 0.06771197908480699, -0.19745605077849024, 0.1892068520116518, -0.06055520204737993, -0.23455780604236104, -0.018070278583009188, -0.011605982067150727], [0.1688283079797707, -0.000593416206388035, -0.1199564997891385, -0.07169317387413163, 0.01072982346127982, -0.052182656170441793, 0.058407135537783886, 0.07087190293233557, 0.05887052362520443], [0.025107783310886186, -0.10935104792703193, -0.08491251830399942, -0.08604882921575316, -0.02538454811226632, -0.15617061810406743, 0.0042155934326048895, 0.06511780745562265, 0.006160422372923976], [0.027829294865065635, 0.3068156902042375, 0.10730945311042009, -0.2523941844265152, 0.21158619019412817, -0.4258659819813098, -0.1842801083692534, 0.013481908142321891, 0.19489757306641906], [0.170553610272299, -0.17100970198975818, 0.08139340284899406, -0.2159710489322989, 0.014793996279117476, 0.030106342617735565, -0.014645473360915389, 0.17511938401129853, 0.02252361200226904], [-0.07667461186037967, 0.2636753828652591, -0.11253348453531069, -0.1539619151775578, -0.12156936964099485, 0.431405108455867, -0.21062969910452328, 0.16782736942447432, 0.08285174193646282], [0.016511435447365535, -0.11340648745228113, 0.16165412570488186, 0.056883306304576116, -0.11104870045109669, -0.13651538783630404, -0.10462220385965186, 0.015156313822350734, -0.11755595436127618], [-0.24804408499561134, 0.07237474880327306, -0.05116414761659004, -0.04190563811307659, -0.1890333777429034, 0.18937753808365881, 0.13284463357363527, 0.018692278063170507, 0.18002014290530677], [-0.06695989341725211, 0.013956169551619683, -0.22483026263274808, -0.07202087607613326, -0.043844218395001536, 0.01886966730330244, 0.1218269947952819, -0.02639459050377306, 0.05638990428737667], [-0.21991697442691677, -0.12354706229383955, -0.008616982401176154, 0.11681081923125697, -0.06050772700035453, -0.18192549022081514, -0.03643890553634217, -0.13842809542227416, 0.23508307679928403], [-0.09749825191430139, 0.053630306062143536, 0.018269125615942235, 0.21513684167629374, -0.16681290766691484, -0.09083336928871309, 0.09412250960120812, -0.046898850000760585, 0.004919507359452191], [-0.05083455779182359, -0.053123568291875894, 0.15549592633739354, -0.07251602099796577, 0.005056227189416673, -0.2300658882201964, -0.0280915009157098, 0.0702678675887087, -0.043670269789596906], [0.021475053245144437, -0.07646478518443459, 0.1730608652450734, -0.10002368894614946, 0.03155613291267907, 0.02460328114556685, 0.061604655373566714, 0.05904015978408639, -0.1082822306027964], [-0.08594748484551297, -0.06786149171016656, -0.04981478525937503, -0.12468543338547489, -0.15267421687632643, 0.03524504291072228, 0.04267544505232793, 0.01851998363116077, -0.21867424082897366], [0.13372310100521298, 0.09788364226541629, -0.09893279382884887, 0.022435368309054873, -0.24525373023510638, 0.2677094423250504, -0.11968596153803225, 0.07677757629108102, 0.18330090202080174], [0.07442489052468687, 0.017829023708651078, -0.10419384054578874, -0.13318598170408877, -0.11964114511600639, -0.04123456096551066, -0.013941158312004149, -0.043925902174487004, 0.10092594322172782], [0.013447652508637043, 0.05495507308437494, 0.10091450242734362, -0.15488719116996064, 0.020389613652646757, -0.05013351102509872, 0.05378333050807041, -0.049645257182226656, -0.11219438033522997], [-0.11724681306359795, 0.23286722847810004, -0.18913742445873535, 0.1344873753808986, -0.15831664986723226, 0.2049242162628256, 0.0507121406190546, 0.3656547251923395, -0.10074092761894511], [-0.09411096816946093, 0.11961890963704112, -0.08455505301731966, -0.06278072592069289, 0.08535711752977146, 0.002119530937030512, 0.0257273143334134, 0.16927773214742706, -0.10439777093328365], [-0.12205729571402515, 0.010644757450325127, 0.009746450016795178, -0.06396774883474084, 0.0605232283542207, -0.4107560249998206, -0.2952408673312198, 0.19340455534320622, 0.20086807842645346], [-0.0016725243685979643, -0.22294434475120306, 0.058001398519448834, 0.019371617466296925, -0.1009843461609893, 0.036508091970962546, 0.13616708694775667, -0.16693676412314168, -0.04510441566002531]], "net.2.bias": [0.014932543307261535, -0.022203856705483107, 0.010078609575176157, 0.06553142528249402, -0.03521380374337521, 0.0, 0.0, 0.09646034810736363, -0.018510017387997256, 0.05087302115090913, -0.00999999953407909, -0.0031355292922186535, 0.0, 0.0, -0.04648247992257047, 0.0029338037221888413, -0.01797674393574047, 0.0, -0.03427822811660632, -0.014591578045417348, 0.014053472594236914, -0.033106295192216556, -0.004953354207767069, -0.017824790325078322, -0.016419541262893723],