{"net.0.weight": [[-0.04943502547424796, 0.06155675204835546, -0.06776167569148302], [-0.012964763406921435, 0.2624825165499681, 0.22363558921064564], [0.053086569127360206, 0.18258786562175303, 0.03580219187022319], [0.044450631137241826, -0.0690420955759718, -0.24243611991322278], [0.08396443652491088, 0.29851183892668626, -0.02905516220050872], [-0.09631414151592281, 0.026243091213540723, 0.10717269941625236], [0.0998128917709378, -0.05471403711202604, -0.12772674903193246], [-0.01061985196299752, 0.1612818337765601, 0.013303136970877719], [-0.046474543416042666, 0.12963133617064013, 0.07023109936360941]], "net.0.bias": [0.0, 0.0565180996161426, -0.0020600911131848816, -0.03737078703826852, 0.020756082693935165, 0.009758190914285475, 0.02482476628118476, -0.02203002691948692, -0.013183412891918371], "net.2.weight": [[-0.04678457990875216, 0.07844075232970166, 0.03566733477565884, 0.013976409440829892, 0.13794224412570144, -0.02083584199871353, -0.1721689382419784, 0.1620634927733338, -0.06192098681840763], [0.18929919203259743, 0.02432548515534092, -0.11885735067719652, -0.10106531445605979, 0.11223271785734718, 0.06591828332751594, -0.21156998800077512, 0.15632598096716724, 0.15258797713859418], [0.08339682352974959, 0.16434333046693048, 0.049364564117448224, -0.11039777441922492, -0.04374132379452045, -0.5033042842825127, 0.03476272171145204, 0.11546848686060245, 0.1306177619752676], [0.12909529993343202, 0.02344889202490078, 0.1410900495267902, -0.16993925276768782, 0.08625458221008381, -0.20363077459679, 0.19936090723536987, 0.11959965225550151, 0.1178419810740542], [0.09608695748120816, -0.16550656496262622, 0.06683116354600761, -0.19743917344131337, 0.18838503081614494, -0.06055520204737993, -0.2351647574120595, -0.019335085158318516, -0.011753457793621932], [0.1688283079797707, -0.000593416206388035, -0.1199564997891385, -0.07169317387413163, 0.01072982346127982, -0.052182656170441793, 0.058407135537783886, 0.07087190293233557, 0.05887052362520443], [0.025107783310886186, -0.10935104792703193, -0.08491251830399942, -0.08604882921575316, -0.02538454811226632, -0.15617061810406743, 0.0042155934326048895, 0.06511780745562265, 0.006160422372923976], [0.027829294865065635, 0.30649772133053704, 0.10758240978424186, -0.25123839146970023, 0.21212339342096276, -0.4311674441142829, -0.183688812309526, 0.012356589944268904, 0.1943578025332318], [0.170553610272299, -0.17100970198975818, 0.08139340284899406, -0.2159710489322989, 0.014793996279117476, 0.030106342617735565, -0.014645473360915389, 0.17511938401129853, 0.02252361200226904], [-0.07667461186037967, 0.2641093413469517, -0.11224541044850016, -0.1539619151775578, -0.12139170870897435, 0.437643739512874, -0.21083901552124718, 0.1687550088259829, 0.08306326115328048], [0.016511435447365535, -0.11340648745228113, 0.16165412570488186, 0.056883306304576116, -0.11104870045109669, -0.13651538783630404, -0.10462220385965186, 0.015156313822350734, -0.11755595436127618], [-0.24804408499561134, 0.06966809819952234, -0.05323738976686263, -0.04190563811307659, -0.19019553609283263, 0.183451670279851, 0.13284463357363527, 0.01825666108986238, 0.1766928384834699], [-0.06695989341725211, 0.013956169551619683, -0.22483026263274808, -0.07202087607613326, -0.043844218395001536, 0.01886966730330244, 0.1218269947952819, -0.02639459050377306, 0.05638990428737667], [-0.21991697442691677, -0.12354706229383955, -0.008616982401176154, 0.11681081923125697, -0.06050772700035453, -0.18192549022081514, -0.03643890553634217, -0.13842809542227416, 0.23508307679928403], [-0.09749825191430139, 0.060562777541149526, 0.02097497293307565, 0.2153252249026366, -0.16553128917747165, -0.08238703902844334, 0.09463596151069793, -0.04336660200446538, 0.012006742045335434], [-0.05083455779182359, -0.05298732822055851, 0.15536634541739344, -0.07344558586216976, 0.004951085296491929, -0.23424307325717703, -0.02864385334223297, 0.06952603402657924, -0.043898272365236794], [0.021475053245144437, -0.07834904296689307, 0.17045669574402825, -0.10427914169932789, 0.02885787961636363, 0.024618143584235634, 0.05846077833117935, 0.056292022952231256, -0.1100434130668907], [-0.08594748484551297, -0.06786149171016656, -0.04981478525937503, -0.12468543338547489, -0.15267421687632643, 0.03524504291072228, 0.04267544505232793, 0.01851998363116077, -0.21867424082897366], [0.13372310100521298, 0.10126065608433994, -0.09509901688680414, 0.022435368309054873, -0.24058603351681337, 0.2695086713124362, -0.11968596153803225, 0.08080983411332666, 0.1863037928112656], [0.07442489052468687, 0.017829023708651078, -0.10419384054578874, -0.13318598170408877, -0.11964114511600639, -0.04123456096551066, -0.013941158312004149, -0.043925902174487004, 0.10092594322172782], [0.013447652508637043, 0.05484399759751175, 0.10116686725047809, -0.15522117183433531, 0.020837941969222774, -0.05179267732939153, 0.05405382613433571, -0.050501836040527215, -0.11367295426169437], [-0.11724681306359795, 0.23140833497729846, -0.18991782348286976, 0.1344873753808986, -0.15870687968092234, 0.19958792694988178, 0.05093288614691276, 0.3657571492502348, -0.10417006040105212], [-0.09411096816946093, 0.12021533660823605, -0.08386856768467235, -0.06283356978713779, 0.08614462730683355, 0.0012433796586829092, 0.026316448232749725, 0.16878042667670326, -0.10750397822913091], [-0.12205729571402515, 0.013568124180266422, 0.011515204343617202, -0.06396774883474084, 0.0613906998637889, -0.41123479401432067, -0.3006847302524358, 0.19546183076927917, 0.20510753610838298], [-0.0016725243685979643, -0.22749508898337395, 0.058017643593932196, 0.02042455956403423, -0.10093598725675469, 0.036508091970962546, 0.1368119342211038, -0.16879570157478285, -0.04510441566002531]], "net.2.bias": [0.014966561672353634, -0.021841517726804295, 0.012166230155669065, 0.06640050298394445, -0.035955834904849375, 0.0, 0.0, 0.09718955158970936, -0.018510017387997256, 0.05059697377783142, -0.00999999953407909, -0.006117068098536336, 0.0, 0.0, -0.04341016997425811, 0.003212882410443621, -0.020356160741760308, 0.0, -0.031117835587313056, -0.014591578045417348, 0.014702668045859658, -0.034660689275315765, -0.0038573986183761816, -0.015726018066855342, -0.016606263215163272],