{"net.0.weight": [[-0.04943502547424796, 0.06155675204835546, -0.06776167569148302], [-0.012924465643145259, 0.2646851520176993, 0.2239063598575881], [0.05361852698507703, 0.18346102971454564, 0.03703409029373424], [0.04448721099736651, -0.07026649518976623, -0.24429309131338617], [0.08483631392306495, 0.2997252924567281, -0.027602392542270395], [-0.098966087119449, 0.023985768119808612, 0.10556001590589073], [0.09899687390172908, -0.055366796324567355, -0.12806496225089561], [-0.012403776021122404, 0.16116989631067097, 0.011693009010779753], [-0.0476636670747011, 0.1305646605645283, 0.07034048992298203]], "net.0.bias": [0.0, 0.05672702092810204, -0.0012538177510995775, -0.03754351225768081, 0.021865090414365077, 0.007577955030433603, 0.0242387264660963, -0.023915889648260236, -0.013771072892649994], "net.2.weight": [[-0.04678457990875216, 0.0796984298748375, 0.0365456433764211, 0.013183668602138328, 0.1387419310779806, -0.0203409270534222, -0.17243829170741323, 0.16203551629995736, -0.06045754714869195], [0.18929919203259743, 0.024262957680606614, -0.11922848535273468, -0.10106531445605979, 0.11153073467941357, 0.06716257849406146, -0.21544241255012506, 0.15562577949631806, 0.15242650178988515], [0.08339682352974959, 0.1664977051181551, 0.0505603893079268, -0.11153963040135068, -0.042864697484937715, -0.5006336378537461, 0.03432807760153285, 0.11358659057482623, 0.13395073163188823], [0.12909529993343202, 0.024612518986585834, 0.14155876116555094, -0.17035629510711345, 0.08666117657915533, -0.20300706503243257, 0.19909055340536075, 0.11929043664665785, 0.11862406296591903], [0.09608695748120816, -0.16705659249739288, 0.06549680449316322, -0.19740695776739867, 0.18711526839502693, -0.06055520204737993, -0.23620147761419366, -0.021193284857997395, -0.01276903136917331], [0.1688283079797707, -0.000593416206388035, -0.1199564997891385, -0.07169317387413163, 0.01072982346127982, -0.052182656170441793, 0.058407135537783886, 0.07087190293233557, 0.05887052362520443], [0.025107783310886186, -0.10935104792703193, -0.08491251830399942, -0.08604882921575316, -0.02538454811226632, -0.15617061810406743, 0.0042155934326048895, 0.06511780745562265, 0.006160422372923976], [0.027829294865065635, 0.3081065086669951, 0.10890582865455806, -0.25128562997012116, 0.21346265546682447, -0.43220968858289777, -0.18313167634626654, 0.012266614653331953, 0.19586733898487368], [0.170553610272299, -0.17100970198975818, 0.08139340284899406, -0.2159710489322989, 0.014793996279117476, 0.030106342617735565, -0.014645473360915389, 0.17511938401129853, 0.02252361200226904], [-0.07667461186037967, 0.2626905050703467, -0.11363536103219886, -0.1539619151775578, -0.12278429570694645, 0.4376737950061113, -0.21241064309470833, 0.16860053199879146, 0.08150743209371873], [0.016511435447365535, -0.11340648745228113, 0.16165412570488186, 0.056883306304576116, -0.11104870045109669, -0.13651538783630404, -0.10462220385965186, 0.015156313822350734, -0.11755595436127618], [-0.24804408499561134, 0.06992480651950538, -0.053200292562072996, -0.04190563811307659, -0.1905029941834208, 0.18461639363410737, 0.13284463357363527, 0.01927317616071531, 0.17701910352296835], [-0.06695989341725211, 0.013956169551619683, -0.22483026263274808, -0.07202087607613326, -0.043844218395001536, 0.01886966730330244, 0.1218269947952819, -0.02639459050377306, 0.05638990428737667], [-0.21991697442691677, -0.12354706229383955, -0.008616982401176154, 0.11681081923125697, -0.06050772700035453, -0.18192549022081514, -0.03643890553634217, -0.13842809542227416, 0.23508307679928403], [-0.09749825191430139, 0.056780329842051114, 0.017620512489586126, 0.21297764349244838, -0.16864300964983414, -0.08326871706410686, 0.09260468466725028, -0.04622188366262173, 0.009100707277334943], [-0.05083455779182359, -0.052355727954608806, 0.1552031285591696, -0.07469994475870707, 0.004719649898841201, -0.23719871167611664, -0.029645796816892445, 0.06885123083159436, -0.04336677233248015], [0.021475053245144437, -0.07766803079230723, 0.1697438843948886, -0.10902982911862967, 0.027964412639618248, 0.02542855782698989, 0.05649132194920302, 0.05377982896530471, -0.11171416200559695], [-0.08594748484551297, -0.06786149171016656, -0.04981478525937503, -0.12468543338547489, -0.15267421687632643, 0.03524504291072228, 0.04267544505232793, 0.01851998363116077, -0.21867424082897366], [0.13372310100521298, 0.09772846086208552, -0.09867256590628622, 0.022435368309054873, -0.24405049232191436, 0.26476271049685873, -0.11968596153803225, 0.08084544799320759, 0.18323554901420336], [0.07442489052468687, 0.017829023708651078, -0.10419384054578874, -0.13318598170408877, -0.11964114511600639, -0.04123456096551066, -0.013941158312004149, -0.043925902174487004, 0.10092594322172782], [0.013447652508637043, 0.05546604389813902, 0.10132936439593672, -0.1560884446641614, 0.020990038388863354, -0.05268905827439736, 0.05355741407888513, -0.05133060993581376, -0.11393863931182932], [-0.11724681306359795, 0.23040072338147413, -0.19083175192275767, 0.1344873753808986, -0.15959520204940486, 0.20114092981108928, 0.05060825196671597, 0.3658529561350061, -0.10570408112250634], [-0.09411096816946093, 0.12018418758639503, -0.08385520006337807, -0.06352130583572674, 0.08628632041451696, -0.005980498990546576, 0.026012628180178427, 0.16789939042763835, -0.11456859083595909], [-0.12205729571402515, 0.013941261217819094, 0.010869282964564287, -0.06396774883474084, 0.060356484230891044, -0.41498006675034, -0.30808923355953627, 0.1944679350274324, 0.207019256564938], [-0.0016725243685979643, -0.23180053642637033, 0.0575534644520913, 0.02054502570568751, -0.10141891808681205, 0.036508091970962546, 0.13679004721947058, -0.16459802956336833, -0.04510441566002531]], "net.2.bias": [0.016337649858443538, -0.02261385375041049, 0.013765421991052924, 0.0673394159614507, -0.03715865125845665, 0.0, 0.0, 0.09897597375230233, -0.018510017387997256, 0.04858619909289858, -0.00999999953407909, -0.0065524925944507005, 0.0, 0.0, -0.04707958393713069, 0.003475635564472181, -0.020686827457540954, 0.0, -0.03522182184942952, -0.014591578045417348, 0.015325647315252008, -0.036171211012759295, -0.003482537876554182, -0.016404292486336784, -0.01739132575912088],