{"net.0.weight": [[-0.04943502547424796, 0.06155675204835546, -0.06776167569148302], [-0.013825866909868091, 0.2661865622672727, 0.22358474099370584], [0.052769330756147224, 0.18285737867611715, 0.035866640417081555], [0.0454765167182713, -0.07062748062337515, -0.24522800220816207], [0.08376832436627056, 0.29917519785410956, -0.02923921813539544], [-0.09814936740680388, 0.02367009579431679, 0.10768392374724221], [0.0988431852430924, -0.056483002923538514, -0.1295625667296507], [-0.013507272396861536, 0.16231834965826028, 0.010674040727463568], [-0.048442573268943925, 0.13205323713246556, 0.07002882695524236]], "net.0.bias": [0.0, 0.05600509846747329, -0.0021744596040972866, -0.036748842346745685, 0.020649667181504495, 0.009080728411404877, 0.02368569803240552, -0.025002304523857703, -0.014327373844923465], "net.2.weight": [[-0.04678457990875216, 0.07911499688768643, 0.035557602416300446, 0.010361282321843966, 0.13770299512669645, -0.021213098421442714, -0.1740802119585731, 0.1601994021048353, -0.06109170303081568], [0.18929919203259743, 0.02420492360478246, -0.11912991294241462, -0.10106531445605979, 0.11177859922479011, 0.06714388776363694, -0.21728506884402626, 0.15496973770860967, 0.1514883914329604], [0.08339682352974959, 0.16533764188420522, 0.04975805298755102, -0.11373310337146263, -0.0434101527767864, -0.5022721056739512, 0.03377419859863188, 0.10972130936762779, 0.13074115688858806], [0.12909529993343202, 0.023965141972208597, 0.1408266483998988, -0.17191306875475065, 0.0860207094507887, -0.20377231453935732, 0.1982385918679396, 0.11737603530453934, 0.11568995729503802], [0.09608695748120816, -0.16738688238731073, 0.06501363960589275, -0.19740760166599905, 0.18659265078961554, -0.06055520204737993, -0.23685485803176495, -0.021395086661152092, -0.01276903136917331], [0.1688283079797707, -0.000593416206388035, -0.1199564997891385, -0.07169317387413163, 0.01072982346127982, -0.052182656170441793, 0.058407135537783886, 0.07087190293233557, 0.05887052362520443], [0.025107783310886186, -0.10935104792703193, -0.08491251830399942, -0.08604882921575316, -0.02538454811226632, -0.15617061810406743, 0.0042155934326048895, 0.06511780745562265, 0.006160422372923976], [0.027829294865065635, 0.3071951470687816, 0.10810427398141961, -0.25390883849448526, 0.21283331014464893, -0.43547923071025113, -0.18418623431078204, 0.010121350992060579, 0.19322198243025462], [0.170553610272299, -0.17100970198975818, 0.08139340284899406, -0.2159710489322989, 0.014793996279117476, 0.030106342617735565, -0.014645473360915389, 0.17511938401129853, 0.02252361200226904], [-0.07667461186037967, 0.2642078021517656, -0.11212929191079672, -0.1539619151775578, -0.12133535165869433, 0.43952665207002634, -0.21166646499869782, 0.1712604856146099, 0.08398774711078413], [0.016511435447365535, -0.11340648745228113, 0.16165412570488186, 0.056883306304576116, -0.11104870045109669, -0.13651538783630404, -0.10462220385965186, 0.015156313822350734, -0.11755595436127618], [-0.24804408499561134, 0.07291968780141367, -0.05052406154695518, -0.04190563811307659, -0.18842395479680896, 0.18772419732519163, 0.13284463357363527, 0.0228131566672892, 0.1807603184726136], [-0.06695989341725211, 0.013956169551619683, -0.22483026263274808, -0.07202087607613326, -0.043844218395001536, 0.01886966730330244, 0.1218269947952819, -0.02639459050377306, 0.05638990428737667], [-0.21991697442691677, -0.12354706229383955, -0.008616982401176154, 0.11681081923125697, -0.06050772700035453, -0.18192549022081514, -0.03643890553634217, -0.13842809542227416, 0.23508307679928403], [-0.09749825191430139, 0.05769356544522631, 0.017370663831153377, 0.21262396350974047, -0.16931545121106298, -0.08118466652335651, 0.09243556041905203, -0.045284081753601574, 0.011261841681310298], [-0.05083455779182359, -0.052875148260516903, 0.15452772707080942, -0.07631511880420226, 0.00411970794541335, -0.2408815132857085, -0.030442228800189635, 0.06708489852004997, -0.04597009008023594], [0.021475053245144437, -0.07890887000044029, 0.16905567876060382, -0.11059715811703717, 0.027529105224402606, 0.023434252695306582, 0.05632772354662358, 0.049902704930778315, -0.11807192201562441], [-0.08594748484551297, -0.06786149171016656, -0.04981478525937503, -0.12468543338547489, -0.15267421687632643, 0.03524504291072228, 0.04267544505232793, 0.01851998363116077, -0.21867424082897366], [0.13372310100521298, 0.09996196873437434, -0.09677658116576159, 0.022435368309054873, -0.24279378632390522, 0.26576969355951807, -0.11968596153803225, 0.08574497205694125, 0.18679332786294053], [0.07442489052468687, 0.017829023708651078, -0.10419384054578874, -0.13318598170408877, -0.11964114511600639, -0.04123456096551066, -0.013941158312004149, -0.043925902174487004, 0.10092594322172782], [0.013447652508637043, 0.05475132375630374, 0.10079046184117338, -0.15756856592209817, 0.020614127985345135, -0.05401218670944909, 0.05317466823039828, -0.05360880380045208, -0.11723016592865192], [-0.11724681306359795, 0.23241456978041175, -0.18891251727618516, 0.1344873753808986, -0.15780177020819763, 0.2029701294242118, 0.052557646007740266, 0.36853829836365404, -0.10281612250214331], [-0.09411096816946093, 0.11856730934637079, -0.08468468282450661, -0.06480567224160323, 0.0857330474290908, -0.012762047348117207, 0.02547083303110896, 0.16588569452236068, -0.12468828874906483], [-0.12205729571402515, 0.011598820687622352, 0.009014717811899498, -0.06396774883474084, 0.059281302051528616, -0.42230569934015255, -0.3140498760108592, 0.19237197779173063, 0.20401031554653953], [-0.0016725243685979643, -0.23484528771283578, 0.0580739379950255, 0.02171713319633102, -0.10091353096178836, 0.036508091970962546, 0.13760259577302478, -0.16442120455142684, -0.04510441566002531]], "net.2.bias": [0.015706931448246583, -0.022789622559153885, 0.013137448526322917, 0.06691361636812249, -0.037646479962528796, 0.0, 0.0, 0.09842290264627407, -0.018510017387997256, 0.049646494232924374, -0.00999999953407909, -0.004103176289802777, 0.0, 0.0, -0.04729219515160546, 0.0031046195948424603, -0.021100272240236317, 0.0, -0.03345166010527479, -0.014591578045417348, 0.015106054618756642, -0.03460517609544502, -0.004102124754895614, -0.018529888460241586, -0.0171421439539022],