{"net.0.weight": [[-0.04943502547424796, 0.06155675204835546, -0.06776167569148302], [-0.014269035181680986, 0.26666955038863416, 0.22230138468620952], [0.05299556451255873, 0.1824788882127917, 0.035823261783069923], [0.04481335044760788, -0.07216839328024299, -0.24739820038228333], [0.08385451260872637, 0.29874363354517114, -0.029300187625840312], [-0.0979788977889956, 0.025494667709160243, 0.1083149668267688], [0.09971276162055526, -0.05696558570376273, -0.1304125861128866], [-0.014488315737889433, 0.16233568777947568, 0.009425906755759977], [-0.049244598662312, 0.13309097634968908, 0.07039053533106976]], "net.0.bias": [0.0, 0.05553643620089016, -0.0019614332414827343, -0.03758720085884014, 0.02075402238460999, 0.009458246433964868, 0.024072785875910413, -0.02608767960466345, -0.014585623715620902], "net.2.weight": [[-0.04678457990875216, 0.07892586347494501, 0.03501210351533203, 0.009698943815225734, 0.13709376801206152, -0.022079231550704154, -0.1753218338213548, 0.15927388093254968, -0.06069044184582898], [0.18929919203259743, 0.024187746282507746, -0.11934131986819269, -0.10106531445605979, 0.1113079373998262, 0.06798090802518426, -0.22046874802617772, 0.1552407972533738, 0.151569329594925], [0.08339682352974959, 0.1649198293181739, 0.049433605968657715, -0.11115654561611073, -0.04371454628586973, -0.5021690411900834, 0.03388326130852917, 0.10856974796538982, 0.13125268547657767], [0.12909529993343202, 0.023874346072094474, 0.14096985062194403, -0.1711054096659931, 0.08633691505886926, -0.20470150918319832, 0.19845310437189, 0.11676334548570252, 0.11456846765435812], [0.09608695748120816, -0.16738688238731073, 0.06501363960589275, -0.19740760166599905, 0.18659265078961554, -0.06055520204737993, -0.23685485803176495, -0.021395086661152092, -0.01276903136917331], [0.1688283079797707, -0.000593416206388035, -0.1199564997891385, -0.07169317387413163, 0.01072982346127982, -0.052182656170441793, 0.058407135537783886, 0.07087190293233557, 0.05887052362520443], [0.025107783310886186, -0.10935104792703193, -0.08491251830399942, -0.08604882921575316, -0.02538454811226632, -0.15617061810406743, 0.0042155934326048895, 0.06511780745562265, 0.006160422372923976], [0.027829294865065635, 0.30716976872825186, 0.10791928936004941, -0.25458745216262024, 0.2127185388375472, -0.43712044646735415, -0.18482236775956823, 0.009568271056026624, 0.19337931393955435], [0.170553610272299, -0.17100970198975818, 0.08139340284899406, -0.2159710489322989, 0.014793996279117476, 0.030106342617735565, -0.014645473360915389, 0.17511938401129853, 0.02252361200226904], [-0.07667461186037967, 0.26450428810256776, -0.11176330596030098, -0.1539619151775578, -0.12098048211027661, 0.4412599251315341, -0.21194990346670073, 0.17222854460555223, 0.08390345856665005], [0.016511435447365535, -0.11340648745228113, 0.16165412570488186, 0.056883306304576116, -0.11104870045109669, -0.13651538783630404, -0.10462220385965186, 0.015156313822350734, -0.11755595436127618], [-0.24804408499561134, 0.07350301549169413, -0.04989878963956375, -0.04190563811307659, -0.1878527584212539, 0.18907886603642282, 0.13284463357363527, 0.023974779669805973, 0.18119860098022378], [-0.06695989341725211, 0.013956169551619683, -0.22483026263274808, -0.07202087607613326, -0.043844218395001536, 0.01886966730330244, 0.1218269947952819, -0.02639459050377306, 0.05638990428737667], [-0.21991697442691677, -0.12354706229383955, -0.008616982401176154, 0.11681081923125697, -0.06050772700035453, -0.18192549022081514, -0.03643890553634217, -0.13842809542227416, 0.23508307679928403], [-0.09749825191430139, 0.05586947891985737, 0.016128181161331776, 0.21193890159856799, -0.17032228510103933, -0.08175383802548154, 0.09212134356936907, -0.04808446432507038, 0.00968180024716009], [-0.05083455779182359, -0.053041007489127566, 0.1545578532458616, -0.07578511163617924, 0.0042978436986769505, -0.24730803359687936, -0.03035089820476335, 0.06643918506525924, -0.04694296698465898], [0.021475053245144437, -0.07907659032001522, 0.16885990631918568, -0.11166084182994408, 0.0273918289187325, 0.02417472695798722, 0.056095296918582324, 0.04913163192942928, -0.11963323670250386], [-0.08594748484551297, -0.06786149171016656, -0.04981478525937503, -0.12468543338547489, -0.15267421687632643, 0.03524504291072228, 0.04267544505232793, 0.01851998363116077, -0.21867424082897366], [0.13372310100521298, 0.09987286080508793, -0.09649969149490964, 0.022435368309054873, -0.24189162876245168, 0.26463359626005095, -0.11968596153803225, 0.08696833080708025, 0.18650522804198127], [0.07442489052468687, 0.017829023708651078, -0.10419384054578874, -0.13318598170408877, -0.11964114511600639, -0.04123456096551066, -0.013941158312004149, -0.043925902174487004, 0.10092594322172782], [0.013447652508637043, 0.05423123389575733, 0.10074057320665006, -0.15720701577646612, 0.020799119039808803, -0.05587458219626602, 0.053406238668681376, -0.05460886555256516, -0.1190705439609954], [-0.11724681306359795, 0.23263219008958688, -0.18856625769400778, 0.1344873753808986, -0.15743996103817867, 0.20365840037871463, 0.052872074547493826, 0.3693695666542676, -0.10325099410135688], [-0.09411096816946093, 0.11783869707666954, -0.08469108532964156, -0.0641135462277917, 0.08600202461373867, -0.01840222855729299, 0.025711192734578038, 0.1651772590818599, -0.1307401764699466], [-0.12205729571402515, 0.013040715766710386, 0.010014996529601918, -0.06396774883474084, 0.05997893276614116, -0.42346893404532154, -0.3190762767463983, 0.19396570176484976, 0.20641133199370593], [-0.0016725243685979643, -0.23839444981242466, 0.05700032291590568, 0.02086964880166028, -0.10201706318458578, 0.036508091970962546, 0.13685344562304266, -0.16442120455142684, -0.04510441566002531]], "net.2.bias": [0.015829060328184694, -0.023586381191579565, 0.013017221366098834, 0.0676063885985101, -0.037646479962528796, 0.0, 0.0, 0.09878180824770923, -0.018510017387997256, 0.04925566985388715, -0.00999999953407909, -0.004206682682226645, 0.0, 0.0, -0.04849554473986433, 0.003643664572244733, -0.021044847178167157, 0.0, -0.03366429558753008, -0.014591578045417348, 0.015563168496581804, -0.034983591783493743, -0.0036440991746890966, -0.017361333560328707, -0.018440136540870903],