{"net.0.weight": [[-0.04943502547424796, 0.06155675204835546, -0.06776167569148302], [-0.01454381354429508, 0.2677891586191493, 0.222181817173363], [0.0531166541898468, 0.18210258571964, 0.03573708101217291], [0.04451354683852697, -0.07357462515465746, -0.2495999180367358], [0.08385491676775081, 0.29834534934833906, -0.02921908506456218], [-0.09846657563716021, 0.026653637565404644, 0.10834365780138068], [0.10014864337744055, -0.05780596269594152, -0.13163812950133108], [-0.015337599197955729, 0.1626363098959882, 0.008412859466793631], [-0.04970477852366733, 0.13425938197203394, 0.0710673543678343]], "net.0.bias": [0.0, 0.05541004385689671, -0.0018362597645669636, -0.03809971074755903, 0.02084494020676069, 0.009185553355657015, 0.02402280972804206, -0.02700594858149748, -0.01451205258803334], "net.2.weight": [[-0.04678457990875216, 0.07888483436879232, 0.03463014738858755, 0.008404880161956849, 0.13662321288254514, -0.02254515971093507, -0.17653548124464113, 0.15852271032335644, -0.06028915830782739], [0.18929919203259743, 0.024287529075493492, -0.11955080520093646, -0.10106531445605979, 0.11078076048653479, 0.06932144408741346, -0.2234654365103931, 0.15532639221273678, 0.15190939729630554], [0.08339682352974959, 0.16462689984850087, 0.04904313027454415, -0.10976470478881764, -0.044168523271991486, -0.5009153368903605, 0.03381233224668277, 0.10707992295321316, 0.13227027076266648], [0.12909529993343202, 0.02365215154893845, 0.14094872590169188, -0.17096699952454716, 0.08644701704754958, -0.20521411086172778, 0.19851187267120662, 0.11594381100641245, 0.11335513785661216], [0.09608695748120816, -0.16738688238731073, 0.06501363960589275, -0.19740760166599905, 0.18659265078961554, -0.06055520204737993, -0.23685485803176495, -0.021395086661152092, -0.01276903136917331], [0.1688283079797707, -0.000593416206388035, -0.1199564997891385, -0.07169317387413163, 0.01072982346127982, -0.052182656170441793, 0.058407135537783886, 0.07087190293233557, 0.05887052362520443], [0.025107783310886186, -0.10935104792703193, -0.08491251830399942, -0.08604882921575316, -0.02538454811226632, -0.15617061810406743, 0.0042155934326048895, 0.06511780745562265, 0.006160422372923976], [0.027829294865065635, 0.3072943836538135, 0.1077380098004932, -0.2564217719712187, 0.21253394546562832, -0.43784160152450663, -0.18559658283309988, 0.00900533822354002, 0.1937554877110816], [0.170553610272299, -0.17100970198975818, 0.08139340284899406, -0.2159710489322989, 0.014793996279117476, 0.030106342617735565, -0.014645473360915389, 0.17511938401129853, 0.02252361200226904], [-0.07667461186037967, 0.26507310016245345, -0.11109735339223102, -0.1539619151775578, -0.1202649304936077, 0.4423085983885533, -0.21169570164292464, 0.17345509084556138, 0.0840185827331094], [0.016511435447365535, -0.11340648745228113, 0.16165412570488186, 0.056883306304576116, -0.11104870045109669, -0.13651538783630404, -0.10462220385965186, 0.015156313822350734, -0.11755595436127618], [-0.24804408499561134, 0.07376152135140909, -0.04960869018417351, -0.04190563811307659, -0.18754594568010374, 0.18957456081221907, 0.13284463357363527, 0.02492092003993419, 0.18133239673605517], [-0.06695989341725211, 0.013956169551619683, -0.22483026263274808, -0.07202087607613326, -0.043844218395001536, 0.01886966730330244, 0.1218269947952819, -0.02639459050377306, 0.05638990428737667], [-0.21991697442691677, -0.12354706229383955, -0.008616982401176154, 0.11681081923125697, -0.06050772700035453, -0.18192549022081514, -0.03643890553634217, -0.13842809542227416, 0.23508307679928403], [-0.09749825191430139, 0.054520934546141535, 0.015852509135238235, 0.21229394602271046, -0.1702463400217768, -0.08239507626195898, 0.09281029477076415, -0.05010518342202557, 0.008453226631911772], [-0.05083455779182359, -0.05328203857934376, 0.15460609879742504, -0.07554327658611562, 0.004483584551935978, -0.25289242721846306, -0.03012675180165443, 0.0656297649943235, -0.0480785076996326], [0.021475053245144437, -0.07994989112127475, 0.16847569065058887, -0.11245767337813145, 0.027167772474050857, 0.02483791752551384, 0.0562429644609506, 0.047485722702266975, -0.12242916423804229], [-0.08594748484551297, -0.06786149171016656, -0.04981478525937503, -0.12468543338547489, -0.15267421687632643, 0.03524504291072228, 0.04267544505232793, 0.01851998363116077, -0.21867424082897366], [0.13372310100521298, 0.09896951296557635, -0.09693627679783315, 0.022435368309054873, -0.24147377351613988, 0.26215284748365275, -0.11968596153803225, 0.08797127865534127, 0.18535066099439426], [0.07442489052468687, 0.017829023708651078, -0.10419384054578874, -0.13318598170408877, -0.11964114511600639, -0.04123456096551066, -0.013941158312004149, -0.043925902174487004, 0.10092594322172782], [0.013447652508637043, 0.05353375833985181, 0.10065905175024588, -0.15719142119481663, 0.020965895082805688, -0.0576531356515472, 0.05375612291941294, -0.055811961889400755, -0.1211884069605309], [-0.11724681306359795, 0.2329722788460392, -0.1880618227544031, 0.1344873753808986, -0.15685871019080552, 0.20381180239895058, 0.0535418743197592, 0.37035417117844377, -0.10365822245350675], [-0.09411096816946093, 0.11692091224958433, -0.08482671721841267, -0.06399407620260793, 0.08610891258576632, -0.023304587806258933, 0.025896153002808703, 0.16418482612744464, -0.13812249840583554], [-0.12205729571402515, 0.014636525395288801, 0.011191941832275827, -0.06396774883474084, 0.06083269527218397, -0.4245787827104196, -0.32463190550774534, 0.1954871422875153, 0.20892356464336775], [-0.0016725243685979643, -0.24286595532872898, 0.055780310032016486, 0.020170424279863798, -0.10324566314640282, 0.036508091970962546, 0.1360275225809619, -0.16442120455142684, -0.04510441566002531]], "net.2.bias": [0.016093886756396707, -0.024289478726801185, 0.012958459107832391, 0.06808597581765792, -0.037646479962528796, 0.0, 0.0, 0.09915611132464143, -0.018510017387997256, 0.04918921371570798, -0.00999999953407909, -0.004681003526480062, 0.0, 0.0, -0.0487450212368305, 0.004157252604893828, -0.021171489128320668, 0.0, -0.03475005599916978, -0.014591578045417348, 0.01593746716821834, -0.03518813201197393, -0.003359527712440008, -0.015813173633316472, -0.01990453790761642],