{"net.0.weight": [[-0.04943502547424796, 0.06155675204835546, -0.06776167569148302], [-0.012848645583310558, 0.27211920371535037, 0.22478553486403868], [0.054198277725652014, 0.18384962913049127, 0.03677289194330459], [0.044015605565282376, -0.07570967225308534, -0.25245575017404287], [0.08504830940044239, 0.3002966271725892, -0.0282582122166161], [-0.100107153736377, 0.02419277806119941, 0.1077952021132969], [0.09925806629315381, -0.05767195735747859, -0.13111341627459533], [-0.01603813310048386, 0.16360369213555392, 0.007101566171012949], [-0.049158695459098456, 0.13637067198003527, 0.07236866546514575]], "net.0.bias": [0.0, 0.0573521368800734, -0.0007456082710200133, -0.038821412199912565, 0.02198500105155528, 0.008134899635982823, 0.02363676993679873, -0.0279165477686951, -0.013635176537898603], "net.2.weight": [[-0.04678457990875216, 0.08001666873081702, 0.03612091958729778, 0.008136857679937834, 0.13839663410809266, -0.02309247197547685, -0.17500509497351732, 0.15763751970829948, -0.059956717872049245], [0.18929919203259743, 0.02440762570722843, -0.1195486768357943, -0.10106531445605979, 0.11076860236345963, 0.07006973606122097, -0.22596286032258978, 0.1541184378066638, 0.1517294798079221], [0.08339682352974959, 0.16615019399378073, 0.0508136019121823, -0.11057055787746242, -0.04208573463120577, -0.5008551810493752, 0.03559638401398889, 0.10381281206709465, 0.13223333102366275], [0.12909529993343202, 0.02507936569540554, 0.14205208382487858, -0.1716487083116559, 0.0876268374169245, -0.20603735341301918, 0.19908397240910786, 0.11515956884468952, 0.11201122100080475], [0.09608695748120816, -0.1728400273222675, 0.05939058626828361, -0.19755634370643524, 0.18094797483465722, -0.06055520204737993, -0.2424073098908454, -0.024449937473253684, -0.01302358683269762], [0.1688283079797707, -0.000593416206388035, -0.1199564997891385, -0.07169317387413163, 0.01072982346127982, -0.052182656170441793, 0.058407135537783886, 0.07087190293233557, 0.05887052362520443], [0.025107783310886186, -0.10935104792703193, -0.08491251830399942, -0.08604882921575316, -0.02538454811226632, -0.15617061810406743, 0.0042155934326048895, 0.06511780745562265, 0.006160422372923976], [0.027829294865065635, 0.30913687983432403, 0.10962638240892034, -0.25706300243385294, 0.2145931631788809, -0.4388901740058309, -0.1840898794543225, 0.008210790283385571, 0.19391885665587055], [0.170553610272299, -0.17100970198975818, 0.08139340284899406, -0.2159710489322989, 0.014793996279117476, 0.030106342617735565, -0.014645473360915389, 0.17511938401129853, 0.02252361200226904], [-0.07667461186037967, 0.26398266252831715, -0.11219991574770713, -0.1539619151775578, -0.12144485283441499, 0.44229858459507215, -0.2132130679113347, 0.1744262671729456, 0.08390767928610131], [0.016511435447365535, -0.11340648745228113, 0.16165412570488186, 0.056883306304576116, -0.11104870045109669, -0.13651538783630404, -0.10462220385965186, 0.015156313822350734, -0.11755595436127618], [-0.24804408499561134, 0.074633439950162, -0.0489910131692044, -0.04190563811307659, -0.18737184326940273, 0.19074706892720789, 0.13284463357363527, 0.0270867897083306, 0.18284317155990415], [-0.06695989341725211, 0.013956169551619683, -0.22483026263274808, -0.07202087607613326, -0.043844218395001536, 0.01886966730330244, 0.1218269947952819, -0.02639459050377306, 0.05638990428737667], [-0.21991697442691677, -0.12354706229383955, -0.008616982401176154, 0.11681081923125697, -0.06050772700035453, -0.18192549022081514, -0.03643890553634217, -0.13842809542227416, 0.23508307679928403], [-0.09749825191430139, 0.05546928136112962, 0.013221414279341726, 0.20801430617060526, -0.17418511359884423, -0.08023668944813678, 0.08878128508629919, -0.048922451847807684, 0.010453465207661695], [-0.05083455779182359, -0.05171124581930766, 0.15548508340008227, -0.07643256751274524, 0.005366656915588917, -0.2543388159444024, -0.02988891453023867, 0.06474119144070199, -0.04864132046870215], [0.021475053245144437, -0.07977183436232824, 0.1694441145534861, -0.11230428465810972, 0.028510417225470017, 0.02152347932431002, 0.05778428343320538, 0.04326882119158032, -0.12927679313743254], [-0.08594748484551297, -0.06786149171016656, -0.04981478525937503, -0.12468543338547489, -0.15267421687632643, 0.03524504291072228, 0.04267544505232793, 0.01851998363116077, -0.21867424082897366], [0.13372310100521298, 0.09879844956876602, -0.09735602388408986, 0.022435368309054873, -0.24249728189682973, 0.2613772124405013, -0.11968596153803225, 0.09192930393112483, 0.186139480663861], [0.07442489052468687, 0.017829023708651078, -0.10419384054578874, -0.13318598170408877, -0.11964114511600639, -0.04123456096551066, -0.013941158312004149, -0.043925902174487004, 0.10092594322172782], [0.013447652508637043, 0.054348897058595004, 0.10158043133282155, -0.1576698211177674, 0.02208029615807349, -0.05944038204077038, 0.054545338613529185, -0.05770982966767766, -0.12345245662569061], [-0.11724681306359795, 0.232055755893703, -0.18879186060240308, 0.1344873753808986, -0.15753152647445204, 0.20407675277694554, 0.054006258116964065, 0.3712795575882642, -0.1041931877829488], [-0.09411096816946093, 0.1180126000546072, -0.08386026076398546, -0.06458773653085885, 0.08718290218842599, -0.02793449305609714, 0.026522274862524665, 0.16346558610100576, -0.1452223545358196], [-0.12205729571402515, 0.015095115087736827, 0.011159424917277668, -0.06396774883474084, 0.0606381438863725, -0.4274181953849448, -0.33312096549368503, 0.19434257297663954, 0.2099411556135458], [-0.0016725243685979643, -0.24751018992778384, 0.05487254970532441, 0.019635672701792537, -0.104231855196727, 0.036508091970962546, 0.13539064033172915, -0.16442120455142684, -0.04510441566002531]], "net.2.bias": [0.01783557898799315, -0.024335085456587333, 0.015073972525299222, 0.06945232822855905, -0.043255974142873924, 0.0, 0.0, 0.10130361332717361, -0.018510017387997256, 0.04770638662723564, -0.00999999953407909, -0.004281189600648242, 0.0, 0.0, -0.05104877482247779, 0.005359342019166605, -0.019812471968225144, 0.0, -0.035418162972275395, -0.014591578045417348, 0.0171632027490983, -0.036299229986343155, -0.002171045159095909, -0.01561087279775835, -0.021182285601535594],