{"net.0.weight": [[-0.04943502547424796, 0.06155675204835546, -0.06776167569148302], [-0.013984525885694196, 0.27286211010189926, 0.2245327060867531], [0.0538464600948796, 0.1843891557702078, 0.03692762283727131], [0.044709384031921644, -0.07644348999138392, -0.25340176616348403], [0.08465363620993166, 0.3009906008750673, -0.028277232635778044], [-0.10113670367566292, 0.02185735556737433, 0.10764282932368992], [0.09961383230588833, -0.05731129024059931, -0.13066926361249437], [-0.017408973834038194, 0.1635533220858097, 0.00642544924091718], [-0.0493892659751303, 0.13766867598721777, 0.07304959489354317]], "net.0.bias": [0.0, 0.05636736089538123, -0.0009878284763645065, -0.0382740162726055, 0.02167377678412884, 0.007636393223820733, 0.024014743921518446, -0.02919400238945085, -0.013471276429875058], "net.2.weight": [[-0.04678457990875216, 0.08042320816338151, 0.035772496064376554, 0.005187428268721494, 0.13789524809155446, -0.02228650943906658, -0.17633947350303472, 0.15581360301100944, -0.05951440615828606], [0.18929919203259743, 0.024699591149309287, -0.11911540306601673, -0.10106531445605979, 0.11151396417030993, 0.06997716429980332, -0.22738550043210665, 0.15316977161710146, 0.15124632084462025], [0.08339682352974959, 0.1662687722216762, 0.05044758065081654, -0.11351682266259704, -0.04241576826231647, -0.5008882886957683, 0.034459610732551625, 0.10039241015421936, 0.13151618768462786], [0.12909529993343202, 0.025609850836870385, 0.1419657718741627, -0.17222214391222107, 0.08753916019954235, -0.20536041080414513, 0.19854174844269176, 0.11383586265493868, 0.11074943515409966], [0.09608695748120816, -0.1728400273222675, 0.05939058626828361, -0.19755634370643524, 0.18094797483465722, -0.06055520204737993, -0.2424073098908454, -0.024449937473253684, -0.01302358683269762], [0.1688283079797707, -0.000593416206388035, -0.1199564997891385, -0.07169317387413163, 0.01072982346127982, -0.052182656170441793, 0.058407135537783886, 0.07087190293233557, 0.05887052362520443], [0.025107783310886186, -0.10935104792703193, -0.08491251830399942, -0.08604882921575316, -0.02538454811226632, -0.15617061810406743, 0.0042155934326048895, 0.06511780745562265, 0.006160422372923976], [0.027829294865065635, 0.3094010788868973, 0.10935753338375435, -0.2599285802235442, 0.21433074548516676, -0.4397947856082276, -0.18521992099434478, 0.00635951031793109, 0.1931168673366949], [0.170553610272299, -0.17100970198975818, 0.08139340284899406, -0.2159710489322989, 0.014793996279117476, 0.030106342617735565, -0.014645473360915389, 0.17511938401129853, 0.02252361200226904], [-0.07667461186037967, 0.26368294630288414, -0.11241149441583545, -0.1539619151775578, -0.1216997095756612, 0.44256840450767687, -0.2134376557430366, 0.17605136158486157, 0.08473096869135481], [0.016511435447365535, -0.11340648745228113, 0.16165412570488186, 0.056883306304576116, -0.11104870045109669, -0.13651538783630404, -0.10462220385965186, 0.015156313822350734, -0.11755595436127618], [-0.24804408499561134, 0.07563725398935772, -0.04826864214964132, -0.04190563811307659, -0.1872306767816373, 0.19189330136644067, 0.13284463357363527, 0.029194774621908868, 0.18472431709678092], [-0.06695989341725211, 0.013956169551619683, -0.22483026263274808, -0.07202087607613326, -0.043844218395001536, 0.01886966730330244, 0.1218269947952819, -0.02639459050377306, 0.05638990428737667], [-0.21991697442691677, -0.12354706229383955, -0.008616982401176154, 0.11681081923125697, -0.06050772700035453, -0.18192549022081514, -0.03643890553634217, -0.13842809542227416, 0.23508307679928403], [-0.09749825191430139, 0.05636375091431135, 0.011716031414511954, 0.20542145663561265, -0.17701931331102336, -0.0779931559596155, 0.08634516224352914, -0.04892677432127697, 0.01240367848133333], [-0.05083455779182359, -0.051533978191567006, 0.1551589292771922, -0.07660453510731349, 0.0050829477811336725, -0.25502915672544846, -0.03044373249484078, 0.06315847925395601, -0.05003109806491957], [0.021475053245144437, -0.0798969815794582, 0.16921965943293787, -0.11220179757644992, 0.028450590336199157, 0.021400269296558083, 0.05758291378235251, 0.04030839201556997, -0.1332772053998449], [-0.08594748484551297, -0.06786149171016656, -0.04981478525937503, -0.12468543338547489, -0.15267421687632643, 0.03524504291072228, 0.04267544505232793, 0.01851998363116077, -0.21867424082897366], [0.13372310100521298, 0.09905929738830127, -0.09723767231169442, 0.022435368309054873, -0.24286634590648024, 0.2608062939277649, -0.11968596153803225, 0.09598520487762793, 0.18736864048808727], [0.07442489052468687, 0.017829023708651078, -0.10419384054578874, -0.13318598170408877, -0.11964114511600639, -0.04123456096551066, -0.013941158312004149, -0.043925902174487004, 0.10092594322172782], [0.013447652508637043, 0.05469298839137428, 0.10160837965295354, -0.15781852429659535, 0.022185169878880258, -0.059931701022629076, 0.054384457366492105, -0.059717378499888674, -0.125750171706679], [-0.11724681306359795, 0.23225573162009935, -0.18850608114111847, 0.1344873753808986, -0.1572920842273245, 0.2061582688544044, 0.05568660709929102, 0.3728031886867954, -0.10317059183286283], [-0.09411096816946093, 0.11760531077461944, -0.08428665594452348, -0.06513157331494797, 0.08690404294614547, -0.03397161594297063, 0.025912946012053805, 0.16225250270134634, -0.150450859064968], [-0.12205729571402515, 0.015467852791544855, 0.010955309374567939, -0.06396774883474084, 0.060227108711941535, -0.4286091440132154, -0.34128643420888305, 0.1932785731286913, 0.21082974044907188], [-0.0016725243685979643, -0.2500163645597578, 0.054865258479268916, 0.019695978963938935, -0.10433680451956989, 0.036508091970962546, 0.1354585432945066, -0.16442120455142684, -0.04510441566002531]], "net.2.bias": [0.017773890043180248, -0.023830833950752132, 0.01504142989378928, 0.06961794571598258, -0.043255974142873924, 0.0, 0.0, 0.10124412506306138, -0.018510017387997256, 0.04723752512013169, -0.00999999953407909, -0.003583042242770623, 0.0, 0.0, -0.052229157266687774, 0.005327446883256396, -0.019684180953236655, 0.0, -0.035461807644504774, -0.014591578045417348, 0.01748640102828054, -0.03620727043822655, -0.0024479686643785878, -0.0156344387901108, -0.021564467161884277],