{"net.0.weight": [[-0.04943502547424796, 0.06155675204835546, -0.06776167569148302], [-0.015044453276534062, 0.2727456327088014, 0.22283365712814882], [0.053094620318915, 0.1830588274670444, 0.035569504412902686], [0.04495459638686187, -0.07697835714181872, -0.25432960875371374], [0.08375877352404983, 0.29963641865723056, -0.029471305034447663], [-0.10012299878514151, 0.024159978899333676, 0.10917097615436137], [0.09951213611776083, -0.05952497615419098, -0.133606889048925], [-0.01684628842390837, 0.16556471046951488, 0.005557440560899978], [-0.05085550484016735, 0.13857550902552443, 0.07269845394157588]], "net.0.bias": [0.0, 0.055300488726686976, -0.0018717057354315988, -0.038165791782209836, 0.020718054976285143, 0.008908979387447913, 0.023016351788771143, -0.028908550593340777, -0.014406968246916936], "net.2.weight": [[-0.04678457990875216, 0.07863978643685296, 0.03413908862204755, 0.004399679323736456, 0.1364151560916924, -0.024320157198410863, -0.17756326007209727, 0.1538885883927568, -0.060653860266670356], [0.18929919203259743, 0.02530233671069789, -0.1186285989342846, -0.10106531445605979, 0.11189187531948805, 0.07118344024836717, -0.2298388708937025, 0.15329109192474816, 0.15138962637231107], [0.08339682352974959, 0.16514299581019803, 0.04932752524981416, -0.1136008853120896, -0.04350885172647973, -0.5009609946127087, 0.03360434939554833, 0.09821110649903828, 0.13076286544751814], [0.12909529993343202, 0.02459244770175915, 0.1413291364434309, -0.17224652755764863, 0.08707351195556094, -0.2069278619458214, 0.19814599360753513, 0.11273896521523641, 0.10856221375808457], [0.09608695748120816, -0.1728400273222675, 0.05939058626828361, -0.19755634370643524, 0.18094797483465722, -0.06055520204737993, -0.2424073098908454, -0.024449937473253684, -0.01302358683269762], [0.1688283079797707, -0.000593416206388035, -0.1199564997891385, -0.07169317387413163, 0.01072982346127982, -0.052182656170441793, 0.058407135537783886, 0.07087190293233557, 0.05887052362520443], [0.025107783310886186, -0.10935104792703193, -0.08491251830399942, -0.08604882921575316, -0.02538454811226632, -0.15617061810406743, 0.0042155934326048895, 0.06511780745562265, 0.006160422372923976], [0.027829294865065635, 0.30809064291605637, 0.10800904799810311, -0.261848394734398, 0.21306817507110026, -0.4415640240793475, -0.18674552213075712, 0.004911639859516403, 0.19182135531569386], [0.170553610272299, -0.17100970198975818, 0.08139340284899406, -0.2159710489322989, 0.014793996279117476, 0.030106342617735565, -0.014645473360915389, 0.17511938401129853, 0.02252361200226904], [-0.07667461186037967, 0.2655201657689877, -0.11042721214143358, -0.1539619151775578, -0.11965562339803415, 0.44486220232921947, -0.21166043706936397, 0.17818696284447014, 0.08585472465292238], [0.016511435447365535, -0.11340648745228113, 0.16165412570488186, 0.056883306304576116, -0.11104870045109669, -0.13651538783630404, -0.10462220385965186, 0.015156313822350734, -0.11755595436127618], [-0.24804408499561134, 0.07690278362009562, -0.047041708477830235, -0.04190563811307659, -0.18616459594970458, 0.1937416185064207, 0.13284463357363527, 0.030558051304014466, 0.18581209777511923], [-0.06695989341725211, 0.013956169551619683, -0.22483026263274808, -0.07202087607613326, -0.043844218395001536, 0.01886966730330244, 0.1218269947952819, -0.02639459050377306, 0.05638990428737667], [-0.21991697442691677, -0.12354706229383955, -0.008616982401176154, 0.11681081923125697, -0.06050772700035453, -0.18192549022081514, -0.03643890553634217, -0.13842809542227416, 0.23508307679928403], [-0.09749825191430139, 0.05559255970470181, 0.010467461332317459, 0.20457713490138027, -0.17858500393156396, -0.0777403750004093, 0.08560975962067816, -0.051473601198416805, 0.011991022210322597], [-0.05083455779182359, -0.05284511607344646, 0.15446849884771668, -0.07640851455186601, 0.004581056882796494, -0.26406528350747427, -0.030686545152508706, 0.06163177296616804, -0.0526208159275657], [0.021475053245144437, -0.08076390576189015, 0.16846723192989446, -0.11320079511829115, 0.02777630623782525, 0.021401267066157546, 0.05695515522301987, 0.03880974511540516, -0.135887731381992], [-0.08594748484551297, -0.06786149171016656, -0.04981478525937503, -0.12468543338547489, -0.15267421687632643, 0.03524504291072228, 0.04267544505232793, 0.01851998363116077, -0.21867424082897366], [0.13372310100521298, 0.09922903919400282, -0.09683080648688919, 0.022435368309054873, -0.2421157308218537, 0.2599064486851319, -0.11968596153803225, 0.09822220959047293, 0.1875100201539875], [0.07442489052468687, 0.017829023708651078, -0.10419384054578874, -0.13318598170408877, -0.11964114511600639, -0.04123456096551066, -0.013941158312004149, -0.043925902174487004, 0.10092594322172782], [0.013447652508637043, 0.05344470142315313, 0.10115118702524308, -0.15725655828343696, 0.021988976939986696, -0.06271572114518069, 0.054523350055015816, -0.061110499011454496, -0.12894250105617877], [-0.11724681306359795, 0.23395543242330982, -0.18655624550338074, 0.1344873753808986, -0.15522270804729435, 0.206728561895887, 0.05806805572135079, 0.37475531528476885, -0.10241616402841244], [-0.09411096816946093, 0.11616113599692587, -0.0849360457795966, -0.06466864167341647, 0.08651576251725565, -0.03831628771358314, 0.025696540593938444, 0.16129045958816382, -0.15467324887812395], [-0.12205729571402515, 0.01430409542567187, 0.00991616438954921, -0.06396774883474084, 0.05950392377518437, -0.4319645144471419, -0.34625845511016695, 0.19321322653654155, 0.20978800715361864], [-0.0016725243685979643, -0.25200724363764737, 0.05515597692588677, 0.020194206637391285, -0.10406672215001107, 0.036508091970962546, 0.13600740365754327, -0.16442120455142684, -0.04510441566002531]], "net.2.bias": [0.0167161620100268, -0.023811326665058904, 0.014141441408505272, 0.06943964098900969, -0.043255974142873924, 0.0, 0.0, 0.10037088878662188, -0.018510017387997256, 0.04852055188121169, -0.00999999953407909, -0.0031013753841826397, 0.0, 0.0, -0.05327238160409847, 0.005050488192561985, -0.020250552098016135, 0.0, -0.03549203561427191, -0.014591578045417348, 0.01743628614379379, -0.03495311747956724, -0.002675056069442531, -0.01649244980444598, -0.021488702453202713],