{"net.0.weight": [[-0.04943502547424796, 0.06155675204835546, -0.06776167569148302], [-0.02345094521784727, 0.13372114472429136, 0.20659105562692226], [0.061699724481542165, 0.17452805581752512, 0.04793455757502948], [0.04613418926152122, 0.013370081891858416, -0.1274646913948642], [0.087771343214783, 0.24569563103186476, -0.015104283399758065], [-0.05739306281687382, 0.09413382745431634, 0.06895349332751101], [0.08105333330666152, -0.04412404651262292, -0.09020704444390333], [-0.0063091982445685315, 0.09926700366959405, 0.06728095378823484], [-0.018400187716083892, 0.09043022149894478, 0.07829574011898759]], "net.0.bias": [0.0, 0.0304105794028541, 0.00325384836427064, -0.018817360672366626, 0.021261289635235377, 0.017246048379284347, 0.01932905575219846, -0.013557915554667066, 0.005253713588305754], "net.2.weight": [[-0.04678457990875216, 0.07519665404539161, 0.044066230087449074, 0.07402747662970509, 0.1471033942207122, 0.033298014043519904, -0.11542503736962874, 0.17288672227751709, -0.08247867001737902], [0.18929919203259743, 0.027328084602082057, -0.11512501925322625, -0.06585204522089307, 0.11722130560625522, 0.10453988172077662, -0.14059680751161527, 0.1507713840604855, 0.16396385377032013], [0.08339682352974959, 0.15736592861294088, 0.06829237723218672, -0.009969623129036397, -0.028790359921296103, -0.13262924178255905, 0.15657430462232055, 0.10436493023416905, 0.09867462754000882], [0.12909529993343202, 0.013619620678781124, 0.14450943404259714, -0.12704480653090144, 0.08853758412293267, -0.1714284266268835, 0.22181328246564735, 0.14405705671993127, 0.13475878642227976], [0.09608695748120816, -0.13109372882273962, 0.08656529961610035, -0.18642017483276122, 0.20082507034928784, -0.026069555564304625, -0.2299193499483871, 0.03828702686838597, 0.026178792745576416], [0.1688283079797707, -0.000593416206388035, -0.1199564997891385, -0.07169317387413163, 0.01072982346127982, -0.052182656170441793, 0.058407135537783886, 0.07087190293233557, 0.05887052362520443], [0.025107783310886186, -0.10935104792703193, -0.08491251830399942, -0.08604882921575316, -0.02538454811226632, -0.15617061810406743, 0.0042155934326048895, 0.06511780745562265, 0.006160422372923976], [0.027829294865065635, 0.26803849200920166, 0.08115357661681888, -0.15069297389472422, 0.17786731976900325, -0.143817153694602, -0.11112948369004134, -0.024346937574012798, 0.14896882063189762], [0.170553610272299, -0.14744648710410668, 0.10924272490681201, -0.12554563986024853, 0.043241164949242766, 0.06474723760699341, 0.032868368286381545, 0.20194259795278882, 0.05597379649033788], [-0.07667461186037967, 0.24275838866226102, -0.12446948343411818, -0.1539619151775578, -0.12484573523793648, 0.3071530428013979, -0.1727547524932928, 0.1270680841279743, 0.0636490835324072], [0.016511435447365535, -0.11340648745228113, 0.16165412570488186, 0.056883306304576116, -0.11104870045109669, -0.13651538783630404, -0.10462220385965186, 0.015156313822350734, -0.11755595436127618], [-0.24804408499561134, 0.049769484610376426, -0.030571716122815777, -0.04190563811307659, -0.115530963374451, 0.03830862908049233, 0.13354366965550338, 0.005275057062116421, 0.15697406954625034], [-0.06695989341725211, 0.013956169551619683, -0.22483026263274808, -0.07202087607613326, -0.043844218395001536, 0.01886966730330244, 0.1218269947952819, -0.02639459050377306, 0.05638990428737667], [-0.21991697442691677, -0.12354706229383955, -0.008616982401176154, 0.11681081923125697, -0.06050772700035453, -0.18192549022081514, -0.03643890553634217, -0.13842809542227416, 0.23508307679928403], [-0.09749825191430139, 0.09530702680694296, 0.04890238212114879, 0.22216200456115853, -0.13610339571533273, -0.08811597118185809, 0.10121550312244872, -0.015444737796272538, 0.04302108046026507], [-0.05083455779182359, -0.041637734927518245, 0.1652544138380909, -0.051415222318667964, 0.011387032089855172, -0.16598241682721046, -0.012603671277606107, 0.09641468915752618, -0.03490990940674814], [0.021475053245144437, -0.06693954199480626, 0.1886997432443741, -0.020321636687962743, 0.04884953285370317, 0.04624651891639308, 0.09023685135857173, 0.07790276120312903, -0.07447746388443151], [-0.08594748484551297, -0.06786149171016656, -0.04981478525937503, -0.12468543338547489, -0.15267421687632643, 0.03524504291072228, 0.04267544505232793, 0.01851998363116077, -0.21867424082897366], [0.13372310100521298, 0.09548605282256777, -0.05354065093880362, 0.022435368309054873, -0.13756966639768142, 0.15207141690719597, -0.11263608284174532, 0.07760134958341912, 0.171641698438154], [0.07442489052468687, 0.017829023708651078, -0.10419384054578874, -0.13318598170408877, -0.11964114511600639, -0.04123456096551066, -0.013941158312004149, -0.043925902174487004, 0.10092594322172782], [0.013447652508637043, 0.04914362356755598, 0.10165199500299792, -0.12326364293342033, 0.020302996782547676, -0.07883176960573654, 0.05997300363029758, -0.020437304705452478, -0.09094993168028488], [-0.11724681306359795, 0.22603716434231758, -0.1873008573459278, 0.1344873753808986, -0.14709485567873454, 0.09940511311344624, 0.04345014640323446, 0.3474530041946497, -0.10305874325106416], [-0.09411096816946093, 0.13538754188595814, -0.07831541397667613, -0.011876301818348135, 0.08709108752629643, 0.04315866167353748, 0.0292788319642829, 0.20547878443047868, -0.02133003688520042], [-0.12205729571402515, 0.019548859441535307, 0.01636675871217352, -0.01649074522856819, 0.06366324821726468, -0.1115509593254745, -0.15796232629376697, 0.17544021917778369, 0.1828034162671464], [-0.0016725243685979643, -0.08370843457525776, 0.0595051648828626, -0.016407457778797, -0.10278267649512587, 0.036508091970962546, 0.12142899171711796, -0.08649974372724877, -0.04510441566002531]], "net.2.bias": [0.009571551916746475, -0.0011106707869125833, 0.043487904902313745, 0.05720978245137457, -0.025025716993704247, 0.0, 0.0, 0.07245165929954205, 0.012190399690400889, 0.05390124676858594, -0.00999999953407909, 0.011480810882923126, 0.0, 0.0, -0.005958014332509696, 0.0001603093166407468, 0.00425080474339681, 0.0, -0.004073404316646642, -0.014591578045417348, -0.0006564625209625663, -0.024051462859399148, -0.003760812192473967, 0.005353214336920318, -0.017025692032483598],