{"net.0.weight": [[-0.04943502547424796, 0.06155675204835546, -0.06776167569148302], [-0.015513540702771472, 0.27314616402455727, 0.22137702680667345], [0.05296014335084049, 0.18270526332669293, 0.035729067853725406], [0.045026304194510085, -0.07833114407009614, -0.2568523791652908], [0.08373111882641694, 0.2994122299414448, -0.029300817409969645], [-0.10054132492783827, 0.025310097317406462, 0.10942957124522232], [0.0984736626224666, -0.0612212062945622, -0.13516669433408315], [-0.017350477104187176, 0.16580837537412416, 0.0035668718411162887], [-0.05215830346901499, 0.13942866642916446, 0.0728021424584057]], "net.0.bias": [0.0, 0.054800545580435636, -0.0018594088186095056, -0.03835955756377932, 0.020822202486803474, 0.008798122592285185, 0.021875176218326277, -0.029892530952015894, -0.015065524811819223], "net.2.weight": [[-0.04678457990875216, 0.07879894781800516, 0.034158426097049964, 0.0040667523578559305, 0.1364453528063505, -0.025270905695447165, -0.17795841500308826, 0.15419811346531137, -0.05965773819618411], [0.18929919203259743, 0.0250588257466724, -0.11914497646816352, -0.10106531445605979, 0.11108961676607558, 0.07209315259259666, -0.23410305047667165, 0.15236685591596116, 0.15097491297680132], [0.08339682352974959, 0.16493249903669377, 0.049216216240511486, -0.11203837274199957, -0.04358102141678792, -0.5009172183776219, 0.03382676600658214, 0.09738306925933407, 0.13141745840727334], [0.12909529993343202, 0.024548167190128013, 0.14094287669704098, -0.1734919304691689, 0.08670913977250462, -0.20797632462184606, 0.19728243185590083, 0.11318931887110556, 0.10839593814935612], [0.09608695748120816, -0.1728400273222675, 0.05939058626828361, -0.19755634370643524, 0.18094797483465722, -0.06055520204737993, -0.2424073098908454, -0.024449937473253684, -0.01302358683269762], [0.1688283079797707, -0.000593416206388035, -0.1199564997891385, -0.07169317387413163, 0.01072982346127982, -0.052182656170441793, 0.058407135537783886, 0.07087190293233557, 0.05887052362520443], [0.025107783310886186, -0.10935104792703193, -0.08491251830399942, -0.08604882921575316, -0.02538454811226632, -0.15617061810406743, 0.0042155934326048895, 0.06511780745562265, 0.006160422372923976], [0.027829294865065635, 0.3082511375698637, 0.10797460313762576, -0.2633889632042861, 0.21307970287480585, -0.44351470892560285, -0.18734653193195225, 0.005465144905199847, 0.19245454387567731], [0.170553610272299, -0.17100970198975818, 0.08139340284899406, -0.2159710489322989, 0.014793996279117476, 0.030106342617735565, -0.014645473360915389, 0.17511938401129853, 0.02252361200226904], [-0.07667461186037967, 0.265413883833207, -0.11039654353414564, -0.1539619151775578, -0.11955849586314655, 0.4469444488285747, -0.2117850633748702, 0.17814188441201023, 0.08458298611483714], [0.016511435447365535, -0.11340648745228113, 0.16165412570488186, 0.056883306304576116, -0.11104870045109669, -0.13651538783630404, -0.10462220385965186, 0.015156313822350734, -0.11755595436127618], [-0.24804408499561134, 0.07699936673490179, -0.047120580001059516, -0.04190563811307659, -0.18656043160879923, 0.19574729620004477, 0.13284463357363527, 0.029528359002318046, 0.18558402602793944], [-0.06695989341725211, 0.013956169551619683, -0.22483026263274808, -0.07202087607613326, -0.043844218395001536, 0.01886966730330244, 0.1218269947952819, -0.02639459050377306, 0.05638990428737667], [-0.21991697442691677, -0.12354706229383955, -0.008616982401176154, 0.11681081923125697, -0.06050772700035453, -0.18192549022081514, -0.03643890553634217, -0.13842809542227416, 0.23508307679928403], [-0.09749825191430139, 0.056639442684604316, 0.01039106073540576, 0.2037386316870871, -0.1795940381391699, -0.07516557626128852, 0.08486093516550917, -0.05475946989062079, 0.013256865651414464], [-0.05083455779182359, -0.053096516104220795, 0.15382071801697514, -0.07788090413200598, 0.003945819772289006, -0.2720845336144863, -0.031777236004589274, 0.06170558712849502, -0.05238320933481107], [0.021475053245144437, -0.08154280182544629, 0.16748383967807848, -0.1154204343875296, 0.026813760942692066, 0.021401816654464285, 0.05574555947442505, 0.0379162170828357, -0.13774254461249], [-0.08594748484551297, -0.06786149171016656, -0.04981478525937503, -0.12468543338547489, -0.15267421687632643, 0.03524504291072228, 0.04267544505232793, 0.01851998363116077, -0.21867424082897366], [0.13372310100521298, 0.09886945220473449, -0.09698257235988515, 0.022435368309054873, -0.24191850465580392, 0.2590811893257109, -0.11968596153803225, 0.09893990856719183, 0.18689568531350886], [0.07442489052468687, 0.017829023708651078, -0.10419384054578874, -0.13318598170408877, -0.11964114511600639, -0.04123456096551066, -0.013941158312004149, -0.043925902174487004, 0.10092594322172782], [0.013447652508637043, 0.05315702352726755, 0.10076729682595983, -0.1584751918884663, 0.02167913199242322, -0.0650142888896981, 0.05383357027720355, -0.06107284957430206, -0.12971188720994511], [-0.11724681306359795, 0.23358306673770385, -0.18676998638307682, 0.1344873753808986, -0.15536139948093974, 0.20853661292561934, 0.05828043740726887, 0.3744156112336137, -0.10397167721466756], [-0.09411096816946093, 0.11527780578842674, -0.08532231371256711, -0.06527025213408665, 0.08634202104396049, -0.04546996598846242, 0.02532268067153129, 0.16158929798205296, -0.1586231985111681], [-0.12205729571402515, 0.016166823055378355, 0.011521894498960109, -0.06396774883474084, 0.060899974333642345, -0.4319888364029779, -0.3524165637151918, 0.195403544284743, 0.21234646774541022], [-0.0016725243685979643, -0.2538942311876102, 0.0565695534996652, 0.022016885957766276, -0.1026666069314736, 0.036508091970962546, 0.13782848198818728, -0.16442120455142684, -0.04510441566002531]], "net.2.bias": [0.01735088932501834, -0.024867882193092206, 0.01423939969717966, 0.06956288223939308, -0.043255974142873924, 0.0, 0.0, 0.10083627336153832, -0.018510017387997256, 0.04781365763070046, -0.00999999953407909, -0.0038788957849116056, 0.0, 0.0, -0.053011930893615236, 0.0048452080367726615, -0.021020584185976136, 0.0, -0.036148954593545474, -0.014591578045417348, 0.017518093446256797, -0.03586581268339532, -0.002633443317064576, -0.01463001561441955, -0.020304068081789764],