{"net.0.weight": [[-0.04943502547424796, 0.06155675204835546, -0.06776167569148302], [-0.02407136045619267, 0.14921822248033498, 0.20947029641609907], [0.059956873196193194, 0.18102211753888514, 0.0476102539322511], [0.04823781441564376, -0.002845071659018159, -0.15031033564068855], [0.08499733836014754, 0.2609226189648975, -0.01806895947511964], [-0.05997821982487352, 0.08946774354727696, 0.07337445648946016], [0.07661783553077336, -0.051381751997462866, -0.09982900593570722], [-0.006531896317751325, 0.11349813756553916, 0.06854716755224903], [-0.019758136584904294, 0.09322381608545631, 0.07707395298712154]], "net.0.bias": [0.0, 0.03295816047121496, 0.00288127177324349, -0.02106639533183361, 0.019883601442484536, 0.017339813868685668, 0.013512690229202692, -0.012013030701748695, 0.004023187549369466], "net.2.weight": [[-0.04678457990875216, 0.07686154510529226, 0.04509081102037256, 0.06420400160856052, 0.14841248604924145, 0.031165865046669752, -0.11869461465258346, 0.17460654892191776, -0.08016000685348726], [0.18929919203259743, 0.026219683899297422, -0.11595334868753218, -0.07878123023804824, 0.11625870194528716, 0.10157308436129017, -0.14365540778871538, 0.15020417841563977, 0.16241589038278842], [0.08339682352974959, 0.16331261581687279, 0.06501743593919865, -0.03882888042798978, -0.03271692168505645, -0.16736284377756042, 0.14074610411876212, 0.11392419442939654, 0.10763171132043288], [0.12909529993343202, 0.01792886072844212, 0.1462164507453508, -0.13771554877272743, 0.09033881632514895, -0.1852373103208298, 0.21799916994366098, 0.14954890283532263, 0.13745186995162162], [0.09608695748120816, -0.13152218930805593, 0.08782233419128994, -0.20001271275730043, 0.20342594678296655, -0.03731949141051978, -0.23262826500862285, 0.03848195633344983, 0.02502033852152637], [0.1688283079797707, -0.000593416206388035, -0.1199564997891385, -0.07169317387413163, 0.01072982346127982, -0.052182656170441793, 0.058407135537783886, 0.07087190293233557, 0.05887052362520443], [0.025107783310886186, -0.10935104792703193, -0.08491251830399942, -0.08604882921575316, -0.02538454811226632, -0.15617061810406743, 0.0042155934326048895, 0.06511780745562265, 0.006160422372923976], [0.027829294865065635, 0.27448862121747963, 0.07962643363560228, -0.19258677943585895, 0.17591458255704018, -0.17402282479906359, -0.1339507191222342, -0.013335204085840139, 0.15744631220728894], [0.170553610272299, -0.14694952344819304, 0.10774170876519094, -0.15915271009662793, 0.04103081357185674, 0.0554421594711471, 0.021884110711748634, 0.20302903009485193, 0.05542089970623698], [-0.07667461186037967, 0.2478656337546002, -0.12227100002511544, -0.1539619151775578, -0.12491167347100493, 0.3211402619782663, -0.17691945846861576, 0.13225540329703395, 0.0689098502748637], [0.016511435447365535, -0.11340648745228113, 0.16165412570488186, 0.056883306304576116, -0.11104870045109669, -0.13651538783630404, -0.10462220385965186, 0.015156313822350734, -0.11755595436127618], [-0.24804408499561134, 0.055251573210591896, -0.030745570136742045, -0.04190563811307659, -0.12104327205878519, 0.05157172545059745, 0.13284463357363527, 0.009361561660072872, 0.16243691960954765], [-0.06695989341725211, 0.013956169551619683, -0.22483026263274808, -0.07202087607613326, -0.043844218395001536, 0.01886966730330244, 0.1218269947952819, -0.02639459050377306, 0.05638990428737667], [-0.21991697442691677, -0.12354706229383955, -0.008616982401176154, 0.11681081923125697, -0.06050772700035453, -0.18192549022081514, -0.03643890553634217, -0.13842809542227416, 0.23508307679928403], [-0.09749825191430139, 0.09276818403031369, 0.04595443921081924, 0.21859030927195047, -0.13958990231294202, -0.08907159708827835, 0.09843133091890607, -0.01800136328589988, 0.04010422212096892], [-0.05083455779182359, -0.040269156640003426, 0.16667493505021172, -0.05221608684554415, 0.013228669148653352, -0.16699212250438805, -0.01196111757556837, 0.09769877273341973, -0.03318591949291015], [0.021475053245144437, -0.06795256627854883, 0.18707687768474945, -0.032515289410628055, 0.046743936097420224, 0.04290865328317245, 0.08614527831730073, 0.07727921699116229, -0.0761600329119391], [-0.08594748484551297, -0.06786149171016656, -0.04981478525937503, -0.12468543338547489, -0.15267421687632643, 0.03524504291072228, 0.04267544505232793, 0.01851998363116077, -0.21867424082897366], [0.13372310100521298, 0.09822088574092395, -0.05909733091704089, 0.022435368309054873, -0.15167972589834589, 0.16747309577422514, -0.11953792084432839, 0.07808384619525566, 0.17385282411885972], [0.07442489052468687, 0.017829023708651078, -0.10419384054578874, -0.13318598170408877, -0.11964114511600639, -0.04123456096551066, -0.013941158312004149, -0.043925902174487004, 0.10092594322172782], [0.013447652508637043, 0.05164128883593046, 0.10315869607784182, -0.13035006397152094, 0.021917499261762022, -0.08071856912338324, 0.05848539215694314, -0.018146362555829132, -0.08931055686891845], [-0.11724681306359795, 0.2277508371021613, -0.187148867310076, 0.1344873753808986, -0.14796956241671574, 0.104199876570614, 0.04246435068791741, 0.3486518579258552, -0.10100286377420534], [-0.09411096816946093, 0.13401829278963986, -0.07977043426794912, -0.028591428975299885, 0.08537119810533467, 0.03967382957199691, 0.02428120332609294, 0.20456178729776012, -0.023718080139863797], [-0.12205729571402515, 0.019105770235411112, 0.01638796106247641, -0.03009406816957851, 0.06389820464229108, -0.13342402787375512, -0.16207858381749318, 0.1762241151190734, 0.18263335869674624], [-0.0016725243685979643, -0.0839270337923576, 0.06055602842104233, -0.013303701289321769, -0.10142816957070384, 0.036508091970962546, 0.12266287056978646, -0.0866425520740895, -0.04510441566002531]], "net.2.bias": [0.01137010369608673, -0.0032413240982424904, 0.0370633804796647, 0.05922849392799237, -0.02345283354265099, 0.0, 0.0, 0.06707032702354254, 0.009696777666266766, 0.056149091338449364, -0.00999999953407909, 0.013906027972534925, 0.0, 0.0, -0.009835093044475844, 0.0025397366083104757, 0.0015187138816110505, 0.0, -0.007173678083221645, -0.014591578045417348, 0.0019833804451620425, -0.022682238751716335, -0.006231046171106952, 0.0038757055141881154, -0.015522915699612016],