{"net.0.weight": [[0.003936501729103361, -0.13867750369001627, -0.12247641046162439], [0.055925243307857364, -0.18239891172834288, -0.23524677150513637], [0.104787574930499, 0.03347748885547335, -0.09358694269167787], [0.18801298128051086, -0.138284351211242, -0.22625483460110657], [-0.09811817172088182, -0.015339208502688046, -0.03496671552089306], [0.005472481821127202, 0.1695986278099375, 0.19194161504819007], [0.051977335385630055, 0.19029929848719535, -0.04269059208995207], [-0.1658677258733493, -0.10986957690474844, 0.24128905181630458], [0.10615947601218205, 0.1605943665033437, 0.10087906230307105]], "net.0.bias": [-0.029129395362433662, 0.003588377829082983, 0.05142604639366597, -0.047476997362715566, 0.0, 0.057956731580407185, 0.0099771514979622, -0.008160911433756694, 0.047924703541021886], "net.2.weight": [[0.14054484577174645, -0.011347084319465276, 0.07036630721700382, -0.031054036911157615, -0.2851369408518531, -0.08935848181049598, -0.06046374760347603, 0.016327704961494015, -0.1364473354110776], [-0.011315847422056158, -0.02209008216903561, -0.017461576110851574, -0.1881613183663262, -0.050587133777988395, -0.10726040646750011, -0.013852249605494133, 0.07275358704203067, 0.05004311792003037], [0.2706924644674903, -0.16878665802765377, -0.0015078978939610703, -0.49156899059153153, 0.029157350591970266, 0.03917063664236371, 0.20130288895095505, 0.002984580218778599, 0.09514053082182161], [0.08370995283305217, -0.005789007146446043, 0.11976563097564577, -0.0362176236943691, 0.011433065842792522, 0.14558725818395296, 0.0715256700098515, -0.06035193563319928, 0.14111676477798482], [-0.02209785647564879, -0.18308911204150383, 0.0393774298572904, 0.006725264153662371, 0.11418569379901236, -0.05005403493338691, -0.08906088162934737, -0.19381670486430966, 0.11172045002385324], [0.1006001145848587, -0.3335018926119562, 0.005184110736995127, -0.02241743377569083, -0.010745396495472135, 0.07164128280551602, 0.17991031969524293, -0.1969644870409697, 0.16357366415611396], [0.1340839263751685, -0.20234309206407577, 0.042644009006465436, -0.0963839437195503, 0.06910877183916414, 0.12359865223950654, 0.018577651447811896, -0.4148316236876252, 0.14635324376485087], [0.021537337486787787, 0.20276751983533597, -0.024258689558962092, -0.005368306767081219, 0.08329774895665394, -0.13485497195855542, 0.09939405651429305, -0.03599473150901156, -0.04061122586251924], [0.019334058280854216, -0.11911966458065522, 0.1281860511510588, -0.08749575527841844, 0.010438644957549583, 0.010440728002819555, 0.07780501382654355, -0.09564353135937076, 0.01768353484775829]], "net.2.bias": [0.0, -0.012400459892733908, -0.010542377243904826, 0.09285691711724849, 0.03209802339663691, 0.0818805532357123, 0.08738163383052633, -0.0769523888720487, 0.03486590956958627], "net.4.weight": [[-0.09372549308407707, -0.0744501318129863, 0.24103927789202662, -0.15253901295261957, 0.005607867687148354, -0.06613312160118494, -0.11251387801859974, 0.18042547043310522, -0.17508944739884366], [0.025684790846504074, -0.11822990578690715, -0.19882573978305984, 0.029765411440767806, 0.08418216910579823, 0.04614495720334214, -0.05547381977919269, 0.026891954354186332, -0.048936292594104126], [0.0623510775407494, -0.024748195669982632, 0.00965020296488698, 0.025561748371653925, 0.09396140119716331, 0.1270087066468413, 0.18165678491195908, 0.019140261081137463, -0.02983505990205148]], "net.4.bias": [-0.11399137158936641, 0.024386821853872937, 0.06770584962877971]}