{"net.0.weight": [[-0.04943502547424796, 0.06155675204835546, -0.06776167569148302], [-0.02438304847201064, 0.1575994012365437, 0.20775724967418627], [0.05875081566130466, 0.18360497855316132, 0.04658498201110518], [0.050255290566972755, -0.012980520343385767, -0.16515982277104388], [0.08392283166559332, 0.27021146941110274, -0.019697468561498836], [-0.06248092869206811, 0.08474298040188862, 0.07627131684344376], [0.07534194949653654, -0.05425011971882485, -0.10312501121811876], [-0.00654707132844585, 0.12350695536805963, 0.06462080021931489], [-0.020640092884318582, 0.09525032030524543, 0.0758984521307283]], "net.0.bias": [0.0, 0.03279769562994624, 0.0022822641886683284, -0.021779410970898364, 0.019539935050208686, 0.016815794248509593, 0.011775848061353927, -0.011959115805900929, 0.003025347170185634], "net.2.weight": [[-0.04678457990875216, 0.07672974640697597, 0.04441821098143302, 0.054832967227068805, 0.14788794510155231, 0.027842590294445514, -0.12362464134494655, 0.17421028781551995, -0.07962061650969814], [0.18929919203259743, 0.026148504073659134, -0.1159240488835176, -0.08662154292151539, 0.11618129307284275, 0.10052648638499734, -0.14520195572604144, 0.15075193524126843, 0.1617685314804982], [0.08339682352974959, 0.16313904739550797, 0.06365755213975428, -0.055732080230625126, -0.03337708190951453, -0.19571003795131006, 0.1307433464401002, 0.11724039847082145, 0.10804664268184395], [0.12909529993343202, 0.019578553235217587, 0.14591003498724242, -0.14533730038675421, 0.08995863941121632, -0.1912912331225962, 0.21400305089516214, 0.1505565038461774, 0.13787365736645368], [0.09608695748120816, -0.13222153332280515, 0.08998367690995747, -0.2023338025112138, 0.20708420041006928, -0.043362884358453896, -0.23007905362634076, 0.0375761547621286, 0.02353265977453982], [0.1688283079797707, -0.000593416206388035, -0.1199564997891385, -0.07169317387413163, 0.01072982346127982, -0.052182656170441793, 0.058407135537783886, 0.07087190293233557, 0.05887052362520443], [0.025107783310886186, -0.10935104792703193, -0.08491251830399942, -0.08604882921575316, -0.02538454811226632, -0.15617061810406743, 0.0042155934326048895, 0.06511780745562265, 0.006160422372923976], [0.027829294865065635, 0.2776156598306944, 0.07954844995484073, -0.2191009405399522, 0.176164493862974, -0.1938397155674888, -0.14987803297245708, -0.00740052622310575, 0.16085371812136956], [0.170553610272299, -0.14604897121755003, 0.10783081716716464, -0.1767453959948369, 0.04086720362479418, 0.04990804754173184, 0.015934812762097367, 0.20419894539551778, 0.0547273130496387], [-0.07667461186037967, 0.25028563571342427, -0.12109241828536689, -0.1539619151775578, -0.12475317733770094, 0.3277068598011387, -0.17801914090132825, 0.13534675801339136, 0.07138102290945549], [0.016511435447365535, -0.11340648745228113, 0.16165412570488186, 0.056883306304576116, -0.11104870045109669, -0.13651538783630404, -0.10462220385965186, 0.015156313822350734, -0.11755595436127618], [-0.24804408499561134, 0.056120393834371216, -0.03445236302931406, -0.04190563811307659, -0.1292997330281157, 0.05937156539560775, 0.13284463357363527, 0.008874958819285654, 0.16340779813962308], [-0.06695989341725211, 0.013956169551619683, -0.22483026263274808, -0.07202087607613326, -0.043844218395001536, 0.01886966730330244, 0.1218269947952819, -0.02639459050377306, 0.05638990428737667], [-0.21991697442691677, -0.12354706229383955, -0.008616982401176154, 0.11681081923125697, -0.06050772700035453, -0.18192549022081514, -0.03643890553634217, -0.13842809542227416, 0.23508307679928403], [-0.09749825191430139, 0.09130332867681852, 0.04481528394909196, 0.219619478083947, -0.14087453821229245, -0.08900942647271892, 0.09881437349339861, -0.019112393199687463, 0.03837156589852281], [-0.05083455779182359, -0.04079659341234476, 0.16620396123554926, -0.055134398190011834, 0.013019292095301681, -0.16962577332579698, -0.013466419643666998, 0.09676673582164688, -0.0332532988761656], [0.021475053245144437, -0.06774877996238245, 0.18742212337308017, -0.036200923858768455, 0.0469722097260425, 0.042259278142495395, 0.0859389590323854, 0.07802053204771123, -0.07685312389779693], [-0.08594748484551297, -0.06786149171016656, -0.04981478525937503, -0.12468543338547489, -0.15267421687632643, 0.03524504291072228, 0.04267544505232793, 0.01851998363116077, -0.21867424082897366], [0.13372310100521298, 0.09635929480033208, -0.06619568584769417, 0.022435368309054873, -0.1644435221230328, 0.17403129607339954, -0.11968596153803225, 0.0750610102302099, 0.17190114046225832], [0.07442489052468687, 0.017829023708651078, -0.10419384054578874, -0.13318598170408877, -0.11964114511600639, -0.04123456096551066, -0.013941158312004149, -0.043925902174487004, 0.10092594322172782], [0.013447652508637043, 0.053176586755059436, 0.1035983036379688, -0.13581926198420477, 0.022188350962244426, -0.0805777044269921, 0.056294448448299686, -0.01754867821959951, -0.08844535365350706], [-0.11724681306359795, 0.22778184633185905, -0.18790380365173528, 0.1344873753808986, -0.1493463818732233, 0.10563655813490966, 0.042416537983366746, 0.3483725096297705, -0.10058279018391975], [-0.09411096816946093, 0.13402184911198656, -0.07979650442242474, -0.036785474984343904, 0.08515765003529707, 0.039691724469161874, 0.022552242694586215, 0.2048089980586212, -0.02487773314119477], [-0.12205729571402515, 0.01742437884297691, 0.016316696386499453, -0.03804339991158948, 0.06442024193881643, -0.16036214507366478, -0.16477004149417415, 0.17620521179205473, 0.1805806623739455], [-0.0016725243685979643, -0.08454804454132707, 0.058853548267313455, -0.01467880238354619, -0.10312627865704886, 0.036508091970962546, 0.12097210321123579, -0.08840322875666794, -0.04510441566002531]], "net.2.bias": [0.011306628923716897, -0.004253047034322921, 0.033270753649657016, 0.05942845945800159, -0.020707823860937197, 0.0, 0.0, 0.06465843679656459, 0.009268977913757099, 0.056924676219468125, -0.00999999953407909, 0.012190960293935259, 0.0, 0.0, -0.011627185210169514, 0.0028072613270546834, 0.0010515628650911333, 0.0, -0.012691016012616449, -0.014591578045417348, 0.0033803375281054315, -0.022601774473789495, -0.00687554465727679, 0.0024138315892132133, -0.01701457130844087],