{"net.0.weight": [[0.003936501729103361, -0.13867750369001627, -0.12247641046162439], [0.05624309244410029, -0.1837172643204543, -0.23660706255167085], [0.10397759183987922, 0.03335283179765968, -0.09410458926821878], [0.18758179822291568, -0.14057037191625166, -0.22485691186916934], [-0.09811817172088182, -0.015339208502688046, -0.03496671552089306], [0.005100790419776638, 0.16983740940145114, 0.1915554590167007], [0.05137022108194578, 0.1916135805273141, -0.04192731889580732], [-0.16789573332145613, -0.10999256058812204, 0.24093599502419857], [0.10613363317953822, 0.16152815451472427, 0.10116838474000865]], "net.0.bias": [-0.029129395362433662, 0.003667458753912168, 0.0508097119938019, -0.04771472364802654, 0.0, 0.057712966593922756, 0.009733496377416766, -0.009395629664487795, 0.04811118523513205], "net.2.weight": [[0.14054484577174645, -0.011347084319465276, 0.07036630721700382, -0.031054036911157615, -0.2851369408518531, -0.08935848181049598, -0.06046374760347603, 0.016327704961494015, -0.1364473354110776], [-0.011315847422056158, -0.02209008216903561, -0.017461576110851574, -0.1881613183663262, -0.050587133777988395, -0.10726040646750011, -0.013852249605494133, 0.07275358704203067, 0.05004311792003037], [0.2706924644674903, -0.16878665802765377, -0.003547560918081864, -0.49453416808825057, 0.029157350591970266, 0.03905530438797274, 0.2027046847548432, 0.00015520828677801106, 0.09480574981222759], [0.08370995283305217, -0.006399983800645956, 0.11917326042166285, -0.036435448953395067, 0.011433065842792522, 0.14525104888317197, 0.07080662512932634, -0.06216388006054935, 0.14097424296363126], [-0.02209785647564879, -0.1836293561201872, 0.03864697927565078, 0.006336137065085965, 0.11418569379901236, -0.049485368592212406, -0.08952898855849971, -0.2002946487678129, 0.11189299651972953], [0.1006001145848587, -0.3332772771710093, 0.004972402275682018, -0.022111571332038824, -0.010745396495472135, 0.0718142793448649, 0.17963738366435206, -0.19756006506580903, 0.16389958461386275], [0.1340839263751685, -0.20394149982521648, 0.042064970271062346, -0.09633859696364766, 0.06910877183916414, 0.12351882746594708, 0.018144538464604745, -0.4174613343576866, 0.14645840376024952], [0.021537337486787787, 0.2025397176724458, -0.023078637476903408, -0.004424833694222984, 0.08329774895665394, -0.1315049091718733, 0.10091749515456128, -0.03599473150901156, -0.0390485205595757], [0.019334058280854216, -0.11625797837093639, 0.12805501455651824, -0.0866600597296883, 0.010438644957549583, 0.009959767672856498, 0.07719709894816171, -0.09807071160035327, 0.017529096200784237]], "net.2.bias": [0.0, -0.012400459892733908, -0.011495535848957784, 0.0932275860741786, 0.032741799518602885, 0.08271710411282393, 0.08798732847003085, -0.07542946503974994, 0.03497394473024707], "net.4.weight": [[-0.09372549308407707, -0.0744501318129863, 0.24097221530308502, -0.15257133427069888, 0.005868503641744364, -0.06624136118968463, -0.11276396229560526, 0.18065522231675574, -0.17506917530596908], [0.025684790846504074, -0.11822990578690715, -0.19986389464039517, 0.029368184277311263, 0.08242659019298117, 0.04543461368814666, -0.05595814685792249, 0.027561839431995794, -0.0480773572298523], [0.0623510775407494, -0.024748195669982632, 0.009135370198529771, 0.025811516154607663, 0.09260226198240908, 0.1271292836356503, 0.1815332964139856, 0.018130383756965376, -0.030943923259464576]], "net.4.bias": [-0.11520192274603361, 0.025168054343905275, 0.06926476034236671]}