{"net.0.weight": [[-0.04943502547424796, 0.06155675204835546, -0.06776167569148302], [-0.02051630832804133, 0.1696725514012198, 0.2104570222255507], [0.05774691801606481, 0.18387794589639972, 0.044924652062610926], [0.050415641268515284, -0.01958707832345359, -0.17475410090911092], [0.08239051485624466, 0.27456734318970655, -0.022792022764466426], [-0.06414222008905143, 0.0813870207340121, 0.07875359779165421], [0.07603054014748896, -0.05575280449737774, -0.10524491424981922], [-0.00734459029643118, 0.1298622305322264, 0.06119438863917302], [-0.021927758767841504, 0.09649309346853907, 0.0743491920943722]], "net.0.bias": [0.0, 0.037247088925956504, 0.0013977655423181045, -0.023066363410813605, 0.01809636280194925, 0.016668628210723534, 0.011821554578134424, -0.01266053261966205, 0.0016377492481591796], "net.2.weight": [[-0.04678457990875216, 0.07758761564356143, 0.04454560935193912, 0.04885679370218548, 0.14796866835185185, 0.02627257442443053, -0.12751516329094256, 0.17456209095089392, -0.0781750724091546], [0.18929919203259743, 0.025303950329400023, -0.11654164464028578, -0.09254672109899385, 0.1156236004222197, 0.09837755720601651, -0.14686753935455063, 0.15061562858506455, 0.16039638002652218], [0.08339682352974959, 0.16303320228686163, 0.06082210198877111, -0.07234482422660056, -0.03588453903788892, -0.2196781827795102, 0.11903806280788519, 0.11939298362244298, 0.10804010629401992], [0.12909529993343202, 0.018562967532908085, 0.14516152925750217, -0.14826861266499933, 0.0893877100787558, -0.196050461095522, 0.21222069845092714, 0.1484130584789457, 0.13560002736684595], [0.09608695748120816, -0.13391408758276663, 0.08978485194179256, -0.20419418749042814, 0.2076594725711911, -0.047649441875202085, -0.2291498846634815, 0.0349599960166095, 0.021263566759892747], [0.1688283079797707, -0.000593416206388035, -0.1199564997891385, -0.07169317387413163, 0.01072982346127982, -0.052182656170441793, 0.058407135537783886, 0.07087190293233557, 0.05887052362520443], [0.025107783310886186, -0.10935104792703193, -0.08491251830399942, -0.08604882921575316, -0.02538454811226632, -0.15617061810406743, 0.0042155934326048895, 0.06511780745562265, 0.006160422372923976], [0.027829294865065635, 0.27913234702493983, 0.07983892075651211, -0.23544986163132708, 0.17710992699205924, -0.21148951186636056, -0.16073693450541127, -0.0042292086679902915, 0.1621527067788257], [0.170553610272299, -0.1476709121456586, 0.10601768558233576, -0.18577956593560355, 0.03896432307659256, 0.043813691698500745, 0.011638836982544752, 0.20229921062704614, 0.05124234491884329], [-0.07667461186037967, 0.2549295032651419, -0.11708438937737276, -0.1539619151775578, -0.12121304370662508, 0.33477345703052347, -0.17825884498998623, 0.14094528534601425, 0.07584732581199813], [0.016511435447365535, -0.11340648745228113, 0.16165412570488186, 0.056883306304576116, -0.11104870045109669, -0.13651538783630404, -0.10462220385965186, 0.015156313822350734, -0.11755595436127618], [-0.24804408499561134, 0.05878821532897415, -0.03597254358187213, -0.04190563811307659, -0.13522956957711332, 0.0691679295590639, 0.13284463357363527, 0.010208204396588538, 0.16611526746266422], [-0.06695989341725211, 0.013956169551619683, -0.22483026263274808, -0.07202087607613326, -0.043844218395001536, 0.01886966730330244, 0.1218269947952819, -0.02639459050377306, 0.05638990428737667], [-0.21991697442691677, -0.12354706229383955, -0.008616982401176154, 0.11681081923125697, -0.06050772700035453, -0.18192549022081514, -0.03643890553634217, -0.13842809542227416, 0.23508307679928403], [-0.09749825191430139, 0.08933605657717907, 0.04318634329764474, 0.21917460366410033, -0.1425647519180787, -0.08976652825721827, 0.09855729782548052, -0.02056310950519751, 0.036343145355523854], [-0.05083455779182359, -0.0408425804832897, 0.16624535070230478, -0.0556913864893469, 0.013209976536403578, -0.1706070533475122, -0.013984041306693737, 0.0960585046134276, -0.03287165134079191], [0.021475053245144437, -0.06896386424962471, 0.186584680798434, -0.03965595125014123, 0.04616097623200774, 0.04023301925174915, 0.08532292329210565, 0.07735819533984464, -0.0789609551012425], [-0.08594748484551297, -0.06786149171016656, -0.04981478525937503, -0.12468543338547489, -0.15267421687632643, 0.03524504291072228, 0.04267544505232793, 0.01851998363116077, -0.21867424082897366], [0.13372310100521298, 0.09523370706880122, -0.07208120458376643, 0.022435368309054873, -0.1756595544663955, 0.18150943050405968, -0.11968596153803225, 0.07267112475612188, 0.17100144525044492], [0.07442489052468687, 0.017829023708651078, -0.10419384054578874, -0.13318598170408877, -0.11964114511600639, -0.04123456096551066, -0.013941158312004149, -0.043925902174487004, 0.10092594322172782], [0.013447652508637043, 0.053309243968985884, 0.10358322945329793, -0.13722082225055546, 0.02216354583172866, -0.08020616081125054, 0.05591195145494714, -0.01877037654630454, -0.08888353235187788], [-0.11724681306359795, 0.2302808707065862, -0.1860071628503898, 0.1344873753808986, -0.14785215981991684, 0.10896611705087837, 0.042778930539821174, 0.3506280254306126, -0.09781399244389453], [-0.09411096816946093, 0.13154318236214327, -0.08183505452201364, -0.038847121554272536, 0.08332015776927353, 0.038074253185968084, 0.02258804826341702, 0.2023173341055204, -0.02837642205711271], [-0.12205729571402515, 0.016496829261137793, 0.016181014549812262, -0.04479090608701449, 0.0647145448426914, -0.1835288349422211, -0.16784518109847804, 0.17673803332826804, 0.17939006646410452], [-0.0016725243685979643, -0.08511330009082595, 0.058758727338510765, -0.013793746119125469, -0.10310809353043685, 0.036508091970962546, 0.12095310577181148, -0.08993202143385999, -0.04510441566002531]], "net.2.bias": [0.012033757430505443, -0.0058106569753684344, 0.028344548221826367, 0.05927266814338122, -0.020165377796330118, 0.0, 0.0, 0.06357151581615204, 0.007159637016152182, 0.06034063216722881, -0.00999999953407909, 0.012411265168834009, 0.0, 0.0, -0.013832780482849411, 0.0035460146328813256, -0.0005322703345386729, 0.0, -0.016867207890766872, -0.014591578045417348, 0.004271813918294529, -0.019929648351317643, -0.009438389239749746, 0.0011137518658141993, -0.016825432996954118],