{"net.0.weight": [[-0.04943502547424796, 0.06155675204835546, -0.06776167569148302], [-0.021047317733898497, 0.17447969888185055, 0.2088495158630836], [0.05817116976783234, 0.1857268153712223, 0.04421822710641049], [0.049174729298587905, -0.025977424781678093, -0.18301729189756893], [0.08307047755107176, 0.2801440255639708, -0.02334924574678138], [-0.06800560335658973, 0.07385154243467808, 0.08009336374247893], [0.07689334645216075, -0.05680914111402099, -0.10729962610042584], [-0.006946187081527551, 0.13423693788064578, 0.05628959439283927], [-0.022951132357795365, 0.09768245465558376, 0.0732814664979957]], "net.0.bias": [0.0, 0.036866974094398056, 0.0017612792891497186, -0.02535226408488215, 0.018818770328625434, 0.014752064137573573, 0.01197760210943555, -0.012889734806282643, 0.0005858799964356416], "net.2.weight": [[-0.04678457990875216, 0.07718584358912808, 0.04413130028411893, 0.043047428832551575, 0.1477877935909715, 0.02263434282184697, -0.1308845254332511, 0.1741411446569123, -0.07802383042572318], [0.18929919203259743, 0.025507534374601893, -0.1166256963544047, -0.09627505434496612, 0.11538627163349931, 0.09790389694649333, -0.1492305872505753, 0.15111247843393183, 0.16003763265254564], [0.08339682352974959, 0.1640360781879823, 0.059745363945568224, -0.08531686602480162, -0.03661334527211568, -0.24000495709947514, 0.1090293847490536, 0.12195591208249563, 0.10845897749514548], [0.12909529993343202, 0.01958808786674645, 0.1457066898217935, -0.15023176768991, 0.09001642144581533, -0.19828787886699945, 0.21156675906641945, 0.1481892789592187, 0.13491072090838024], [0.09608695748120816, -0.13542617872698545, 0.09044049747053652, -0.20191378868301493, 0.2091610505725928, -0.05163576871705797, -0.22614955406082732, 0.03257412397140934, 0.01875462044455306], [0.1688283079797707, -0.000593416206388035, -0.1199564997891385, -0.07169317387413163, 0.01072982346127982, -0.052182656170441793, 0.058407135537783886, 0.07087190293233557, 0.05887052362520443], [0.025107783310886186, -0.10935104792703193, -0.08491251830399942, -0.08604882921575316, -0.02538454811226632, -0.15617061810406743, 0.0042155934326048895, 0.06511780745562265, 0.006160422372923976], [0.027829294865065635, 0.28349425805123746, 0.08340569570188099, -0.24323770620912988, 0.18134399782301766, -0.22248841598708305, -0.16586232412315738, 0.0008404266823223664, 0.1657163277942752], [0.170553610272299, -0.14678141867256228, 0.10623954763622638, -0.19029798734340836, 0.039068881873331775, 0.042096293059440196, 0.009913662447954026, 0.20229805474894652, 0.05003360508460251], [-0.07667461186037967, 0.25542988008971945, -0.11706762324941107, -0.1539619151775578, -0.12175157662697277, 0.33880324000800305, -0.17930909028595796, 0.14240583516686353, 0.07672357177766607], [0.016511435447365535, -0.11340648745228113, 0.16165412570488186, 0.056883306304576116, -0.11104870045109669, -0.13651538783630404, -0.10462220385965186, 0.015156313822350734, -0.11755595436127618], [-0.24804408499561134, 0.05805851829649993, -0.040507761776101575, -0.04190563811307659, -0.1441692942141214, 0.07628148881682201, 0.13284463357363527, 0.00846186426719481, 0.16593071093579745], [-0.06695989341725211, 0.013956169551619683, -0.22483026263274808, -0.07202087607613326, -0.043844218395001536, 0.01886966730330244, 0.1218269947952819, -0.02639459050377306, 0.05638990428737667], [-0.21991697442691677, -0.12354706229383955, -0.008616982401176154, 0.11681081923125697, -0.06050772700035453, -0.18192549022081514, -0.03643890553634217, -0.13842809542227416, 0.23508307679928403], [-0.09749825191430139, 0.08808496848843561, 0.041942036806803404, 0.21930782579212543, -0.14396672303303376, -0.08924571812084976, 0.09831647255924825, -0.021528599597863407, 0.03511414021965417], [-0.05083455779182359, -0.04175883933650508, 0.16623957672600786, -0.05579850887940723, 0.013620790493103234, -0.17348376205494723, -0.013628204699589157, 0.0949919588155213, -0.03348884707516243], [0.021475053245144437, -0.06852675643317284, 0.1866897514040165, -0.04138604569421904, 0.04609345561735365, 0.040690934808233326, 0.0848713658395432, 0.07776476096834636, -0.07951517019374177], [-0.08594748484551297, -0.06786149171016656, -0.04981478525937503, -0.12468543338547489, -0.15267421687632643, 0.03524504291072228, 0.04267544505232793, 0.01851998363116077, -0.21867424082897366], [0.13372310100521298, 0.09107719632622158, -0.07991645380584864, 0.022435368309054873, -0.18807363195777813, 0.185121003452912, -0.11968596153803225, 0.0678048024320832, 0.1676375177480051], [0.07442489052468687, 0.017829023708651078, -0.10419384054578874, -0.13318598170408877, -0.11964114511600639, -0.04123456096551066, -0.013941158312004149, -0.043925902174487004, 0.10092594322172782], [0.013447652508637043, 0.05400122407640525, 0.10425210462260233, -0.13760616215800833, 0.022888436373873448, -0.07912233499717215, 0.05667890893627231, -0.019402301733110545, -0.08917462742017994], [-0.11724681306359795, 0.2289513824750053, -0.18783993564832985, 0.1344873753808986, -0.1503653133760326, 0.10960564733244776, 0.043104841517782135, 0.3494480767698307, -0.09844893896675651], [-0.09411096816946093, 0.132269528988887, -0.08078957110087027, -0.038649648968818416, 0.08442283287146872, 0.03979115454229462, 0.0241831429246215, 0.2025238870718277, -0.02906314853008905], [-0.12205729571402515, 0.01326343732478463, 0.0149218966845373, -0.050279389602402275, 0.06421859996638744, -0.2114636382268343, -0.17156309776756354, 0.17549159454126495, 0.17598824001320557], [-0.0016725243685979643, -0.08595921597289312, 0.05913631437786446, -0.012556988085944689, -0.1025798546395389, 0.036508091970962546, 0.12155182459241476, -0.09096363372519325, -0.04510441566002531]], "net.2.bias": [0.011991884735936691, -0.006584178588905271, 0.02578241473942745, 0.06023519484250604, -0.018953391824259588, 0.0, 0.0, 0.06613857919447115, 0.00733106882509854, 0.06002889328637945, -0.00999999953407909, 0.009499034133597192, 0.0, 0.0, -0.01549749712242749, 0.00402760727142125, -0.0009174900779633633, 0.0, -0.023077395547511797, -0.014591578045417348, 0.005645638138033561, -0.021210043516593554, -0.008551814347194852, -0.0013259492808332064, -0.016202770654034342],