{"net.0.weight": [[-0.04943502547424796, 0.06155675204835546, -0.06776167569148302], [-0.018949762214840654, 0.1829009336460251, 0.21093380493002623], [0.057224245421654114, 0.18599021718187747, 0.042841502546272385], [0.05070650165935387, -0.02897565290142569, -0.18803199753857888], [0.08228280528821509, 0.2837336197699886, -0.024582233130894932], [-0.07055493184006248, 0.0683414719001084, 0.08208772343933682], [0.07825631808704313, -0.05746962134180238, -0.1087730635312247], [-0.007886305337916058, 0.13724062908332357, 0.05023357351803554], [-0.023277662213612268, 0.09968735857120982, 0.07261699422282056]], "net.0.bias": [0.0, 0.039739533266792894, 0.0009080665045484828, -0.024723347061215335, 0.01828563195720901, 0.013959059203537242, 0.012632101364344027, -0.014528314842119798, 0.00014645887644796414], "net.2.weight": [[-0.04678457990875216, 0.07702599567949195, 0.043481807788833315, 0.03696256753937209, 0.14712482501123283, 0.019623543522002154, -0.134979299457652, 0.17398053393874033, -0.07772165366396798], [0.18929919203259743, 0.025539055936166746, -0.11651787031848375, -0.09903899968633129, 0.11558615062313793, 0.09617785398112813, -0.15065144694894486, 0.1514216536268595, 0.159552357680651], [0.08339682352974959, 0.16523537073650782, 0.05844708963389174, -0.09905735777712626, -0.03755852451161561, -0.263050049468244, 0.0978511661936604, 0.12472419748614945, 0.10895643976688195], [0.12909529993343202, 0.01907145462455673, 0.14470241602756875, -0.15387772466788555, 0.08907618690350427, -0.20178205197856589, 0.20948764854364182, 0.14654701177358037, 0.13260605333127848], [0.09608695748120816, -0.13679113069673077, 0.08961068087176233, -0.20475872746467927, 0.20874092587865217, -0.05492889335821044, -0.22638280781169048, 0.030088467399463945, 0.016281012183080507], [0.1688283079797707, -0.000593416206388035, -0.1199564997891385, -0.07169317387413163, 0.01072982346127982, -0.052182656170441793, 0.058407135537783886, 0.07087190293233557, 0.05887052362520443], [0.025107783310886186, -0.10935104792703193, -0.08491251830399942, -0.08604882921575316, -0.02538454811226632, -0.15617061810406743, 0.0042155934326048895, 0.06511780745562265, 0.006160422372923976], [0.027829294865065635, 0.2884090271074559, 0.086533841439068, -0.2521232445173024, 0.18481750941964897, -0.23590744435124164, -0.1717215011370546, 0.006416883469448564, 0.17032037243935624], [0.170553610272299, -0.15045489417240265, 0.10314679306379956, -0.19760359983699285, 0.03630694036801392, 0.03247374793952573, 0.006380619438844003, 0.19837270056647455, 0.04386296872153072], [-0.07667461186037967, 0.2565090614447188, -0.11652725797671254, -0.1539619151775578, -0.12174639237604915, 0.34353881144345055, -0.18280833815855166, 0.1442623902672973, 0.07790416994385996], [0.016511435447365535, -0.11340648745228113, 0.16165412570488186, 0.056883306304576116, -0.11104870045109669, -0.13651538783630404, -0.10462220385965186, 0.015156313822350734, -0.11755595436127618], [-0.24804408499561134, 0.05877951699762678, -0.043361461049810895, -0.04190563811307659, -0.15125183817003834, 0.08471032374787872, 0.13284463357363527, 0.007626173818541792, 0.16647295867746703], [-0.06695989341725211, 0.013956169551619683, -0.22483026263274808, -0.07202087607613326, -0.043844218395001536, 0.01886966730330244, 0.1218269947952819, -0.02639459050377306, 0.05638990428737667], [-0.21991697442691677, -0.12354706229383955, -0.008616982401176154, 0.11681081923125697, -0.06050772700035453, -0.18192549022081514, -0.03643890553634217, -0.13842809542227416, 0.23508307679928403], [-0.09749825191430139, 0.08603761600953141, 0.04085179216804303, 0.2205790616943938, -0.1448873293058602, -0.0897534765723267, 0.09937023674166373, -0.023215746948002606, 0.03304860053811004], [-0.05083455779182359, -0.04264005394108344, 0.1654653684864922, -0.05788918486021679, 0.01295936111333536, -0.17539558465427527, -0.014953120337088253, 0.09396562396983993, -0.03408618498688119], [0.021475053245144437, -0.0683847823506469, 0.1867532482467844, -0.04418212925734932, 0.046156057368169245, 0.039845807826240406, 0.0844986136121383, 0.07777495799576972, -0.08039866041061274], [-0.08594748484551297, -0.06786149171016656, -0.04981478525937503, -0.12468543338547489, -0.15267421687632643, 0.03524504291072228, 0.04267544505232793, 0.01851998363116077, -0.21867424082897366], [0.13372310100521298, 0.09246249367659869, -0.08198672343863146, 0.022435368309054873, -0.1946050675372408, 0.19400165595930996, -0.11968596153803225, 0.06822989519698357, 0.16942462032507352], [0.07442489052468687, 0.017829023708651078, -0.10419384054578874, -0.13318598170408877, -0.11964114511600639, -0.04123456096551066, -0.013941158312004149, -0.043925902174487004, 0.10092594322172782], [0.013447652508637043, 0.05423033129667264, 0.10376372243719767, -0.14034088924256627, 0.022276961248898303, -0.07815023711385316, 0.055520681367112586, -0.020552348463749363, -0.08994242532969751], [-0.11724681306359795, 0.22805312838104183, -0.18931716797890774, 0.1344873753808986, -0.15260099792095871, 0.11132362643033752, 0.04348868143946392, 0.3485903660880656, -0.09905333867288402], [-0.09411096816946093, 0.13253270625255614, -0.08114836211598579, -0.041994317034413, 0.08384639986480696, 0.04069192736223792, 0.023003109096015363, 0.20212781223978493, -0.030060350146743804], [-0.12205729571402515, 0.011161077433259966, 0.01495589687187433, -0.053814512735186844, 0.06508308402103785, -0.23160664340761183, -0.17390982183214296, 0.17537548805115324, 0.173286062328613], [-0.0016725243685979643, -0.08818628472363785, 0.059927049111094935, -0.010613870756042336, -0.10160414949017905, 0.036508091970962546, 0.12269391633891566, -0.09184174125956834, -0.04510441566002531]], "net.2.bias": [0.011688173521988397, -0.0071694541220202, 0.02292949328975192, 0.05956618779254349, -0.01935594882409967, 0.0, 0.0, 0.06851750689310637, 0.0038535726456082053, 0.060078071355111194, -0.00999999953407909, 0.0077650299960767295, 0.0, 0.0, -0.01699390231596111, 0.003691587681031942, -0.0013561882628513855, 0.0, -0.023611777856283014, -0.014591578045417348, 0.005761485703085106, -0.02234866836981417, -0.009070738185600377, -0.0024509347599653924, -0.015147353318714873],