{"net.0.weight": [[-0.04943502547424796, 0.06155675204835546, -0.06776167569148302], [-0.005580301371585122, 0.10194351025423999, 0.1925507120025886], [0.07609092257058107, 0.11676178791251353, 0.06053690904676891], [0.024822768805508193, 0.03162686883588006, -0.08985043887957571], [0.09639332880255731, 0.17712949593850624, -0.0010586588017439285], [-0.05490813809142712, 0.10668236684273737, 0.04452887632586249], [0.09838966301906191, -0.05539588326469917, -0.0849301216991096], [0.004055178523737019, 0.05625538391719998, 0.07741079530193284], [-0.017972077304469876, 0.0773363322390422, 0.07802836024637948]], "net.0.bias": [0.0, 0.028479344330187225, 0.010096459422532471, -0.029955016279529685, 0.026060084305486324, 0.009674965868106586, 0.03402038228831964, -0.007462821405855094, 0.0055235888869141336], "net.2.weight": [[-0.04678457990875216, 0.07389987100116789, 0.04412204566699401, 0.11448568327432582, 0.144687340777671, 0.056813446739453946, -0.10470414579728977, 0.16873028014504426, -0.08671942914096542], [0.18929919203259743, 0.02817557833404487, -0.11421551846552852, -0.05088662554769204, 0.11986574151043326, 0.11428390791240708, -0.129170877665511, 0.15295240166257304, 0.16671408983492608], [0.08339682352974959, 0.11604466247400845, 0.05980174226681817, 0.04918514546381558, -0.0355538336847333, 0.02211787075920278, 0.18355485717603356, 0.0664216355641871, 0.040125690188718484], [0.12909529993343202, 0.0033097048916161716, 0.14524496285980337, -0.06232164708655507, 0.08591962662027017, -0.0407145414502077, 0.24510248727861023, 0.12284064977301268, 0.13557224609534954], [0.09608695748120816, -0.12733045953244562, 0.09458770798172866, -0.13407348059681007, 0.20563399453129108, 0.05056130862421079, -0.21103470389288911, 0.03729775425312798, 0.031689589341578346], [0.1688283079797707, -0.000593416206388035, -0.1199564997891385, -0.07169317387413163, 0.01072982346127982, -0.052182656170441793, 0.058407135537783886, 0.07087190293233557, 0.05887052362520443], [0.025107783310886186, -0.10935104792703193, -0.08491251830399942, -0.08604882921575316, -0.02538454811226632, -0.15617061810406743, 0.0042155934326048895, 0.06511780745562265, 0.006160422372923976], [0.027829294865065635, 0.22164736360392562, 0.06665779298734059, -0.04740672252126335, 0.16448276429241176, 0.012963905937768912, -0.06931462339333803, -0.07039893461221108, 0.09050846657341897], [0.170553610272299, -0.14609837786526714, 0.11191065430181912, -0.023154900284085983, 0.04627036676557582, 0.13282558709977074, 0.060576537111332665, 0.2025465166075298, 0.061837356995802124], [-0.07667461186037967, 0.2264295989341822, -0.11673830835643297, -0.1539619151775578, -0.10058827204836215, 0.21864792680045123, -0.08017356350447605, 0.11445119208888171, 0.04354552999068408], [0.016511435447365535, -0.11340648745228113, 0.16165412570488186, 0.056883306304576116, -0.11104870045109669, -0.13651538783630404, -0.10462220385965186, 0.015156313822350734, -0.11755595436127618], [-0.24804408499561134, 0.014354817338406507, -0.041601698859211465, -0.04190563811307659, -0.10804146127896133, -0.01345102115988697, 0.14567036027619001, -0.027971669115115734, 0.11971622634893664], [-0.06695989341725211, 0.013956169551619683, -0.22483026263274808, -0.07202087607613326, -0.043844218395001536, 0.01886966730330244, 0.1218269947952819, -0.02639459050377306, 0.05638990428737667], [-0.21991697442691677, -0.12354706229383955, -0.008616982401176154, 0.11681081923125697, -0.06050772700035453, -0.18192549022081514, -0.03643890553634217, -0.13842809542227416, 0.23508307679928403], [-0.09749825191430139, 0.09951111671679476, 0.05187778345852224, 0.22020973869057797, -0.13140861945263244, -0.08559079908613593, 0.10427131208816824, -0.009563647155849328, 0.04966490080444594], [-0.05083455779182359, -0.04513575138711624, 0.1646217270109003, -0.027750700700086863, 0.009268368468068002, -0.15206276268310878, -0.00816332016901813, 0.0908475517567232, -0.04070604125591208], [0.021475053245144437, -0.06749092393184716, 0.18860031728895715, 0.004330418177549451, 0.0503317023135253, 0.06531719893707687, 0.0976481058988592, 0.0788768936402836, -0.07187627007273814], [-0.08594748484551297, -0.06786149171016656, -0.04981478525937503, -0.12468543338547489, -0.15267421687632643, 0.03524504291072228, 0.04267544505232793, 0.01851998363116077, -0.21867424082897366], [0.13372310100521298, 0.05622726167869123, -0.059657680956532774, 0.022435368309054873, -0.1170662316407259, 0.060132206417613014, 0.01644104451010862, 0.050390422485407246, 0.1335994904160064], [0.07442489052468687, 0.02239816154244122, -0.09805833767440782, -0.13318598170408877, -0.1119732631909131, -0.0367715941143831, -0.013941158312004149, -0.037614670271393556, 0.1062245207884394], [0.013447652508637043, 0.05182715759216946, 0.10689796758729926, -0.07422947312914192, 0.02352520725811883, -0.01570023218748022, 0.07601625131588292, -0.022114683610115593, -0.08402551976764833], [-0.11724681306359795, 0.23081952830928898, -0.17668959217610927, 0.1344873753808986, -0.13300076577856493, 0.0830342098643684, 0.07117314699555159, 0.3511828403352609, -0.10101181000999881], [-0.09411096816946093, 0.13450972847522463, -0.07662848860254347, 0.03381521768619226, 0.09130163370088165, 0.0583665348511536, 0.05012740927970735, 0.20582029389153622, -0.01863164895443626], [-0.12205729571402515, 0.022601730703771535, 0.01687601695884468, 0.008648295003084132, 0.06393559046583447, -0.030385409198341776, -0.14687360738502298, 0.17785994011711437, 0.18576920478295303], [-0.0016725243685979643, -0.07611922938584688, 0.07053445642351437, -0.008764687042983532, -0.09222006986591061, 0.036508091970962546, 0.1330540597673558, -0.08293665421753083, -0.044479959818074885]], "net.2.bias": [0.007760521604150634, 0.0032360481184023184, 0.04108667335264995, 0.06238578175128825, -0.01333720637976754, 0.0, 0.0, 0.06608716086535116, 0.019570911409331745, 0.05446191036401232, -0.00999999953407909, -0.010168950896297239, 0.0, 0.0, -0.00045650586376376153, -0.0028796359263288576, 0.007395184309240919, 0.0, -0.02216012844828213, -0.009303651349609376, 0.0038980523254762947, -0.017247811106081663, 0.0011453030617161373, 0.00981685592604914, -0.007579927936651722],