{"net.0.weight": [[-0.04943502547424796, 0.06155675204835546, -0.06776167569148302], [-0.01750485079560445, 0.1893538318308234, 0.2118231619332535], [0.05743588375482259, 0.1863789061356302, 0.042211966141942836], [0.04931052927305809, -0.03355188647583079, -0.19417508542717363], [0.08303680244243554, 0.2864858738119773, -0.025370229046943214], [-0.07359750746723957, 0.06334159862187859, 0.08322730482094635], [0.07885113526485557, -0.058485411368055774, -0.11081790078092046], [-0.007133951802541416, 0.13985365053689855, 0.045915387904117456], [-0.024650320922706796, 0.10046444467219715, 0.07058221448860233]], "net.0.bias": [0.0, 0.041670978104988085, 0.001076860348709724, -0.026810192783298072, 0.018934028520589903, 0.01251726254032856, 0.012590401767394841, -0.014618254245702133, -0.001433038530298857], "net.2.weight": [[-0.04678457990875216, 0.07770781418794846, 0.043563191524338976, 0.03375428197683609, 0.14704693388529302, 0.018277633028710796, -0.13770221203751615, 0.17461356588453344, -0.07653767074280855], [0.18929919203259743, 0.024314731694522702, -0.11732361162260793, -0.10050527511894042, 0.11508385825364982, 0.0924157245471178, -0.15241098710124135, 0.1507414208905268, 0.15796753976884365], [0.08339682352974959, 0.16342290828904885, 0.056555049520315974, -0.10942816858296579, -0.038680569133572984, -0.28645785400444496, 0.08909997094548132, 0.1257219760730185, 0.1072956731844672], [0.12909529993343202, 0.018787685584074267, 0.14473440189922807, -0.15455793696836537, 0.08919833774342767, -0.20150528664156966, 0.20942489511219484, 0.14605310355759973, 0.1309467975673295], [0.09608695748120816, -0.13791803491678745, 0.08988744651094485, -0.20310710450993738, 0.20945815021537575, -0.05525838445334414, -0.22381636938883226, 0.028900637952158602, 0.014367489970899918], [0.1688283079797707, -0.000593416206388035, -0.1199564997891385, -0.07169317387413163, 0.01072982346127982, -0.052182656170441793, 0.058407135537783886, 0.07087190293233557, 0.05887052362520443], [0.025107783310886186, -0.10935104792703193, -0.08491251830399942, -0.08604882921575316, -0.02538454811226632, -0.15617061810406743, 0.0042155934326048895, 0.06511780745562265, 0.006160422372923976], [0.027829294865065635, 0.29011152616412156, 0.08918244122928584, -0.2556367699770704, 0.18828211245830145, -0.2517684600349458, -0.1741728307332881, 0.009612263997576457, 0.1725220289224964], [0.170553610272299, -0.15282095314717428, 0.10168731333545344, -0.20033420404881558, 0.03517812352408811, 0.030613826415885233, 0.005981781380333718, 0.19633533051821053, 0.03961214082076732], [-0.07667461186037967, 0.25791873066190396, -0.11563939946649479, -0.1539619151775578, -0.12115106683619095, 0.3475081301976862, -0.18534416981195317, 0.14571086170934172, 0.07891677447359575], [0.016511435447365535, -0.11340648745228113, 0.16165412570488186, 0.056883306304576116, -0.11104870045109669, -0.13651538783630404, -0.10462220385965186, 0.015156313822350734, -0.11755595436127618], [-0.24804408499561134, 0.05831730012888658, -0.04651401426195179, -0.04190563811307659, -0.15758316365730357, 0.09131505452899022, 0.13284463357363527, 0.006016649523595827, 0.1656861909712779], [-0.06695989341725211, 0.013956169551619683, -0.22483026263274808, -0.07202087607613326, -0.043844218395001536, 0.01886966730330244, 0.1218269947952819, -0.02639459050377306, 0.05638990428737667], [-0.21991697442691677, -0.12354706229383955, -0.008616982401176154, 0.11681081923125697, -0.06050772700035453, -0.18192549022081514, -0.03643890553634217, -0.13842809542227416, 0.23508307679928403], [-0.09749825191430139, 0.08269941863390051, 0.03823402520651308, 0.21925112166686575, -0.14740210147495708, -0.09143314803010252, 0.09830750099370059, -0.025913379028052526, 0.029946170739457215], [-0.05083455779182359, -0.04279185377506875, 0.16547094911040394, -0.05774880972063946, 0.013010990946149638, -0.17565926853877947, -0.015071616978051951, 0.09376156319454296, -0.0338969332887231], [0.021475053245144437, -0.0694430096205481, 0.18625105383797977, -0.0468510546985804, 0.04589600588623182, 0.03740208394214243, 0.08436073952631377, 0.07710622696699217, -0.08230994562246732], [-0.08594748484551297, -0.06786149171016656, -0.04981478525937503, -0.12468543338547489, -0.15267421687632643, 0.03524504291072228, 0.04267544505232793, 0.01851998363116077, -0.21867424082897366], [0.13372310100521298, 0.09454039311021988, -0.08270025548015782, 0.022435368309054873, -0.19891261886410266, 0.202319503469774, -0.11968596153803225, 0.06875402323832479, 0.17161788690347818], [0.07442489052468687, 0.017829023708651078, -0.10419384054578874, -0.13318598170408877, -0.11964114511600639, -0.04123456096551066, -0.013941158312004149, -0.043925902174487004, 0.10092594322172782], [0.013447652508637043, 0.05504936176750686, 0.10435790491547098, -0.1402787624456386, 0.022764325413681532, -0.07428183319154122, 0.0563592741704509, -0.020495471550587833, -0.08992200713567514], [-0.11724681306359795, 0.22852747459648576, -0.19008291973781002, 0.1344873753808986, -0.15447637976930953, 0.11617386687995503, 0.0416199677525543, 0.3486296556296638, -0.09885766403434441], [-0.09411096816946093, 0.1316964591172155, -0.08085148722727191, -0.04217149775181683, 0.08462502619554395, 0.04000842983710584, 0.02422949318461098, 0.2014031966334677, -0.03183058941252425], [-0.12205729571402515, 0.007875130325448588, 0.01394890572987067, -0.05722745642803856, 0.06486718123219506, -0.24764051155145725, -0.1769836467660523, 0.17455619962528526, 0.16976532863185867], [-0.0016725243685979643, -0.09143568174389063, 0.06081697393063209, -0.007906549286949772, -0.10052309686460742, 0.036508091970962546, 0.12420294579950214, -0.09391145548273074, -0.04510441566002531]], "net.2.bias": [0.012290892515945713, -0.008756497402728816, 0.02011313001314547, 0.06004630084399775, -0.01868604925838395, 0.0, 0.0, 0.0712696188126678, 0.0020485104464481757, 0.06015747990866065, -0.00999999953407909, 0.0046606731158164655, 0.0, 0.0, -0.020237698318949466, 0.004262858899853364, -0.0024375354801309656, 0.0, -0.023032085756916957, -0.014591578045417348, 0.007042430819736163, -0.02345629079753371, -0.008645040711565057, -0.004618594576716038, -0.013824455126802132],