{"net.0.weight": [[-0.04943502547424796, 0.06155675204835546, -0.06776167569148302], [-0.015473347121930353, 0.19576023548947016, 0.2149524645194976], [0.05644053472090845, 0.186713374196209, 0.04077022786590056], [0.050600840213128155, -0.03498186309685031, -0.19650096822929652], [0.08221736162138708, 0.2889280304135597, -0.02694793369431629], [-0.07534848580471207, 0.0570518695040316, 0.08599308018798077], [0.08093824665703923, -0.05758272472103775, -0.1109673622039229], [-0.008565085575486442, 0.1419535215284567, 0.042362033156098], [-0.024845614104194436, 0.10224724617191157, 0.07056012395780899]], "net.0.bias": [0.0, 0.04481864840426682, 8.705226925494555e-05, -0.025994915523135702, 0.0181201242605582, 0.01258736630595864, 0.014094100181424502, -0.016401468426496115, -0.0015394058301822307], "net.2.weight": [[-0.04678457990875216, 0.07711581329706467, 0.04298384331920771, 0.029274316712101022, 0.1465653737243382, 0.01371787865672438, -0.14085867914537578, 0.17488076367399802, -0.076659630512554], [0.18929919203259743, 0.02490915232190846, -0.11712387708913144, -0.1010653032412912, 0.11527766444754417, 0.09083013202321505, -0.15467885206629725, 0.15073452844487567, 0.15804853213687275], [0.08339682352974959, 0.1642982874005184, 0.0556147290862182, -0.11862317576742899, -0.03924685542695814, -0.3104236643741132, 0.07949775392061068, 0.12715583197653238, 0.10773802846417577], [0.12909529993343202, 0.02010597472136317, 0.14433002921950377, -0.15694893585523298, 0.08863733917564469, -0.20248664445360778, 0.20779015699963846, 0.14535717311352547, 0.1305222355251792], [0.09608695748120816, -0.13798406401859797, 0.0890606891845097, -0.20430477206935474, 0.20858682083441235, -0.054983047421526064, -0.22476239187756672, 0.02666229725074034, 0.013010780858727677], [0.1688283079797707, -0.000593416206388035, -0.1199564997891385, -0.07169317387413163, 0.01072982346127982, -0.052182656170441793, 0.058407135537783886, 0.07087190293233557, 0.05887052362520443], [0.025107783310886186, -0.10935104792703193, -0.08491251830399942, -0.08604882921575316, -0.02538454811226632, -0.15617061810406743, 0.0042155934326048895, 0.06511780745562265, 0.006160422372923976], [0.027829294865065635, 0.2912688872300236, 0.09068213391781584, -0.258771020129565, 0.1904234756315073, -0.2687825821291688, -0.17728886124647905, 0.01136020859418424, 0.17374118001869035], [0.170553610272299, -0.15586735306021082, 0.09807274871635041, -0.20448749295187418, 0.03162198164366127, 0.030106342617735565, 0.0030489336642680995, 0.19171983725574965, 0.03455547425296026], [-0.07667461186037967, 0.2590212378819015, -0.11522629999612602, -0.1539619151775578, -0.12135535681171371, 0.3533678848773657, -0.18892630296513085, 0.14725509554202418, 0.08034710250734907], [0.016511435447365535, -0.11340648745228113, 0.16165412570488186, 0.056883306304576116, -0.11104870045109669, -0.13651538783630404, -0.10462220385965186, 0.015156313822350734, -0.11755595436127618], [-0.24804408499561134, 0.06177279176652101, -0.04566335330731589, -0.04190563811307659, -0.1598979136158005, 0.10137749290882221, 0.13284463357363527, 0.007720614523879618, 0.1688399888569858], [-0.06695989341725211, 0.013956169551619683, -0.22483026263274808, -0.07202087607613326, -0.043844218395001536, 0.01886966730330244, 0.1218269947952819, -0.02639459050377306, 0.05638990428737667], [-0.21991697442691677, -0.12354706229383955, -0.008616982401176154, 0.11681081923125697, -0.06050772700035453, -0.18192549022081514, -0.03643890553634217, -0.13842809542227416, 0.23508307679928403], [-0.09749825191430139, 0.08231517581584245, 0.038007685586716626, 0.22055411050560053, -0.14761632869874663, -0.0898805006771185, 0.0993822405136205, -0.02676875535548059, 0.029424340937226564], [-0.05083455779182359, -0.044004465004940076, 0.16465113258645991, -0.05937757086311639, 0.012306184422378982, -0.17816383404701022, -0.01621842501189871, 0.09309733219202693, -0.0348242330993325], [0.021475053245144437, -0.06871177516597145, 0.1862695702455623, -0.04821817432928145, 0.045818138282527635, 0.03729189009930464, 0.0837058648254952, 0.07641515563314562, -0.08266137532581938], [-0.08594748484551297, -0.06786149171016656, -0.04981478525937503, -0.12468543338547489, -0.15267421687632643, 0.03524504291072228, 0.04267544505232793, 0.01851998363116077, -0.21867424082897366], [0.13372310100521298, 0.09356398081095807, -0.0868618917372734, 0.022435368309054873, -0.20785516338368712, 0.21068367740448382, -0.11968596153803225, 0.06728385481734785, 0.17160973826186196], [0.07442489052468687, 0.017829023708651078, -0.10419384054578874, -0.13318598170408877, -0.11964114511600639, -0.04123456096551066, -0.013941158312004149, -0.043925902174487004, 0.10092594322172782], [0.013447652508637043, 0.055660102766607426, 0.10380631593764321, -0.14205950264992312, 0.021983296165621558, -0.07141517435410356, 0.05531250533197341, -0.02170238945151492, -0.0905057498183685], [-0.11724681306359795, 0.22939835413412485, -0.19009286019177873, 0.1344873753808986, -0.15533850679669878, 0.12189138079442587, 0.04160976888565298, 0.34937558296194005, -0.09797658650522646], [-0.09411096816946093, 0.13195026976626653, -0.08189525264591405, -0.04408584628816868, 0.08333790522932116, 0.0418238505490573, 0.022985340746582553, 0.19962280553668088, -0.03279468094488173], [-0.12205729571402515, 0.004304015555381882, 0.013141709986053433, -0.06010584958276859, 0.06513348466842338, -0.2663843314920071, -0.18075187528271983, 0.17346626638126286, 0.16570302113379265], [-0.0016725243685979643, -0.09896414135543452, 0.06076290721700625, -0.006816327274945647, -0.10043332648101232, 0.036508091970962546, 0.12468723287805347, -0.09420045739283284, -0.04510441566002531]], "net.2.bias": [0.011739757459055738, -0.008915813870480158, 0.018104185153493362, 0.05982193161357075, -0.019245463566017102, 0.0, 0.0, 0.0724678832149002, -0.0017644793536040941, 0.060405312456548774, -0.00999999953407909, 0.006309010838180313, 0.0, 0.0, -0.02062012879490009, 0.003610130108423693, -0.0026067355562373763, 0.0, -0.025526263663867916, -0.014591578045417348, 0.006873894076277317, -0.02344190325356775, -0.009413001217570008, -0.006686673553903805, -0.013743199148240069],