{"net.0.weight": [[-0.04943502547424796, 0.06155675204835546, -0.06776167569148302], [-0.017221452102605027, 0.1994204237494433, 0.21519700831976923], [0.05684726649313151, 0.1865197489139985, 0.04025534471915161], [0.04897154398939304, -0.03805297748772579, -0.2002854978484278], [0.0832483073045907, 0.29050562211253017, -0.02715121034451697], [-0.07869375288792217, 0.0526903968402022, 0.08635439359101785], [0.0834756474224189, -0.056901625346891534, -0.1113763876041214], [-0.007735405884086303, 0.14397065142162568, 0.04052993767780288], [-0.02653801607906589, 0.10305041900647723, 0.06860271750232944]], "net.0.bias": [0.0, 0.044211761010602854, 0.00036486309338420195, -0.027955213101713495, 0.018994606062736168, 0.010737191161517345, 0.01590809443165417, -0.015983076218649774, -0.0032792500775952692], "net.2.weight": [[-0.04678457990875216, 0.07841925480804844, 0.043396152862984864, 0.028627310687159974, 0.1467703666273662, 0.013391379058176302, -0.14258867734404906, 0.17561680606295701, -0.07470926053987267], [0.18929919203259743, 0.023425142483872567, -0.11799068961227101, -0.10106531445605979, 0.11473712944927683, 0.08586869416564231, -0.1566610965236685, 0.15011304721085633, 0.15622327759190938], [0.08339682352974959, 0.16336929969105857, 0.05385669374805334, -0.1253375503337846, -0.04067575648001918, -0.3294933588829837, 0.07248926785226494, 0.12768708822040534, 0.10746756299963116], [0.12909529993343202, 0.019908018083165675, 0.14466726884615025, -0.15599581341144175, 0.08915965178261069, -0.20167208829977593, 0.20858529176269294, 0.14429179645526152, 0.12914712756981214], [0.09608695748120816, -0.1387001268564476, 0.08910808290328717, -0.2025930235332076, 0.20889446873287604, -0.055322916595540436, -0.2233973803890159, 0.025359771043048658, 0.011744694515117886], [0.1688283079797707, -0.000593416206388035, -0.1199564997891385, -0.07169317387413163, 0.01072982346127982, -0.052182656170441793, 0.058407135537783886, 0.07087190293233557, 0.05887052362520443], [0.025107783310886186, -0.10935104792703193, -0.08491251830399942, -0.08604882921575316, -0.02538454811226632, -0.15617061810406743, 0.0042155934326048895, 0.06511780745562265, 0.006160422372923976], [0.027829294865065635, 0.29250663197737314, 0.0922023688664333, -0.26000502787012086, 0.1924742719522014, -0.28220570008260176, -0.1790604757931844, 0.012980729171678519, 0.17552035984140607], [0.170553610272299, -0.15652882399860601, 0.09774579801982762, -0.20523463008024734, 0.031449563060992204, 0.030106342617735565, 0.003111352734933581, 0.19091978655746072, 0.032529887237415504], [-0.07667461186037967, 0.2597309410770073, -0.11482617546393484, -0.1539619151775578, -0.12125563235626198, 0.35677557272708194, -0.193464028209331, 0.14843244740095693, 0.08089282147759418], [0.016511435447365535, -0.11340648745228113, 0.16165412570488186, 0.056883306304576116, -0.11104870045109669, -0.13651538783630404, -0.10462220385965186, 0.015156313822350734, -0.11755595436127618], [-0.24804408499561134, 0.06047544846237543, -0.04845889714528993, -0.04190563811307659, -0.16487950533482643, 0.10589989254952552, 0.13284463357363527, 0.006013774338503266, 0.1674769503638816], [-0.06695989341725211, 0.013956169551619683, -0.22483026263274808, -0.07202087607613326, -0.043844218395001536, 0.01886966730330244, 0.1218269947952819, -0.02639459050377306, 0.05638990428737667], [-0.21991697442691677, -0.12354706229383955, -0.008616982401176154, 0.11681081923125697, -0.06050772700035453, -0.18192549022081514, -0.03643890553634217, -0.13842809542227416, 0.23508307679928403], [-0.09749825191430139, 0.07838039427617909, 0.03447949801363344, 0.21735819261482478, -0.15123586033675337, -0.0920996779121758, 0.09632809765785513, -0.029663759831064507, 0.025943980029176306], [-0.05083455779182359, -0.044279674081517575, 0.1646507295348088, -0.057836180708454886, 0.0124565948453226, -0.17850762760033795, -0.015774254286465776, 0.0924453325919476, -0.034683708727026884], [0.021475053245144437, -0.070191204294047, 0.18531840447161044, -0.05235438136133494, 0.045053641065861426, 0.03353898766629501, 0.08258294945609705, 0.07554531539238603, -0.08504330820279472], [-0.08594748484551297, -0.06786149171016656, -0.04981478525937503, -0.12468543338547489, -0.15267421687632643, 0.03524504291072228, 0.04267544505232793, 0.01851998363116077, -0.21867424082897366], [0.13372310100521298, 0.09596611142539213, -0.08637784496305613, 0.022435368309054873, -0.2100399932782065, 0.21837574420693093, -0.11968596153803225, 0.06854881021376755, 0.17415208000241733], [0.07442489052468687, 0.017829023708651078, -0.10419384054578874, -0.13318598170408877, -0.11964114511600639, -0.04123456096551066, -0.013941158312004149, -0.043925902174487004, 0.10092594322172782], [0.013447652508637043, 0.05623336208337813, 0.10448461326611441, -0.14073681697072, 0.022724071651333826, -0.06721498486318006, 0.05678023228402385, -0.022348359946067816, -0.09075804175254835], [-0.11724681306359795, 0.2309083879246643, -0.18917966120921992, 0.1344873753808986, -0.15502406503501914, 0.128710073417682, 0.042088990465879564, 0.35078086708678863, -0.09689053888438014], [-0.09411096816946093, 0.12959861928200322, -0.08226190924233062, -0.04338497771576079, 0.08368403774237235, 0.039420471242984846, 0.02448143613377922, 0.19747978651131928, -0.03618028160400948], [-0.12205729571402515, 0.004994910931095308, 0.013503432098958922, -0.062477591382877624, 0.06566795534042051, -0.2762131744586372, -0.18422740065319795, 0.17523118454328862, 0.1669394760473926], [-0.0016725243685979643, -0.10312751179954528, 0.06283521910747282, -0.002861479860251218, -0.09809847051825032, 0.036508091970962546, 0.12764119898345852, -0.0966278712338725, -0.04510441566002531]], "net.2.bias": [0.01282126166453706, -0.010653601494445102, 0.015909377945970114, 0.06071569407528575, -0.018733971865164793, 0.0, 0.0, 0.07431378551986002, -0.002155545276936758, 0.05991063318946297, -0.00999999953407909, 0.003293720232286245, 0.0, 0.0, -0.024775050274841413, 0.004233732601582321, -0.0041356609680037685, 0.0, -0.024255337442989907, -0.014591578045417348, 0.008296020523563406, -0.023148107981437842, -0.00958646825163867, -0.0071683317363166665, -0.011259461181363868],