{"net.0.weight": [[-0.04943502547424796, 0.06155675204835546, -0.06776167569148302], [-0.014993072188208792, 0.20617915477555676, 0.2188726681675919], [0.056292243278183184, 0.1872249706953864, 0.039378060686660214], [0.04963082948147355, -0.04015322501358076, -0.20334923483040543], [0.0825431809294509, 0.2926857979974661, -0.028782874518271245], [-0.08015097272346981, 0.04628572920189512, 0.08945676817628527], [0.08667378908923325, -0.05569015571858506, -0.11246413533057971], [-0.008551570304541156, 0.14571824308971407, 0.03768897555783919], [-0.027043997397204256, 0.10475858551794143, 0.06785482887916025]], "net.0.bias": [0.0, 0.04773430425353954, -0.00020784651077471238, -0.027748705498866228, 0.018163957320009628, 0.011170809587960608, 0.01792046854183085, -0.0171243575661903, -0.0038142005783149005], "net.2.weight": [[-0.04678457990875216, 0.07897342031429568, 0.04313992052527306, 0.0232904386379017, 0.14631170932028031, 0.009814085632320009, -0.146680208879427, 0.17674500174665347, -0.07361015597094142], [0.18929919203259743, 0.022550377656780442, -0.1187368164583682, -0.10106531445605979, 0.11424142350606843, 0.08098979614043128, -0.15913032110840789, 0.1490072659182715, 0.1548924413376538], [0.08339682352974959, 0.16367614944837083, 0.053746145771528094, -0.130284998345586, -0.03995312661179014, -0.35740709750868704, 0.06662088844804814, 0.12839303772327856, 0.10672820434379775], [0.12909529993343202, 0.020981765325610788, 0.14418779493940323, -0.1586349921754083, 0.08856471074864816, -0.20189843089834913, 0.20724867161697388, 0.14309918974851257, 0.1278397757640105], [0.09608695748120816, -0.13832881991097357, 0.08895521562098563, -0.20254167509545185, 0.20885474578414834, -0.0545727380849165, -0.2228149521200483, 0.02303951142408524, 0.009961295103370484], [0.1688283079797707, -0.000593416206388035, -0.1199564997891385, -0.07169317387413163, 0.01072982346127982, -0.052182656170441793, 0.058407135537783886, 0.07087190293233557, 0.05887052362520443], [0.025107783310886186, -0.10935104792703193, -0.08491251830399942, -0.08604882921575316, -0.02538454811226632, -0.15617061810406743, 0.0042155934326048895, 0.06511780745562265, 0.006160422372923976], [0.027829294865065635, 0.2938487688656398, 0.09397546298097201, -0.26135864909818807, 0.19498395910021876, -0.30274484803550805, -0.1815542501295375, 0.014896640921122936, 0.1765583375814125], [0.170553610272299, -0.1593007732319782, 0.09493778649380051, -0.20843459056144303, 0.02887076372446702, 0.030106342617735565, 0.0013920891161926146, 0.18628656948696498, 0.027092901258900026], [-0.07667461186037967, 0.2605588705625421, -0.11439569344100768, -0.1539619151775578, -0.12129376914398496, 0.3631247846789788, -0.19615339367145387, 0.14989046253020055, 0.08228063418055846], [0.016511435447365535, -0.11340648745228113, 0.16165412570488186, 0.056883306304576116, -0.11104870045109669, -0.13651538783630404, -0.10462220385965186, 0.015156313822350734, -0.11755595436127618], [-0.24804408499561134, 0.06366201664100787, -0.047821614839224556, -0.04190563811307659, -0.16754690994485952, 0.11722892060129743, 0.13284463357363527, 0.007457338671739037, 0.17065311250275286], [-0.06695989341725211, 0.013956169551619683, -0.22483026263274808, -0.07202087607613326, -0.043844218395001536, 0.01886966730330244, 0.1218269947952819, -0.02639459050377306, 0.05638990428737667], [-0.21991697442691677, -0.12354706229383955, -0.008616982401176154, 0.11681081923125697, -0.06050772700035453, -0.18192549022081514, -0.03643890553634217, -0.13842809542227416, 0.23508307679928403], [-0.09749825191430139, 0.07701839195150204, 0.03412108433009116, 0.21965500840129634, -0.1512952888408993, -0.09213244445063329, 0.09816178960895063, -0.031158306125134184, 0.02459271046941307], [-0.05083455779182359, -0.04441212379374711, 0.1642531688487139, -0.05968785917632243, 0.012020735078237104, -0.17954565088354588, -0.016936480401928005, 0.09242546462477345, -0.034689814131544726], [0.021475053245144437, -0.07046251350132313, 0.18527856545033541, -0.05196726514892993, 0.045309047093763745, 0.030711579563887297, 0.08348599751951276, 0.07388282965255079, -0.08699344399501298], [-0.08594748484551297, -0.06786149171016656, -0.04981478525937503, -0.12468543338547489, -0.15267421687632643, 0.03524504291072228, 0.04267544505232793, 0.01851998363116077, -0.21867424082897366], [0.13372310100521298, 0.09823548876372462, -0.08691855166249723, 0.022435368309054873, -0.21498801122813033, 0.23020329684304644, -0.11968596153803225, 0.07011866991821866, 0.17742259546510764], [0.07442489052468687, 0.017829023708651078, -0.10419384054578874, -0.13318598170408877, -0.11964114511600639, -0.04123456096551066, -0.013941158312004149, -0.043925902174487004, 0.10092594322172782], [0.013447652508637043, 0.05742589113361667, 0.10423972476069371, -0.14268838814858636, 0.022239824572277817, -0.061226158038318025, 0.05628297413812423, -0.023589884299182334, -0.09147257481490086], [-0.11724681306359795, 0.23194463884795963, -0.1890845439285793, 0.1344873753808986, -0.15588775717167502, 0.13946656434727267, 0.04326312583785581, 0.3517155649109423, -0.09549378894356075], [-0.09411096816946093, 0.12923653639396826, -0.08289727484106227, -0.04502739345810507, 0.08321969817855425, 0.03948310503131914, 0.02433174898988093, 0.195032390825858, -0.0388080622074755], [-0.12205729571402515, 0.0013164142183992383, 0.012675240513207954, -0.06378564927412489, 0.06594921264237012, -0.2939405076476278, -0.18855964595178765, 0.17434470410592245, 0.16320083191526388], [-0.0016725243685979643, -0.11568333701252141, 0.062036255682230736, -0.002326876021738657, -0.09876457860503206, 0.036508091970962546, 0.1276636562467644, -0.09724848293332995, -0.04510441566002531]], "net.2.bias": [0.01255441018077754, -0.011746676575024605, 0.014868826183811565, 0.06039511563720456, -0.01864420661591009, 0.0, 0.0, 0.07560526035882625, -0.0049639204734679716, 0.06026792953040061, -0.00999999953407909, 0.004981591769745986, 0.0, 0.0, -0.025221650719592308, 0.003946204284327185, -0.0042941020210425455, 0.0, -0.023326220603112565, -0.014591578045417348, 0.008413893222897413, -0.022781050140590172, -0.01010032067405938, -0.009205214868589679, -0.01208269645612428],