{"net.0.weight": [[-0.04943502547424796, 0.06155675204835546, -0.06776167569148302], [-0.014556306799261894, 0.21029041194665934, 0.22095866552366286], [0.056410259610382596, 0.18728346786034136, 0.03890084983361232], [0.04862738635928813, -0.04308205210012713, -0.2073108615443272], [0.0832685249395149, 0.29415739177135664, -0.02843881210680979], [-0.08239124399856936, 0.04315654511923743, 0.09075326308849181], [0.08713146289502594, -0.055915843610180885, -0.11384619012525396], [-0.007785361436353175, 0.14782981284410587, 0.03681606063556845], [-0.027878554179861553, 0.1063011583682394, 0.06717785358462114]], "net.0.bias": [0.0, 0.04922328678000259, -9.877909082428203e-05, -0.029170560311519836, 0.018986190887781373, 0.010347018086302201, 0.017966495967836532, -0.016476562139285125, -0.004533472897592388], "net.2.weight": [[-0.04678457990875216, 0.07899534367484945, 0.042516810844056147, 0.020314899056523006, 0.14554726162621262, 0.0073631798592762735, -0.14953562527771944, 0.1763029358651561, -0.07292879070473407], [0.18929919203259743, 0.02252084724450039, -0.11871415543147798, -0.10106531445605979, 0.1143473673575842, 0.07822060093183324, -0.16142084334556925, 0.14959233305029354, 0.15453802688858248], [0.08339682352974959, 0.16407730657656303, 0.05474995738153774, -0.13038219531328243, -0.03838677633217414, -0.37469741566330733, 0.06513815663277185, 0.12959208165100694, 0.10780896673877383], [0.12909529993343202, 0.021988829757614806, 0.14423103263823903, -0.16000615402780313, 0.08851190044133998, -0.19990874075351392, 0.20668701589547603, 0.14284439758321238, 0.12794178391570682], [0.09608695748120816, -0.13929687751683828, 0.08915795964360904, -0.2001426214434647, 0.20936683160184572, -0.05522699159530823, -0.2210517918766475, 0.021397787575000618, 0.0083113582904454], [0.1688283079797707, -0.000593416206388035, -0.1199564997891385, -0.07169317387413163, 0.01072982346127982, -0.052182656170441793, 0.058407135537783886, 0.07087190293233557, 0.05887052362520443], [0.025107783310886186, -0.10935104792703193, -0.08491251830399942, -0.08604882921575316, -0.02538454811226632, -0.15617061810406743, 0.0042155934326048895, 0.06511780745562265, 0.006160422372923976], [0.027829294865065635, 0.2958482770113275, 0.09606401245534156, -0.2612408526012659, 0.19742914802096997, -0.31385797574739926, -0.18158112292527348, 0.016641087219310267, 0.1790635656732799], [0.170553610272299, -0.15891523520856823, 0.09497833976168675, -0.2097991809011191, 0.028925498931322156, 0.030106342617735565, 0.0010465258255124273, 0.18634122574341777, 0.026086938216258463], [-0.07667461186037967, 0.2614687850244196, -0.11390288001885987, -0.1539619151775578, -0.12112265876858053, 0.36784671480327935, -0.19967707081821143, 0.15135459507059054, 0.08291934621923444], [0.016511435447365535, -0.11340648745228113, 0.16165412570488186, 0.056883306304576116, -0.11104870045109669, -0.13651538783630404, -0.10462220385965186, 0.015156313822350734, -0.11755595436127618], [-0.24804408499561134, 0.06275484472649163, -0.05004945561050489, -0.04190563811307659, -0.17163317381059476, 0.12207561785621014, 0.13284463357363527, 0.006412155151888751, 0.16972457367150667], [-0.06695989341725211, 0.013956169551619683, -0.22483026263274808, -0.07202087607613326, -0.043844218395001536, 0.01886966730330244, 0.1218269947952819, -0.02639459050377306, 0.05638990428737667], [-0.21991697442691677, -0.12354706229383955, -0.008616982401176154, 0.11681081923125697, -0.06050772700035453, -0.18192549022081514, -0.03643890553634217, -0.13842809542227416, 0.23508307679928403], [-0.09749825191430139, 0.07472849369515142, 0.03239016623626909, 0.2192437110511609, -0.15299258967688292, -0.0928395025727866, 0.09749888507304934, -0.032557796084263076, 0.022637841813369256], [-0.05083455779182359, -0.04577607988768118, 0.1634488206418872, -0.06045600325176879, 0.011446362852834477, -0.18277797165777465, -0.0175081958274472, 0.0908478460780429, -0.03589638631231557], [0.021475053245144437, -0.07047125015825514, 0.18542068209628323, -0.053379378836476934, 0.04552573090111964, 0.029366426454301327, 0.08355879506042183, 0.07417637889404086, -0.08784930611773166], [-0.08594748484551297, -0.06786149171016656, -0.04981478525937503, -0.12468543338547489, -0.15267421687632643, 0.03524504291072228, 0.04267544505232793, 0.01851998363116077, -0.21867424082897366], [0.13372310100521298, 0.0968034144993149, -0.0895793327872777, 0.022435368309054873, -0.21955552678691787, 0.23363229025985902, -0.11968596153803225, 0.06828734904793064, 0.17635524277140527], [0.07442489052468687, 0.017829023708651078, -0.10419384054578874, -0.13318598170408877, -0.11964114511600639, -0.04123456096551066, -0.013941158312004149, -0.043925902174487004, 0.10092594322172782], [0.013447652508637043, 0.05764062572755184, 0.10416726244176129, -0.14367013835328285, 0.022145411512729862, -0.05697440189114165, 0.05640182814735237, -0.02466664850629344, -0.09223291544945526], [-0.11724681306359795, 0.23253413113178592, -0.18900630928617138, 0.1344873753808986, -0.15627557952787105, 0.14665717400269218, 0.04185437845257434, 0.35255443032089917, -0.09529386739287107], [-0.09411096816946093, 0.1293549558560263, -0.0825400504224014, -0.046214041415904884, 0.08372626721040215, 0.04010934494439308, 0.024940204966176233, 0.1945872166607635, -0.040094676417720104], [-0.12205729571402515, -0.0008365984925819024, 0.011958412784948667, -0.06396672202973105, 0.0658230345935123, -0.30497730087377195, -0.19303729018838062, 0.17465362701517118, 0.16217962224105706], [-0.0016725243685979643, -0.12370994343865342, 0.061270664811670116, -0.0013683494978116034, -0.09938408817958663, 0.036508091970962546, 0.12771082206685588, -0.10195707634391905, -0.04510441566002531]], "net.2.bias": [0.01258107832130297, -0.012431855654667735, 0.015748056759852844, 0.06100255399433586, -0.018039442007984456, 0.0, 0.0, 0.0781818095419945, -0.004893942102260681, 0.0599801436625326, -0.00999999953407909, 0.0025183232941900354, 0.0, 0.0, -0.027548350276604155, 0.0036765542360275914, -0.004581124668092626, 0.0, -0.02560009124165453, -0.014591578045417348, 0.009013483666119683, -0.023296365032967465, -0.009423274134802534, -0.010756691326686064, -0.012635231994061658],