{"net.0.weight": [[-0.04943502547424796, 0.06155675204835546, -0.06776167569148302], [-0.01528696931065929, 0.21402300586391818, 0.22204294237851693], [0.05507669684970339, 0.18615224338468425, 0.037142265409779725], [0.04880129115156084, -0.0438874626615385, -0.20804801733615402], [0.08266774978625255, 0.29485949387166877, -0.029804052105917727], [-0.08347413916014818, 0.03842084842688297, 0.09382647887860314], [0.08912254785332914, -0.05606390846812199, -0.11614496828505792], [-0.009144363482619391, 0.14798635896183435, 0.03359995802485514], [-0.028154902980723817, 0.1087782307212044, 0.06750111834868618]], "net.0.bias": [0.0, 0.04951771163076538, -0.0014930352795427752, -0.02913785069738067, 0.018268558137454344, 0.011012558327466919, 0.01876480869305272, -0.018111327097025946, -0.004521820898337089], "net.2.weight": [[-0.04678457990875216, 0.07809347454592239, 0.04161947761646275, 0.0192843226461097, 0.14476223836726365, 0.0026546009061782835, -0.15185013063103686, 0.17569025602433755, -0.07311797555636157], [0.18929919203259743, 0.02335702463471232, -0.11790290417621399, -0.10106531445605979, 0.11529694473737831, 0.07543688717623899, -0.16302374706251202, 0.1504011701388503, 0.1548713276665168], [0.08339682352974959, 0.16292719659796132, 0.05298823212799524, -0.13303034660462945, -0.03983590072965489, -0.39751041371247064, 0.059536087507165485, 0.1289850982620384, 0.10765276679097065], [0.12909529993343202, 0.02193326675238675, 0.14370304076513088, -0.16016981512928333, 0.08800941405842158, -0.20033462685242892, 0.20603540532002684, 0.14104120302033557, 0.12710470988944256], [0.09608695748120816, -0.14073654519560344, 0.08777130206517791, -0.19894924945458367, 0.20806438029716023, -0.05564357114645699, -0.2218741662903452, 0.018442599366345385, 0.006793447794882908], [0.1688283079797707, -0.000593416206388035, -0.1199564997891385, -0.07169317387413163, 0.01072982346127982, -0.052182656170441793, 0.058407135537783886, 0.07087190293233557, 0.05887052362520443], [0.025107783310886186, -0.10935104792703193, -0.08491251830399942, -0.08604882921575316, -0.02538454811226632, -0.15617061810406743, 0.0042155934326048895, 0.06511780745562265, 0.006160422372923976], [0.027829294865065635, 0.29590094782231685, 0.09608559457237063, -0.26142074146161653, 0.19780428543721498, -0.3302725442007811, -0.18467237720298782, 0.016837851689744582, 0.17981573154441172], [0.170553610272299, -0.1616742217898137, 0.09169248308297076, -0.21250947853185176, 0.025609708932341987, 0.030106342617735565, -0.002426576119365326, 0.18285994055534036, 0.02344771261769999], [-0.07667461186037967, 0.262571415169529, -0.11299804374506522, -0.1539619151775578, -0.12050717560527169, 0.375114568315713, -0.19904698743841454, 0.15305015534057184, 0.08415454360952701], [0.016511435447365535, -0.11340648745228113, 0.16165412570488186, 0.056883306304576116, -0.11104870045109669, -0.13651538783630404, -0.10462220385965186, 0.015156313822350734, -0.11755595436127618], [-0.24804408499561134, 0.06470517573044308, -0.050164924886070314, -0.04190563811307659, -0.17460858527569617, 0.13257828406155361, 0.13284463357363527, 0.007150076293901706, 0.1717415139315329], [-0.06695989341725211, 0.013956169551619683, -0.22483026263274808, -0.07202087607613326, -0.043844218395001536, 0.01886966730330244, 0.1218269947952819, -0.02639459050377306, 0.05638990428737667], [-0.21991697442691677, -0.12354706229383955, -0.008616982401176154, 0.11681081923125697, -0.06050772700035453, -0.18192549022081514, -0.03643890553634217, -0.13842809542227416, 0.23508307679928403], [-0.09749825191430139, 0.0735496367422771, 0.030493171090081556, 0.21717335109256872, -0.15533669850742393, -0.09144472038930972, 0.09490449703559951, -0.0335847572866896, 0.021769769638794352], [-0.05083455779182359, -0.047816218320987335, 0.16218784887360407, -0.060097689893699596, 0.010444078306376399, -0.18613985419398918, -0.018174947311846632, 0.08889749205980935, -0.03755003129830768], [0.021475053245144437, -0.07004836551773998, 0.18480111248540435, -0.05707664669353524, 0.04463843055336058, 0.028936442636443144, 0.08131078535252395, 0.07378040903284919, -0.08810138411851431], [-0.08594748484551297, -0.06786149171016656, -0.04981478525937503, -0.12468543338547489, -0.15267421687632643, 0.03524504291072228, 0.04267544505232793, 0.01851998363116077, -0.21867424082897366], [0.13372310100521298, 0.09710209186042495, -0.09130566377192893, 0.022435368309054873, -0.22454085390033832, 0.24172442888800452, -0.11968596153803225, 0.06798876908280514, 0.1774669552398665], [0.07442489052468687, 0.017829023708651078, -0.10419384054578874, -0.13318598170408877, -0.11964114511600639, -0.04123456096551066, -0.013941158312004149, -0.043925902174487004, 0.10092594322172782], [0.013447652508637043, 0.057456807387674266, 0.10363513197779906, -0.14362294351667887, 0.021597424603421827, -0.05266712194268963, 0.056280506458129646, -0.02668504431059647, -0.09328773644997146], [-0.11724681306359795, 0.23346525656583916, -0.18839751453541556, 0.1344873753808986, -0.15611296331969443, 0.156000518536915, 0.04642061041080178, 0.35376619278640703, -0.09440422494839541], [-0.09411096816946093, 0.12842776369476083, -0.08368563107129974, -0.04685626577373781, 0.08264719351354652, 0.04184577577831279, 0.024219027048343354, 0.1920212822998376, -0.04191577328785177], [-0.12205729571402515, -0.003573792339394538, 0.011470825748260487, -0.06396774883474084, 0.06632503513048475, -0.3203172206186064, -0.19794121580333676, 0.17526793567112586, 0.16058062074617196], [-0.0016725243685979643, -0.13110550580961491, 0.06278760252269958, 0.0019421332856424725, -0.09765568045517199, 0.036508091970962546, 0.13026034082903976, -0.10429360142326351, -0.04510441566002531]], "net.2.bias": [0.011895204389364993, -0.012095799433684813, 0.013502954887023114, 0.06084339600442138, -0.019126644478330658, 0.0, 0.0, 0.07816212708210564, -0.00811053003997938, 0.06051972625537181, -0.00999999953407909, 0.0030426765732411497, 0.0, 0.0, -0.029635337202686372, 0.0026973197169032972, -0.005339260305834109, 0.0, -0.026332193221943277, -0.014591578045417348, 0.008968227155891273, -0.022881607190795947, -0.010247557472515505, -0.012617153893554072, -0.010984217064567753],