{"net.0.weight": [[-0.04943502547424796, 0.06155675204835546, -0.06776167569148302], [-0.015916105041737322, 0.2175630620551249, 0.22346278031048042], [0.05474294803131124, 0.18532688353345464, 0.03665751711511654], [0.04840679309752424, -0.044978372757857245, -0.20938772492885588], [0.08293903838980246, 0.295130826942978, -0.029772195144006874], [-0.08513182213670398, 0.036251835229528295, 0.09519624194970157], [0.09086698763411084, -0.054544946355543786, -0.11515745317816066], [-0.01011658487896623, 0.14774046466970484, 0.0314695018853562], [-0.029905398774672257, 0.10981430593142191, 0.06641803538162072]], "net.0.bias": [0.0, 0.049858154120733876, -0.0017502365703051658, -0.029709271571550146, 0.018619496783872577, 0.010615657081174672, 0.020482717977671174, -0.019207336850326384, -0.005955388347249452], "net.2.weight": [[-0.04678457990875216, 0.07841830122525766, 0.041278249524856835, 0.019233213456096063, 0.14431546459280045, 0.0010039338098344112, -0.15371279373965296, 0.1750610555290148, -0.07195061041382252], [0.18929919203259743, 0.022730419392327176, -0.11838587785921098, -0.10106531445605979, 0.11482765910809588, 0.0722431079790892, -0.16603887243816426, 0.15077929841123766, 0.1540718990732773], [0.08339682352974959, 0.1624533139606119, 0.0527502014147887, -0.13341793925409037, -0.03973006793212955, -0.41500540959669485, 0.05707811208238421, 0.12939841702355304, 0.10857013557976244], [0.12909529993343202, 0.02202967777125134, 0.1431404277584564, -0.1602629070357873, 0.087418530859382, -0.19850269557071837, 0.20512716426412156, 0.13948975500626984, 0.12752300544057224], [0.09608695748120816, -0.14288364167099216, 0.08665169069630863, -0.19632272595297326, 0.20719558579462627, -0.057406295975910536, -0.2216938379800347, 0.015624774582164045, 0.005139385481616956], [0.1688283079797707, -0.000593416206388035, -0.1199564997891385, -0.07169317387413163, 0.01072982346127982, -0.052182656170441793, 0.058407135537783886, 0.07087190293233557, 0.05887052362520443], [0.025107783310886186, -0.10935104792703193, -0.08491251830399942, -0.08604882921575316, -0.02538454811226632, -0.15617061810406743, 0.0042155934326048895, 0.06511780745562265, 0.006160422372923976], [0.027829294865065635, 0.29734593957545763, 0.09738650320759643, -0.26113238378128745, 0.19936286909076298, -0.3417618861484556, -0.1855459725895174, 0.01777150221368943, 0.18201008947777828], [0.170553610272299, -0.1621442987127667, 0.09074547775221575, -0.21331835748083103, 0.02460928959982067, 0.030106342617735565, -0.003897428305096994, 0.1821948332073342, 0.023103224398907576], [-0.07667461186037967, 0.262955085908636, -0.11290931015851123, -0.1539619151775578, -0.12073449285984268, 0.3804437037363954, -0.20186004339653088, 0.15419991299602678, 0.08431559248002717], [0.016511435447365535, -0.11340648745228113, 0.16165412570488186, 0.056883306304576116, -0.11104870045109669, -0.13651538783630404, -0.10462220385965186, 0.015156313822350734, -0.11755595436127618], [-0.24804408499561134, 0.06364337541969041, -0.052258255654449345, -0.04190563811307659, -0.1783585483154048, 0.13776793169790502, 0.13284463357363527, 0.006142939952491374, 0.17066433364619435], [-0.06695989341725211, 0.013956169551619683, -0.22483026263274808, -0.07202087607613326, -0.043844218395001536, 0.01886966730330244, 0.1218269947952819, -0.02639459050377306, 0.05638990428737667], [-0.21991697442691677, -0.12354706229383955, -0.008616982401176154, 0.11681081923125697, -0.06050772700035453, -0.18192549022081514, -0.03643890553634217, -0.13842809542227416, 0.23508307679928403], [-0.09749825191430139, 0.07072104151590848, 0.02771249287861133, 0.2144310650388279, -0.1583509419937667, -0.09211653126314871, 0.09217684054191183, -0.03524053055494293, 0.019261664621867895], [-0.05083455779182359, -0.049224909358648844, 0.16121914707400678, -0.059927211589392355, 0.00972620587404935, -0.18985375046091435, -0.01900280091244772, 0.08686833645444145, -0.0386262292903861], [0.021475053245144437, -0.07032031898293241, 0.18409598637944583, -0.06167701545898861, 0.04372560568589992, 0.02837523884320555, 0.07948052839162616, 0.07404135858870407, -0.08892061965439887], [-0.08594748484551297, -0.06786149171016656, -0.04981478525937503, -0.12468543338547489, -0.15267421687632643, 0.03524504291072228, 0.04267544505232793, 0.01851998363116077, -0.21867424082897366], [0.13372310100521298, 0.09694198773440038, -0.09259347740000716, 0.022435368309054873, -0.22755819540024472, 0.2460185722037616, -0.11968596153803225, 0.06729877639572071, 0.17747345857346927], [0.07442489052468687, 0.017829023708651078, -0.10419384054578874, -0.13318598170408877, -0.11964114511600639, -0.04123456096551066, -0.013941158312004149, -0.043925902174487004, 0.10092594322172782], [0.013447652508637043, 0.05725767046506007, 0.10302557847436507, -0.14375594782600165, 0.020960439294895817, -0.048960670093269924, 0.055691086126326526, -0.028517089041143966, -0.093575196387527], [-0.11724681306359795, 0.23421468457064698, -0.1881202917334092, 0.1344873753808986, -0.15628750682818104, 0.16492314879667636, 0.04646613787359374, 0.3549320449767437, -0.0940454015945705], [-0.09411096816946093, 0.12726656880530668, -0.08435472494211568, -0.04797621937623404, 0.08222226483253292, 0.041421157377055005, 0.02363548536799869, 0.19031470942670944, -0.04406660941793794], [-0.12205729571402515, -0.004660078978835852, 0.010154692084133285, -0.06396774883474084, 0.06520272879043665, -0.32913036398145734, -0.20353324386794866, 0.17616191539180046, 0.16182801001085673], [-0.0016725243685979643, -0.13790973203458615, 0.063312357158829, 0.004865241016440884, -0.09689349700882881, 0.036508091970962546, 0.131808286079062, -0.11062821304137309, -0.04510441566002531]], "net.2.bias": [0.012294664067478096, -0.013385962069166106, 0.013102812897240385, 0.06100620274118218, -0.019768499935315327, 0.0, 0.0, 0.08001012429019734, -0.008932085641743722, 0.05976558375759861, -0.00999999953407909, 0.0006622937465803022, 0.0, 0.0, -0.0329816242788976, 0.00232228236217471, -0.006454363406878779, 0.0, -0.027342504247234296, -0.014591578045417348, 0.009150772276986494, -0.023289631551966127, -0.010464111983156683, -0.014900772623432234, -0.010119004230600108],