{"net.0.weight": [[-0.04943502547424796, 0.06155675204835546, -0.06776167569148302], [-0.014194243623269993, 0.2238638623244151, 0.22706377058173313], [0.05483767972385501, 0.18518568401255409, 0.0362977880528165], [0.047849353149900346, -0.0467474686588883, -0.21184856185282433], [0.08349974751662068, 0.2959369036930675, -0.029804593959594776], [-0.08597039650310255, 0.03459902165584766, 0.0971413583476676], [0.09157269679426147, -0.05403090839523829, -0.11577482792165855], [-0.008739457974084803, 0.15087364963351968, 0.0325692663565353], [-0.030154623960234498, 0.11214026945751274, 0.06694618558271383]], "net.0.bias": [0.0, 0.05290249197814858, -0.0016493078949699688, -0.030548349330643897, 0.01917360911777278, 0.01091342893815021, 0.021005052428466422, -0.01767166374885315, -0.005837684002685101], "net.2.weight": [[-0.04678457990875216, 0.07850334811312579, 0.04129461514153871, 0.019189880638094254, 0.1444373068439012, -0.0013550231215556589, -0.15450957877549304, 0.1744031482339526, -0.07134538232805174], [0.18929919203259743, 0.022977145934513526, -0.11816768753432053, -0.10106531445605979, 0.1150358075447723, 0.06996031147884338, -0.16845093924510335, 0.151886472548269, 0.1540811206523127], [0.08339682352974959, 0.16234724728181263, 0.05206032525802775, -0.13413209825091868, -0.04034731272904917, -0.43402828240137137, 0.052672664034793495, 0.1301466609908558, 0.11057986325851435], [0.12909529993343202, 0.02290894134342291, 0.14366965487278027, -0.16084627319759368, 0.08798975582128679, -0.1981307047092557, 0.20520226125016572, 0.13900900327110036, 0.12750437641206538], [0.09608695748120816, -0.14427442419936742, 0.08634495413438902, -0.1932020715166671, 0.20716662513481995, -0.05875762451522146, -0.22054061540459358, 0.013501715421447746, 0.003997247045474536], [0.1688283079797707, -0.000593416206388035, -0.1199564997891385, -0.07169317387413163, 0.01072982346127982, -0.052182656170441793, 0.058407135537783886, 0.07087190293233557, 0.05887052362520443], [0.025107783310886186, -0.10935104792703193, -0.08491251830399942, -0.08604882921575316, -0.02538454811226632, -0.15617061810406743, 0.0042155934326048895, 0.06511780745562265, 0.006160422372923976], [0.027829294865065635, 0.2985285836644473, 0.09878395671353285, -0.260295629555962, 0.20106840013466165, -0.3545002326996728, -0.1856476439908212, 0.01851180080149491, 0.18379050297114147], [0.170553610272299, -0.16172117124992236, 0.0910248408980652, -0.21305491567240983, 0.024907128668276064, 0.030106342617735565, -0.0038705748744269474, 0.18229981054585073, 0.022962568505344123], [-0.07667461186037967, 0.2637252055038185, -0.11249650328697183, -0.1539619151775578, -0.1205941906603251, 0.38615169613989714, -0.20380153378722193, 0.15564907567035227, 0.08483430349429395], [0.016511435447365535, -0.11340648745228113, 0.16165412570488186, 0.056883306304576116, -0.11104870045109669, -0.13651538783630404, -0.10462220385965186, 0.015156313822350734, -0.11755595436127618], [-0.24804408499561134, 0.06448226374993553, -0.052499903255446345, -0.04190563811307659, -0.18009120527513606, 0.14422191481090274, 0.13284463357363527, 0.006751108121859683, 0.17136486883498325], [-0.06695989341725211, 0.013956169551619683, -0.22483026263274808, -0.07202087607613326, -0.043844218395001536, 0.01886966730330244, 0.1218269947952819, -0.02639459050377306, 0.05638990428737667], [-0.21991697442691677, -0.12354706229383955, -0.008616982401176154, 0.11681081923125697, -0.06050772700035453, -0.18192549022081514, -0.03643890553634217, -0.13842809542227416, 0.23508307679928403], [-0.09749825191430139, 0.06902115499015236, 0.026302657663606722, 0.21380312673745713, -0.15981573125296264, -0.09194422086477591, 0.09151868642248709, -0.03615536928962026, 0.017682458784720145], [-0.05083455779182359, -0.050124075024375346, 0.16096204136476672, -0.06044107656809219, 0.009739832238674194, -0.19392917237253057, -0.01907562638585069, 0.08537977000609258, -0.039878062595696435], [0.021475053245144437, -0.07018103035707451, 0.18318264029390985, -0.06726573194628845, 0.042401180266918845, 0.02868841903456894, 0.07657347492325026, 0.07461234407501306, -0.08910095422812239], [-0.08594748484551297, -0.06786149171016656, -0.04981478525937503, -0.12468543338547489, -0.15267421687632643, 0.03524504291072228, 0.04267544505232793, 0.01851998363116077, -0.21867424082897366], [0.13372310100521298, 0.0972003424468229, -0.0937471634684773, 0.022435368309054873, -0.23085844053576787, 0.25148496170055074, -0.11968596153803225, 0.06676471991141979, 0.17794676476163607], [0.07442489052468687, 0.017829023708651078, -0.10419384054578874, -0.13318598170408877, -0.11964114511600639, -0.04123456096551066, -0.013941158312004149, -0.043925902174487004, 0.10092594322172782], [0.013447652508637043, 0.05734896524424984, 0.1032263320105533, -0.14450872225772904, 0.02126369298836236, -0.04682475408756673, 0.05599366201760596, -0.029727807993494674, -0.09456316124670044], [-0.11724681306359795, 0.23522745381526283, -0.18749720655681593, 0.1344873753808986, -0.15596256577936773, 0.1733548358995083, 0.04768894899460727, 0.3564174532118595, -0.09353163053682374], [-0.09411096816946093, 0.12703755815763063, -0.08415137193945843, -0.04982733252004057, 0.08260878603494506, 0.041365717494360875, 0.023767261322790882, 0.18935023526173364, -0.04656070873983642], [-0.12205729571402515, -0.0037322402940569988, 0.009894962682668741, -0.06396774883474084, 0.06496351852257859, -0.33773067252741523, -0.20884157973754466, 0.1788089100763537, 0.16481989791655394], [-0.0016725243685979643, -0.14440659081602658, 0.06419336648560367, 0.008088752623357705, -0.0957714877353752, 0.036508091970962546, 0.133774466487009, -0.11663109374697798, -0.04510441566002531]], "net.2.bias": [0.012884143359205048, -0.013868266911336819, 0.012300500491477552, 0.06209997591946205, -0.019615047569910775, 0.0, 0.0, 0.08189323873449701, -0.00851963119992129, 0.05946878113709808, -0.00999999953407909, 0.00025475303122959403, 0.0, 0.0, -0.034815805118583384, 0.002532864833972818, -0.007721102168781298, 0.0, -0.028111354879649022, -0.014591578045417348, 0.009954097306428695, -0.023293217969526357, -0.009827540776817065, -0.016007424580118113, -0.008917621811156108],