{"net.0.weight": [[-0.04943502547424796, 0.06155675204835546, -0.06776167569148302], [-0.013910581601048893, 0.22839417322631855, 0.22744058465819172], [0.05475418188239005, 0.18502655677107874, 0.03624757262002507], [0.047628304729798863, -0.04821533598739638, -0.21392228381643744], [0.08365883292644402, 0.29634230291951524, -0.02995096812428374], [-0.08699379968221531, 0.032992823840080364, 0.09881804465452443], [0.09304598689921639, -0.051952030513529694, -0.11433322786449383], [-0.009292572400652963, 0.1511454213477804, 0.02943977433799505], [-0.03171467560111466, 0.11292177936117576, 0.0665029792064637]], "net.0.bias": [0.0, 0.05362184887558866, -0.0015910763950669053, -0.031047781525032528, 0.019404782911816826, 0.010997423755234508, 0.02266380128002856, -0.01849275988686013, -0.00689983976861476], "net.2.weight": [[-0.04678457990875216, 0.07851715246820215, 0.04084596238156588, 0.018201829587124223, 0.14390105008619178, -0.003552516494579266, -0.15636023059256277, 0.17355095271021898, -0.07063577920237907], [0.18929919203259743, 0.02238218267182032, -0.11882405203973748, -0.10106531445605979, 0.11430713449227202, 0.06754633665232587, -0.17190672611475388, 0.1521847667633376, 0.15341392528352918], [0.08339682352974959, 0.16105611563757835, 0.051308245538832946, -0.13195692817660157, -0.040697270979996945, -0.4546672860579435, 0.04987752079197412, 0.12953452502712484, 0.11159639988913463], [0.12909529993343202, 0.023023311029290235, 0.14334005395070432, -0.16200087844509597, 0.087663923590621, -0.19872542853124156, 0.20431775254007217, 0.13768117896359658, 0.12712311778802057], [0.09608695748120816, -0.14580479703244617, 0.08592798613284394, -0.18857118915181637, 0.2070248433689186, -0.05991440445642898, -0.21920225072221688, 0.01098842580448996, 0.003276005986430682], [0.1688283079797707, -0.000593416206388035, -0.1199564997891385, -0.07169317387413163, 0.01072982346127982, -0.052182656170441793, 0.058407135537783886, 0.07087190293233557, 0.05887052362520443], [0.025107783310886186, -0.10935104792703193, -0.08491251830399942, -0.08604882921575316, -0.02538454811226632, -0.15617061810406743, 0.0042155934326048895, 0.06511780745562265, 0.006160422372923976], [0.027829294865065635, 0.2994520961013988, 0.09988498232263622, -0.25956112045831053, 0.2024211337620468, -0.36836941896742703, -0.18587933031769147, 0.01888057827608684, 0.1852753317494075], [0.170553610272299, -0.16277195749408221, 0.08980348694345802, -0.2134497285793081, 0.02364711557540937, 0.030106342617735565, -0.005391483759162245, 0.1811399556821673, 0.022642391259196915], [-0.07667461186037967, 0.2637555912045747, -0.11271459617373143, -0.1539619151775578, -0.12101611907314953, 0.39153159279592076, -0.2055527207857057, 0.15643344914992463, 0.08463214430746806], [0.016511435447365535, -0.11340648745228113, 0.16165412570488186, 0.056883306304576116, -0.11104870045109669, -0.13651538783630404, -0.10462220385965186, 0.015156313822350734, -0.11755595436127618], [-0.24804408499561134, 0.06530129103031006, -0.05279824348239859, -0.04190563811307659, -0.18187133414570386, 0.15118567601172184, 0.13284463357363527, 0.007337194194319348, 0.1721409063602256], [-0.06695989341725211, 0.013956169551619683, -0.22483026263274808, -0.07202087607613326, -0.043844218395001536, 0.01886966730330244, 0.1218269947952819, -0.02639459050377306, 0.05638990428737667], [-0.21991697442691677, -0.12354706229383955, -0.008616982401176154, 0.11681081923125697, -0.06050772700035453, -0.18192549022081514, -0.03643890553634217, -0.13842809542227416, 0.23508307679928403], [-0.09749825191430139, 0.06713455778469403, 0.024976564462230663, 0.2135946863205817, -0.1610877605719077, -0.09195500991538559, 0.09135848546537, -0.03726457184690175, 0.01598808492585613], [-0.05083455779182359, -0.05050560294235114, 0.16062462398350297, -0.061485434970791834, 0.009502398298221344, -0.1971274138478647, -0.0197939580518191, 0.08419383259828905, -0.040309240789315005], [0.021475053245144437, -0.07038017083434166, 0.18252055452384452, -0.07081868222015206, 0.041521339074691, 0.02897125879849612, 0.07503232374449559, 0.07489247110420598, -0.0897035147015601], [-0.08594748484551297, -0.06786149171016656, -0.04981478525937503, -0.12468543338547489, -0.15267421687632643, 0.03524504291072228, 0.04267544505232793, 0.01851998363116077, -0.21867424082897366], [0.13372310100521298, 0.09948774455709557, -0.09322809470598543, 0.022435368309054873, -0.23285787350134357, 0.25946788696771483, -0.11968596153803225, 0.06792628100438154, 0.1802794765983069], [0.07442489052468687, 0.017829023708651078, -0.10419384054578874, -0.13318598170408877, -0.11964114511600639, -0.04123456096551066, -0.013941158312004149, -0.043925902174487004, 0.10092594322172782], [0.013447652508637043, 0.057300226473557155, 0.10293373002792355, -0.14570322339101993, 0.020979573406967003, -0.0455737348681379, 0.05541571417356751, -0.031157305832905144, -0.09527901752915877], [-0.11724681306359795, 0.23500449799221776, -0.18792431030104778, 0.1344873753808986, -0.1565707107304992, 0.1801543925616658, 0.0476880690815721, 0.3568832405529615, -0.09421990371344649], [-0.09411096816946093, 0.12721692529748194, -0.08390757641522452, -0.051813425894748986, 0.08298193547492878, 0.04062960787802393, 0.02361930824664362, 0.18864782185520337, -0.04894278239694463], [-0.12205729571402515, -0.006093647092545014, 0.0071909788923086556, -0.06396774883474084, 0.06255177205744998, -0.3454978498286126, -0.21545622242914766, 0.17845397713925537, 0.16642759834879137], [-0.0016725243685979643, -0.15689752676534313, 0.06174697078769916, 0.008792978784893213, -0.09803947179659019, 0.036508091970962546, 0.13243890752449902, -0.12669197850139888, -0.04510441566002531]], "net.2.bias": [0.013041773821490427, -0.015203080042573177, 0.011502145181401184, 0.06234566400614897, -0.01949467327339142, 0.0, 0.0, 0.08350614096910243, -0.009628732445721629, 0.058533078815290795, -0.00999999953407909, -0.0001849252888080782, 0.0, 0.0, -0.03656268785196448, 0.0026873965734495213, -0.008748913845021062, 0.0, -0.027149659720453547, -0.014591578045417348, 0.01027380860328698, -0.02441086416686406, -0.009130239172481595, -0.01967479752974221, -0.011116602306728882],