{"net.0.weight": [[-0.04943502547424796, 0.06155675204835546, -0.06776167569148302], [-0.015488488390650007, 0.23068420079007862, 0.22847738837171366], [0.05433556483473811, 0.18455809384416832, 0.03635015991528237], [0.04814139266160263, -0.04867902535935392, -0.21468960307291599], [0.08330204791510838, 0.2962773436182882, -0.029993611490633985], [-0.08917442836479707, 0.030118515311623576, 0.09910700576335621], [0.0946815133527831, -0.05042177565767393, -0.11424531099444776], [-0.010096936644377294, 0.15101861548293002, 0.02785146458808618], [-0.0335706072793546, 0.11363337524174022, 0.06541301678129587]], "net.0.bias": [0.0, 0.05271402488065033, -0.0017572332347808675, -0.030740604581596456, 0.019275571863978613, 0.009809989624728581, 0.024034165178229212, -0.019339842380653872, -0.008364390922791561], "net.2.weight": [[-0.04678457990875216, 0.07928001094034402, 0.04027858101896757, 0.016537214731308904, 0.14284088141460016, -0.003312706040619562, -0.15929083033355682, 0.17322874667447175, -0.06850285710145114], [0.18929919203259743, 0.02087115747002485, -0.12004230877931299, -0.10106531445605979, 0.11328086153983645, 0.06288558467317999, -0.17483071552740825, 0.15179254383241755, 0.1516409405807039], [0.08339682352974959, 0.1595138290402244, 0.05063158030558171, -0.12795849094718553, -0.04081666121440794, -0.4771885117955703, 0.047562817612083606, 0.128756627206649, 0.11271144033210528], [0.12909529993343202, 0.022969138606826398, 0.1424474343927944, -0.1635917039801934, 0.08663257580387079, -0.19686176635858832, 0.20286628349671526, 0.1361871374113714, 0.12744824811823993], [0.09608695748120816, -0.14705154357049594, 0.08610910316679846, -0.182855908189257, 0.20758009653753215, -0.06048077892816909, -0.2166270127426214, 0.008914825033234219, 0.002578861035022979], [0.1688283079797707, -0.000593416206388035, -0.1199564997891385, -0.07169317387413163, 0.01072982346127982, -0.052182656170441793, 0.058407135537783886, 0.07087190293233557, 0.05887052362520443], [0.025107783310886186, -0.10935104792703193, -0.08491251830399942, -0.08604882921575316, -0.02538454811226632, -0.15617061810406743, 0.0042155934326048895, 0.06511780745562265, 0.006160422372923976], [0.027829294865065635, 0.3000193087426758, 0.10018748093521433, -0.2600712120040009, 0.2027547944179427, -0.38140172393696103, -0.18747072599301487, 0.01891480270228462, 0.18698470055412225], [0.170553610272299, -0.1632122812156329, 0.08891103420684729, -0.21404911816938127, 0.022675138799822452, 0.030106342617735565, -0.006754223815901443, 0.18068482897133803, 0.022596929799747836], [-0.07667461186037967, 0.2640436861133782, -0.11248788012888337, -0.1539619151775578, -0.12082029721778352, 0.39567584246738485, -0.2055169701385785, 0.15742754452205165, 0.08449692590558225], [0.016511435447365535, -0.11340648745228113, 0.16165412570488186, 0.056883306304576116, -0.11104870045109669, -0.13651538783630404, -0.10462220385965186, 0.015156313822350734, -0.11755595436127618], [-0.24804408499561134, 0.06521682599971228, -0.05394095582102726, -0.04190563811307659, -0.18440159315554838, 0.15697931859912356, 0.13284463357363527, 0.007075519574713028, 0.17207719412031913], [-0.06695989341725211, 0.013956169551619683, -0.22483026263274808, -0.07202087607613326, -0.043844218395001536, 0.01886966730330244, 0.1218269947952819, -0.02639459050377306, 0.05638990428737667], [-0.21991697442691677, -0.12354706229383955, -0.008616982401176154, 0.11681081923125697, -0.06050772700035453, -0.18192549022081514, -0.03643890553634217, -0.13842809542227416, 0.23508307679928403], [-0.09749825191430139, 0.06425994184666917, 0.0235812856433023, 0.21422322891411819, -0.162033240825161, -0.09389242930166687, 0.09204434010032377, -0.03917819582090717, 0.013249060733162114], [-0.05083455779182359, -0.05094197496896452, 0.15983022122495566, -0.06293865366359477, 0.008664113171718975, -0.19859081668627598, -0.02120404828987913, 0.08301377562441284, -0.04006785556838993], [0.021475053245144437, -0.07138405413025435, 0.18227541452063048, -0.0727139912604553, 0.04153475192719127, 0.026912159419429753, 0.07566041389775018, 0.07470856489244734, -0.09211661351307651], [-0.08594748484551297, -0.06786149171016656, -0.04981478525937503, -0.12468543338547489, -0.15267421687632643, 0.03524504291072228, 0.04267544505232793, 0.01851998363116077, -0.21867424082897366], [0.13372310100521298, 0.10248446429299635, -0.0917900335252833, 0.022435368309054873, -0.2335721317769945, 0.26683298800604893, -0.11968596153803225, 0.06977194613804404, 0.18326596569530965], [0.07442489052468687, 0.017829023708651078, -0.10419384054578874, -0.13318598170408877, -0.11964114511600639, -0.04123456096551066, -0.013941158312004149, -0.043925902174487004, 0.10092594322172782], [0.013447652508637043, 0.057273384959375596, 0.102263319961079, -0.1472696142958779, 0.020159511461713624, -0.042191337530283285, 0.054390593859481154, -0.03258581407600995, -0.09549454441513076], [-0.11724681306359795, 0.23561540467327077, -0.1877233231615239, 0.1344873753808986, -0.1566308988559252, 0.18916085878794928, 0.048549929771659665, 0.3577608795676538, -0.0941128736450047], [-0.09411096816946093, 0.12498645186120265, -0.08462496015112661, -0.053921081847687964, 0.08260518942824621, 0.03712784940826833, 0.023203525807354478, 0.1865211998288484, -0.055222640958476565], [-0.12205729571402515, -0.0015129975993634678, 0.007837058512714441, -0.06396774883474084, 0.062490057891270163, -0.3514468519327556, -0.22077135506234358, 0.1822860876137555, 0.1725483522751419], [-0.0016725243685979643, -0.16965207640531355, 0.059373098495497025, 0.009581473627063714, -0.10024286866942442, 0.036508091970962546, 0.1312569695158685, -0.1357506917723429, -0.04510441566002531]], "net.2.bias": [0.013129824860791377, -0.017141108457115466, 0.01074268957404528, 0.06199022059012167, -0.018867329757793566, 0.0, 0.0, 0.08428662657329332, -0.01047577747796297, 0.05810518481176413, -0.00999999953407909, -0.00143188237810545, 0.0, 0.0, -0.03839873936701861, 0.002332349348342505, -0.009463124348282101, 0.0, -0.025330184925453216, -0.014591578045417348, 0.01017700504652842, -0.024694051863732185, -0.009578771886744575, -0.019171189162367364, -0.013284188055297144],