{"net.0.weight": [[0.15087463152861855, -0.026693007558630404, -0.12392227267012178], [-0.05100690571837941, -0.27362842045572594, 0.16007542183325257], [-0.10056097996217919, 0.04288189417826273, -0.10864845926909082], [-0.032435448957974566, -0.09108123566833382, -0.07302642361519171], [0.006994538144971375, -0.29197453647702104, -0.028769441636790256], [0.0830880123970316, 0.1060438880500582, 0.07039352962445539], [0.1750997202083464, 0.18969543482107262, 0.0962277553469286], [0.13557429694703563, 0.1975541260009516, 0.10999393640484026], [-0.00859087902173181, -0.06989125888828769, -0.05876306807356718]], "net.0.bias": [0.03772628387789967, 0.0013033433486719145, 0.0, 0.0, -0.0024613007302493467, 0.014111877452957111, 0.03473894387619749, 0.014250439283414504, 0.0], "net.2.weight": [[0.0025753486776406292, -0.06270392785703871, 0.0612408498439618, -0.12040977872034658, -0.03536818620599714, -0.03149259528446672, -0.13187163319639633, 0.16247537615128083, 0.14188191051688334], [0.058614242209674254, -0.015573559718060168, 0.06702359633808608, 0.16391886990759255, -0.02325581956271268, 0.013198059332192511, -0.05738201548955359, -0.18739075866626653, 0.04657840631369891], [0.04242154704197281, -0.11895082665220932, -0.14898285179920465, -0.1283279665144996, -0.13613452129364237, -0.05643770018724647, 0.12575691181967003, 0.1123412391613542, -0.03270547824452026], [0.16371393725619524, -0.21861708011427824, 0.05080762420974168, -0.05077126837345354, -0.02735871634202473, 0.1411585534688867, 0.016460637425888616, -0.06466093435996838, 0.032125346017235934], [-0.0018067334914001689, 0.16560670469958938, 0.0074569369243506645, -0.12818667118129332, -0.00012552744844842266, -0.08961718904319661, -0.18616153799981972, 0.047098891073875604, 0.11845200441879052], [0.021483452714656955, 0.268694108607442, -0.004798877573304809, 0.04873366203251467, -0.21379321396254422, 0.034906742098703286, 0.08794283642788053, -0.05902406719675634, -0.021507335904908036], [0.12878527034252765, -0.1739515067420389, 0.07205990287940783, 0.21412777214444542, 0.016951832480846307, 0.08663056336145554, -0.0939640764010223, 0.10172095576144739, 0.09763455233546303], [0.13220479271717403, -0.23961067880697282, -0.09526951997370486, 0.1992468637322791, -0.07275887863358924, 0.15493917962344333, 0.16666341716121524, 0.08936798333573169, 0.041866103874967434], [-0.03570746888073605, -0.12181920340666258, -0.12162841672894792, -0.1403902874033057, 0.05508553815285766, 0.03288719692404546, -0.08831693407604034, 0.012717211156606192, -0.0898031813370791], [-0.029992937945528167, 0.07847255125140801, 0.04018144317132458, 0.05085285528131639, 0.08703477374542486, -0.016808736221107592, -0.016724416173167, -0.04489571212470001, 0.17671670331677947], [-0.162638753594637, -0.14612540369438837, 0.1298477305813864, -0.08613858677414249, 0.019692973512730978, -0.1687637736843759, -0.15983156998693135, -0.128114512219186, 0.01893230546995541], [-0.3544022488480392, 0.20085107482492617, -0.062213653283852234, -0.020129988227086667, 0.06448830762253908, -0.05233461900926914, 0.016721427903742987, 0.11572141694918288, 0.06314990413509304], [-0.2262547357680437, -0.04869234099156787, -0.1500182960652416, 0.008022464095036338, 0.06757575021793033, 0.037908545520119165, 0.04088900158734222, 0.19407466188277478, 0.04312505390607169], [0.29151122327843, -0.03946528082848913, 0.02337169127592988, 0.07950822104550395, -0.03042880019065277, 0.07146413121542583, 0.002117150357692153, -0.10668327774395449, -0.16186279422411104], [0.11269388292602155, -0.20137070427634113, 0.08712887386402718, 0.09075020408382166, 0.04743595746136232, -0.15658681908281935, -0.052510270242358825, 0.013896342911244242, 0.1511761454764689], [0.08181632924053234, 0.00878373766217893, 0.01634904619855792, -0.16109330439329672, -0.052096961127311485, -0.048347788586062576, 0.09212193630641778, -0.05223690612326418, 0.026056512647535186], [0.06463722469854755, -0.12788981697535523, 0.05544777805822061, -0.01925428170487794, 0.00033705542021215344, 0.1469964902369002, 0.17359456257975667, 0.1409081884070413, -0.03425641877108052], [-0.08729563276715512, -0.01309787411663572, 0.034931630842650614, -0.045398797667408786, 0.008381609725868, 0.05864407202693763, 0.06008721452330898, 0.02708657108132789, -0.14965333740550285], [-0.1541366297843515, -0.06145542034083556, -0.09008676281583176, -0.07694098784818748, 0.13803936695229332, 0.1902900093177972, -0.06426689872403551, -0.12066659749605593, 0.1923636369378665], [-0.17812600743991408, -0.07542043203314905, -0.03116015390583342, 0.16433177025551252, -0.06226391197117666, 0.042616264378584, 0.18945135530996446, -0.0007808722718087575, 0.01937905215445372], [-0.06369990253473391, -0.07918996315497147, -0.04234486744143724, 0.00075303968324757, -0.1645870681742735, 0.2424284450843099, -0.044109336840961355, 0.2029272983139669, 0.07630717978616383], [0.011454303770040784, 0.20393365905930533, -0.05692584080219687, -0.002375107298769281, -0.14688240570144692, 0.052705843572717355, 0.05969866703359455, 0.03251754349634262, -0.11569030745546578], [0.0773166141400064, 0.10656184913166587, 0.020688893551078905, -0.16217101608364748, -0.016198630470616163, -0.10912214085279154, 0.030625618339593198, -0.06560915668932503, 0.12230177615922339], [0.18080743822736797, 0.08370231027819618, 0.05958938391590205, -0.03278351776555652, -0.11664742847367021, -0.060569680595445895, -0.009352751428230385, 0.0587111451649668, -0.07208320071082093], [-0.19713017695527035, -0.05938659186678999, -0.00995384719125718, 0.007863152050239968, -0.04456065739558489, 0.002970821653824937, -0.0006557789113932067, 0.12594133315168876, 0.06842800865564069]], "net.2.bias": [0.0025116197627994344, 0.0, 0.013547322018902545, -0.002104501659847869, 0.0, -0.026955130371329558, -0.012520281104714311, 0.022908647055418778, 0.0, 0.0, 0.0, 0.03613367010846103, -0.012114926855065202, 0.006139889832438721, 0.0, -0.028138045331027213, 0.02546354043032807, 0.03821710261432738, 0.0, 0.0361843481824357, 0.014268164856203979, -0.023184588809392587, 0.0, -0.0030314287219049356, 0.03996061284811736],