{"net.0.weight": [[0.15309429993268261, -0.028280372665711605, -0.13005143588334578], [-0.058380289291159654, -0.2907450313179636, 0.16876345647054497], [-0.10056097996217919, 0.04288189417826273, -0.10864845926909082], [-0.032435448957974566, -0.09108123566833382, -0.07302642361519171], [0.006994538144971375, -0.29197453647702104, -0.028769441636790256], [0.07930934073268522, 0.12182648661388354, 0.07304930378438568], [0.16722054006221118, 0.2022337631801942, 0.1010714703279007], [0.1320523557704388, 0.21172533916608163, 0.11913606735552305], [-0.00859087902173181, -0.06989125888828769, -0.05876306807356718]], "net.0.bias": [0.03730249170469927, 0.0009341162437307094, 0.0, 0.0, -0.0024613007302493467, 0.014299041462294153, 0.03260641425754542, 0.01593254428726718, 0.0], "net.2.weight": [[-0.003287962656505849, -0.06372998757217815, 0.0612408498439618, -0.12040977872034658, -0.03536818620599714, -0.036195284512683515, -0.1367002913529276, 0.15792534884818527, 0.14188191051688334], [0.058614242209674254, -0.015573559718060168, 0.06702359633808608, 0.16391886990759255, -0.02325581956271268, 0.013198059332192511, -0.05738201548955359, -0.18739075866626653, 0.04657840631369891], [0.027865279294690896, -0.14043969602819584, -0.14898285179920465, -0.1283279665144996, -0.13613452129364237, -0.05539415663480781, 0.12613395943175829, 0.11384955230313709, -0.03270547824452026], [0.16013225809655313, -0.22065574606170943, 0.05080762420974168, -0.05077126837345354, -0.02735871634202473, 0.132138999463623, 0.00758993926149733, -0.07431650904119046, 0.032125346017235934], [-0.0018067334914001689, 0.16560670469958938, 0.0074569369243506645, -0.12818667118129332, -0.00012552744844842266, -0.08961718904319661, -0.18616153799981972, 0.047098891073875604, 0.11845200441879052], [0.027523162815952303, 0.29126396899858525, -0.004798877573304809, 0.04873366203251467, -0.21379321396254422, 0.03278850814903714, 0.08593893325203983, -0.0615552981764783, -0.021507335904908036], [0.11629361906139175, -0.19346844044029768, 0.07205990287940783, 0.21412777214444542, 0.016951832480846307, 0.08808005534857546, -0.09337228935713028, 0.10341059678407603, 0.09763455233546303], [0.11768445459453425, -0.26053709933977165, -0.09526951997370486, 0.1992468637322791, -0.07275887863358924, 0.15585801037353658, 0.16700780552050545, 0.09074309438792731, 0.041866103874967434], [-0.03570746888073605, -0.12181920340666258, -0.12162841672894792, -0.1403902874033057, 0.05508553815285766, 0.03288719692404546, -0.08831693407604034, 0.012717211156606192, -0.0898031813370791], [-0.029992937945528167, 0.07847255125140801, 0.04018144317132458, 0.05085285528131639, 0.08703477374542486, -0.016808736221107592, -0.016724416173167, -0.04489571212470001, 0.17671670331677947], [-0.162638753594637, -0.14612540369438837, 0.1298477305813864, -0.08613858677414249, 0.019692973512730978, -0.1687637736843759, -0.15983156998693135, -0.128114512219186, 0.01893230546995541], [-0.39240772809243124, 0.22339276005928996, -0.062213653283852234, -0.020129988227086667, 0.06448830762253908, -0.049207114179004786, 0.018169569167794625, 0.11824271298564284, 0.06314990413509304], [-0.22760860758139345, -0.07104532210103529, -0.1500182960652416, 0.008022464095036338, 0.06757575021793033, 0.03853381176261436, 0.04174621251889477, 0.1949678356736226, 0.04312505390607169], [0.30331200099610384, -0.05411188977650651, 0.02337169127592988, 0.07950822104550395, -0.03042880019065277, 0.07138695928371726, 0.003002997848732801, -0.10693156159100248, -0.16186279422411104], [0.11269388292602155, -0.20137070427634113, 0.08712887386402718, 0.09075020408382166, 0.04743595746136232, -0.15658681908281935, -0.052510270242358825, 0.013896342911244242, 0.1511761454764689], [0.08402198064886207, 0.02873543168627807, 0.01634904619855792, -0.16109330439329672, -0.052096961127311485, -0.05133578369619578, 0.08913007991478573, -0.055583740796978975, 0.026056512647535186], [0.05136812242557444, -0.14723080298709945, 0.05544777805822061, -0.01925428170487794, 0.00033705542021215344, 0.1484777637502544, 0.17445540647347202, 0.14283836330247535, -0.03425641877108052], [-0.09565181114160712, -0.028193617660858872, 0.034931630842650614, -0.045398797667408786, 0.008381609725868, 0.05813362115362687, 0.05929256475643129, 0.026728718404870264, -0.14965333740550285], [-0.1541366297843515, -0.06145542034083556, -0.09008676281583176, -0.07694098784818748, 0.13803936695229332, 0.1902900093177972, -0.06426689872403551, -0.12066659749605593, 0.1923636369378665], [-0.18779971842976448, -0.09331222606211827, -0.03116015390583342, 0.16433177025551252, -0.06226391197117666, 0.04228023456782599, 0.18878920843092778, -0.0008783398329758828, 0.01937905215445372], [-0.07396840982561871, -0.1038648205602397, -0.04234486744143724, 0.00075303968324757, -0.1645870681742735, 0.24408942477418738, -0.04279952286189358, 0.20507723138404466, 0.07630717978616383], [0.020756150679488137, 0.22935078098656772, -0.05692584080219687, -0.002375107298769281, -0.14688240570144692, 0.049327748277210745, 0.056804978123106205, 0.02864731773275824, -0.11569030745546578], [0.0773166141400064, 0.10656184913166587, 0.020688893551078905, -0.16217101608364748, -0.016198630470616163, -0.10912214085279154, 0.030625618339593198, -0.06560915668932503, 0.12230177615922339], [0.17977852512654094, 0.09232295155084512, 0.05958938391590205, -0.03278351776555652, -0.11664742847367021, -0.06225426532214159, -0.011251981461313988, 0.05683880549706672, -0.07208320071082093], [-0.2053278220832203, -0.08146455144746219, -0.00995384719125718, 0.007863152050239968, -0.04456065739558489, 0.0028570206780522437, -0.0007742021012180247, 0.12608278114728402, 0.06842800865564069]], "net.2.bias": [-0.002152124988034055, 0.0, 0.01529466885156606, -0.012092888559083498, 0.0, -0.029724203903088414, -0.010859346971728483, 0.02447791265962452, 0.0, 0.0, 0.0, 0.038721878122110046, -0.011029524032029824, 0.005308325397316351, 0.0, -0.03172962944799027, 0.027650919438808524, 0.03816625809186236, 0.0, 0.03642841715750955, 0.016631383970389525, -0.02730564473761153, 0.0, -0.005084012575801802, 0.04026527685482278],