{"net.0.weight": [[0.15393859702609766, -0.03181084329285797, -0.13627475994861246], [-0.059338983176960194, -0.2940881006558568, 0.1734398122939682], [-0.10056097996217919, 0.04288189417826273, -0.10864845926909082], [-0.032435448957974566, -0.09108123566833382, -0.07302642361519171], [0.006994538144971375, -0.29197453647702104, -0.028769441636790256], [0.07564365471288065, 0.12825155712400577, 0.07364909418695254], [0.16127458136765194, 0.20716971521694266, 0.10255379112595789], [0.12941036728436417, 0.21889060062029958, 0.12383121312332844], [-0.00859087902173181, -0.06989125888828769, -0.05876306807356718]], "net.0.bias": [0.03592474313731625, 0.0023903588634893065, 0.0, 0.0, -0.0024613007302493467, 0.013032445535735758, 0.029924825335509136, 0.016331342999182354, 0.0], "net.2.weight": [[-0.003287962656505849, -0.06372998757217815, 0.0612408498439618, -0.12040977872034658, -0.03536818620599714, -0.036195284512683515, -0.1367002913529276, 0.15792534884818527, 0.14188191051688334], [0.058614242209674254, -0.015573559718060168, 0.06702359633808608, 0.16391886990759255, -0.02325581956271268, 0.013198059332192511, -0.05738201548955359, -0.18739075866626653, 0.04657840631369891], [0.01849848801768066, -0.15020906666650238, -0.14898285179920465, -0.1283279665144996, -0.13613452129364237, -0.05575918563595031, 0.12539165393152843, 0.11375299618814615, -0.03270547824452026], [0.1595854757983547, -0.22465171719939578, 0.05080762420974168, -0.05077126837345354, -0.02735871634202473, 0.1282044131422141, 0.0037716760777297175, -0.07856898430668872, 0.032125346017235934], [-0.0018067334914001689, 0.16560670469958938, 0.0074569369243506645, -0.12818667118129332, -0.00012552744844842266, -0.08961718904319661, -0.18616153799981972, 0.047098891073875604, 0.11845200441879052], [0.031381445785005166, 0.2992079816726959, -0.004798877573304809, 0.04873366203251467, -0.21379321396254422, 0.03185602062312297, 0.08503664615710488, -0.06274062132435462, -0.021507335904908036], [0.10282563960354146, -0.21192106084926804, 0.07205990287940783, 0.21412777214444542, 0.016951832480846307, 0.08727310518092804, -0.09497706530530295, 0.10273905190258278, 0.09763455233546303], [0.10780687228620438, -0.27319544927261746, -0.09526951997370486, 0.1992468637322791, -0.07275887863358924, 0.15482544803686218, 0.1656543998058619, 0.08995561584465894, 0.041866103874967434], [-0.03570746888073605, -0.12181920340666258, -0.12162841672894792, -0.1403902874033057, 0.05508553815285766, 0.03288719692404546, -0.08831693407604034, 0.012717211156606192, -0.0898031813370791], [-0.029992937945528167, 0.07847255125140801, 0.04018144317132458, 0.05085285528131639, 0.08703477374542486, -0.016808736221107592, -0.016724416173167, -0.04489571212470001, 0.17671670331677947], [-0.162638753594637, -0.14612540369438837, 0.1298477305813864, -0.08613858677414249, 0.019692973512730978, -0.1687637736843759, -0.15983156998693135, -0.128114512219186, 0.01893230546995541], [-0.4088988439245471, 0.2348543248589237, -0.062213653283852234, -0.020129988227086667, 0.06448830762253908, -0.04420187957015523, 0.022443484997660614, 0.12304122206221901, 0.06314990413509304], [-0.22812370863872408, -0.07575522193801905, -0.1500182960652416, 0.008022464095036338, 0.06757575021793033, 0.03948528804121015, 0.04286590409210878, 0.19614778815857878, 0.04312505390607169], [0.3100120484299222, -0.06062406637081772, 0.02337169127592988, 0.07950822104550395, -0.03042880019065277, 0.07158536557163757, 0.0036947559709979054, -0.10691498124256382, -0.16186279422411104], [0.11269388292602155, -0.20137070427634113, 0.08712887386402718, 0.09075020408382166, 0.04743595746136232, -0.15658681908281935, -0.052510270242358825, 0.013896342911244242, 0.1511761454764689], [0.08517626425016499, 0.030383015585337493, 0.01634904619855792, -0.16109330439329672, -0.052096961127311485, -0.05404708505023462, 0.08642829328588165, -0.05856910687118263, 0.026056512647535186], [0.04263682186294226, -0.15478842357933517, 0.05544777805822061, -0.01925428170487794, 0.00033705542021215344, 0.1485456019538701, 0.17415479972921197, 0.14316840003386946, -0.03425641877108052], [-0.10078618471516541, -0.028115549501921057, 0.034931630842650614, -0.045398797667408786, 0.008381609725868, 0.058631016330965395, 0.0596232902599011, 0.02740043320741972, -0.14965333740550285], [-0.1541366297843515, -0.06145542034083556, -0.09008676281583176, -0.07694098784818748, 0.13803936695229332, 0.1902900093177972, -0.06426689872403551, -0.12066659749605593, 0.1923636369378665], [-0.19366302452062212, -0.09640415663543872, -0.03116015390583342, 0.16433177025551252, -0.06226391197117666, 0.042651231565852654, 0.18898266183917742, -0.0002976414104350284, 0.01937905215445372], [-0.08060387843087666, -0.11466873608712476, -0.04234486744143724, 0.00075303968324757, -0.1645870681742735, 0.24410290558545278, -0.042952381814132475, 0.20535772249612627, 0.07630717978616383], [0.02610030983863309, 0.23660294956655095, -0.05692584080219687, -0.002375107298769281, -0.14688240570144692, 0.047500461634133746, 0.055213204683952806, 0.026530343537988197, -0.11569030745546578], [0.0773166141400064, 0.10656184913166587, 0.020688893551078905, -0.16217101608364748, -0.016198630470616163, -0.10912214085279154, 0.030625618339593198, -0.06560915668932503, 0.12230177615922339], [0.17803418408494243, 0.0910918050714065, 0.05958938391590205, -0.03278351776555652, -0.11664742847367021, -0.06524817757414869, -0.014397187045079491, 0.053588527092583285, -0.07208320071082093], [-0.21596979704189773, -0.08650631365080548, -0.00995384719125718, 0.007863152050239968, -0.04456065739558489, 0.0013078358365658277, -0.0024790315503235294, 0.1246590470000789, 0.06842800865564069]], "net.2.bias": [-0.002152124988034055, 0.0, 0.01540355902355196, -0.01667906795317819, 0.0, -0.031159685941903426, -0.011655160301400775, 0.02382686170006788, 0.0, 0.0, 0.0, 0.04305992103717417, -0.009528340701614119, 0.005047301617902901, 0.0, -0.03503567505471868, 0.02820383730453204, 0.03916574660777296, 0.0, 0.037334447846932246, 0.017127612035223595, -0.029673690342672955, 0.0, -0.008656028729180504, 0.03916330095965219],