{"net.0.weight": [[0.15304783450889067, -0.03669624174000575, -0.14187477897510722], [-0.06114999010087518, -0.296133750742838, 0.17451589212154034], [-0.10056097996217919, 0.04288189417826273, -0.10864845926909082], [-0.032435448957974566, -0.09108123566833382, -0.07302642361519171], [0.006994538144971375, -0.29197453647702104, -0.028769441636790256], [0.07489391525775878, 0.1337696667628723, 0.07603193108263308], [0.15887056945949612, 0.21166304903948216, 0.10427722940527209], [0.12937684014964754, 0.2254917008915905, 0.12896766618152034], [-0.00859087902173181, -0.06989125888828769, -0.05876306807356718]], "net.0.bias": [0.0335219490843054, 0.0018295226187685547, 0.0, 0.0, -0.0024613007302493467, 0.013926002630820155, 0.029388741667040377, 0.018372505745492082, 0.0], "net.2.weight": [[-0.003287962656505849, -0.06372998757217815, 0.0612408498439618, -0.12040977872034658, -0.03536818620599714, -0.036195284512683515, -0.1367002913529276, 0.15792534884818527, 0.14188191051688334], [0.058614242209674254, -0.015573559718060168, 0.06702359633808608, 0.16391886990759255, -0.02325581956271268, 0.013198059332192511, -0.05738201548955359, -0.18739075866626653, 0.04657840631369891], [0.014542290031152327, -0.1552875461274058, -0.14898285179920465, -0.1283279665144996, -0.13613452129364237, -0.05429655088015059, 0.12663972583217836, 0.1154504047869874, -0.03270547824452026], [0.15838299069220396, -0.22800004096440057, 0.05080762420974168, -0.05077126837345354, -0.02735871634202473, 0.12383806726565637, -0.00041204453134870817, -0.0832057576832997, 0.032125346017235934], [-0.0018067334914001689, 0.16560670469958938, 0.0074569369243506645, -0.12818667118129332, -0.00012552744844842266, -0.08961718904319661, -0.18616153799981972, 0.047098891073875604, 0.11845200441879052], [0.03213955339422103, 0.30056706669988775, -0.004798877573304809, 0.04873366203251467, -0.21379321396254422, 0.029641148994806455, 0.08281766861889191, -0.06519539817488124, -0.021507335904908036], [0.09268982953622429, -0.22825938871122164, 0.07205990287940783, 0.21412777214444542, 0.016951832480846307, 0.08803385366680101, -0.09494373664186091, 0.1036559502553251, 0.09763455233546303], [0.10320088803713247, -0.27924801696337453, -0.09526951997370486, 0.1992468637322791, -0.07275887863358924, 0.15605889676045243, 0.16665830060530162, 0.09141247169701237, 0.041866103874967434], [-0.03570746888073605, -0.12181920340666258, -0.12162841672894792, -0.1403902874033057, 0.05508553815285766, 0.03288719692404546, -0.08831693407604034, 0.012717211156606192, -0.0898031813370791], [-0.029992937945528167, 0.07847255125140801, 0.04018144317132458, 0.05085285528131639, 0.08703477374542486, -0.016808736221107592, -0.016724416173167, -0.04489571212470001, 0.17671670331677947], [-0.162638753594637, -0.14612540369438837, 0.1298477305813864, -0.08613858677414249, 0.019692973512730978, -0.1687637736843759, -0.15983156998693135, -0.128114512219186, 0.01893230546995541], [-0.4177442723665421, 0.23987325007221427, -0.062213653283852234, -0.020129988227086667, 0.06448830762253908, -0.04127490452682542, 0.024945536469540182, 0.12580642172448617, 0.06314990413509304], [-0.22665350599657505, -0.07515021075765028, -0.1500182960652416, 0.008022464095036338, 0.06757575021793033, 0.04154294545511437, 0.045093830618824035, 0.1984458354281086, 0.04312505390607169], [0.3119672123722679, -0.06485620561272541, 0.02337169127592988, 0.07950822104550395, -0.03042880019065277, 0.06994429139240778, 0.0022987529516043516, -0.10877963948342534, -0.16186279422411104], [0.11269388292602155, -0.20137070427634113, 0.08712887386402718, 0.09075020408382166, 0.04743595746136232, -0.15658681908281935, -0.052510270242358825, 0.013896342911244242, 0.1511761454764689], [0.0837298220718419, 0.024446348226489376, 0.01634904619855792, -0.16109330439329672, -0.052096961127311485, -0.05852996580473823, 0.08203701902401721, -0.06330598464503966, 0.026056512647535186], [0.0389137174771129, -0.15843515858889012, 0.05544777805822061, -0.01925428170487794, 0.00033705542021215344, 0.1500478991190094, 0.1754583202800231, 0.1449024903954278, -0.03425641877108052], [-0.10340757204132667, -0.02446961459870978, 0.034931630842650614, -0.045398797667408786, 0.008381609725868, 0.05976969996798992, 0.06069983399138692, 0.028742128994349643, -0.14965333740550285], [-0.1541366297843515, -0.06145542034083556, -0.09008676281583176, -0.07694098784818748, 0.13803936695229332, 0.1902900093177972, -0.06426689872403551, -0.12066659749605593, 0.1923636369378665], [-0.19550739748115245, -0.0963285597323618, -0.03116015390583342, 0.16433177025551252, -0.06226391197117666, 0.04372733771063668, 0.19006982573761294, 0.0010018555332321113, 0.01937905215445372], [-0.08323509655518531, -0.1183619721420349, -0.04234486744143724, 0.00075303968324757, -0.1645870681742735, 0.24601786818331883, -0.04116244903751864, 0.20751153645443493, 0.07630717978616383], [0.02774720198181269, 0.23786982268928647, -0.05692584080219687, -0.002375107298769281, -0.14688240570144692, 0.04428620755411144, 0.05216116058319269, 0.023058506075889804, -0.11569030745546578], [0.0773166141400064, 0.10656184913166587, 0.020688893551078905, -0.16217101608364748, -0.016198630470616163, -0.10912214085279154, 0.030625618339593198, -0.06560915668932503, 0.12230177615922339], [0.1744679909045999, 0.08775273678669733, 0.05958938391590205, -0.03278351776555652, -0.11664742847367021, -0.06891017456857608, -0.018257076173455584, 0.04964533558908943, -0.07208320071082093], [-0.22920904684940524, -0.08490125345164497, -0.00995384719125718, 0.007863152050239968, -0.04456065739558489, -0.00034216569764921126, -0.004433375738685005, 0.12310090365565607, 0.06842800865564069]], "net.2.bias": [-0.002152124988034055, 0.0, 0.017219256199697112, -0.021497840306846008, 0.0, -0.03383208229321035, -0.0109388994620772, 0.02537301494603975, 0.0, 0.0, 0.0, 0.045355836080276254, -0.0069291326280514305, 0.002995710392117658, 0.0, -0.03998355992309159, 0.030072877245495584, 0.04081276493866438, 0.0, 0.03891917302879796, 0.019440279363942176, -0.03331267448224945, 0.0, -0.012904707276548303, 0.037922994768158844],