{"net.0.weight": [[0.15162054957566712, -0.0417501774528461, -0.1471458565184401], [-0.06083531416969208, -0.2950388128887052, 0.17621182769470067], [-0.10056097996217919, 0.04288189417826273, -0.10864845926909082], [-0.032435448957974566, -0.09108123566833382, -0.07302642361519171], [0.006994538144971375, -0.29197453647702104, -0.028769441636790256], [0.07343492655290404, 0.13698106913900207, 0.07704788061160252], [0.15660113549446028, 0.21451208854691112, 0.10495975658984522], [0.12885757229550396, 0.23013531975790405, 0.1321947532306946], [-0.00859087902173181, -0.06989125888828769, -0.05876306807356718]], "net.0.bias": [0.030875910536970246, 0.0027365581690337063, 0.0, 0.0, -0.0024613007302493467, 0.013717233914303333, 0.028460122855342374, 0.019351522662681836, 0.0], "net.2.weight": [[-0.003287962656505849, -0.06372998757217815, 0.0612408498439618, -0.12040977872034658, -0.03536818620599714, -0.036195284512683515, -0.1367002913529276, 0.15792534884818527, 0.14188191051688334], [0.058614242209674254, -0.015573559718060168, 0.06702359633808608, 0.16391886990759255, -0.02325581956271268, 0.013198059332192511, -0.05738201548955359, -0.18739075866626653, 0.04657840631369891], [0.01102735898445114, -0.1600068067544242, -0.14898285179920465, -0.1283279665144996, -0.13613452129364237, -0.05442035174700372, 0.12640244772482073, 0.11550307078577002, -0.03270547824452026], [0.15812302856479685, -0.22956625512029258, 0.05080762420974168, -0.05077126837345354, -0.02735871634202473, 0.12152209820783604, -0.002626117759421334, -0.0857365362525557, 0.032125346017235934], [-0.0018067334914001689, 0.16560670469958938, 0.0074569369243506645, -0.12818667118129332, -0.00012552744844842266, -0.08961718904319661, -0.18616153799981972, 0.047098891073875604, 0.11845200441879052], [0.03262464749582349, 0.3002189897212427, -0.004798877573304809, 0.04873366203251467, -0.21379321396254422, 0.028235885817046395, 0.08138220403043674, -0.06679740323439236, -0.021507335904908036], [0.08321753774511344, -0.24340066571779148, 0.07205990287940783, 0.21412777214444542, 0.016951832480846307, 0.08808187813916456, -0.09558205375451358, 0.1038039094433369, 0.09763455233546303], [0.0992231395083155, -0.28310663770319583, -0.09526951997370486, 0.1992468637322791, -0.07275887863358924, 0.156622013987281, 0.16702332723042673, 0.09215143817413188, 0.041866103874967434], [-0.03570746888073605, -0.12181920340666258, -0.12162841672894792, -0.1403902874033057, 0.05508553815285766, 0.03288719692404546, -0.08831693407604034, 0.012717211156606192, -0.0898031813370791], [-0.029992937945528167, 0.07847255125140801, 0.04018144317132458, 0.05085285528131639, 0.08703477374542486, -0.016808736221107592, -0.016724416173167, -0.04489571212470001, 0.17671670331677947], [-0.162638753594637, -0.14612540369438837, 0.1298477305813864, -0.08613858677414249, 0.019692973512730978, -0.1687637736843759, -0.15983156998693135, -0.128114512219186, 0.01893230546995541], [-0.42074552351737016, 0.24316382079350998, -0.062213653283852234, -0.020129988227086667, 0.06448830762253908, -0.03735576359590805, 0.028557989513563045, 0.12959511070617705, 0.06314990413509304], [-0.22476886621547074, -0.07449448271839587, -0.1500182960652416, 0.008022464095036338, 0.06757575021793033, 0.04243387305708193, 0.046229856550002946, 0.19953966979151805, 0.04312505390607169], [0.31301772943060513, -0.06671103639454297, 0.02337169127592988, 0.07950822104550395, -0.03042880019065277, 0.06860548036598935, 0.0011158494600959589, -0.11030393465207139, -0.16186279422411104], [0.11269388292602155, -0.20137070427634113, 0.08712887386402718, 0.09075020408382166, 0.04743595746136232, -0.15658681908281935, -0.052510270242358825, 0.013896342911244242, 0.1511761454764689], [0.08260428057500535, 0.023825434014288924, 0.01634904619855792, -0.16109330439329672, -0.052096961127311485, -0.05991785466686803, 0.08058395780517931, -0.06486539001155348, 0.026056512647535186], [0.035456139563864474, -0.16178637623732234, 0.05544777805822061, -0.01925428170487794, 0.00033705542021215344, 0.14993170462585104, 0.175234145393574, 0.14495854058111143, -0.03425641877108052], [-0.10501323642638652, -0.021434159668454734, 0.034931630842650614, -0.045398797667408786, 0.008381609725868, 0.05992175003502263, 0.06089658256093597, 0.029061002380436504, -0.14965333740550285], [-0.1541366297843515, -0.06145542034083556, -0.09008676281583176, -0.07694098784818748, 0.13803936695229332, 0.1902900093177972, -0.06426689872403551, -0.12066659749605593, 0.1923636369378665], [-0.19631653251296602, -0.09635329112063827, -0.03116015390583342, 0.16433177025551252, -0.06226391197117666, 0.04391432526738094, 0.19036501571954836, 0.0013739083159561838, 0.01937905215445372], [-0.08556925236971917, -0.12056742834929192, -0.04234486744143724, 0.00075303968324757, -0.1645870681742735, 0.2467300532039601, -0.040520068496667394, 0.2084123727861923, 0.07630717978616383], [0.029248197502011086, 0.23894511929948933, -0.05692584080219687, -0.002375107298769281, -0.14688240570144692, 0.04293604648637946, 0.05087276251779916, 0.021509323109661596, -0.11569030745546578], [0.0773166141400064, 0.10656184913166587, 0.020688893551078905, -0.16217101608364748, -0.016198630470616163, -0.10912214085279154, 0.030625618339593198, -0.06560915668932503, 0.12230177615922339], [0.17055218558750548, 0.08601166578829617, 0.05958938391590205, -0.03278351776555652, -0.11664742847367021, -0.07100686383806953, -0.020657904362632283, 0.04731708465058433, -0.07208320071082093], [-0.2429203372409909, -0.08196094034513486, -0.00995384719125718, 0.007863152050239968, -0.04456065739558489, -0.001990259450089705, -0.006413126584222865, 0.12151911734616223, 0.06842800865564069]], "net.2.bias": [-0.002152124988034055, 0.0, 0.017378999427697907, -0.024171570957039912, 0.0, -0.03564230952191487, -0.011030207831751427, 0.026185906846713503, 0.0, 0.0, 0.0, 0.048636904307689785, -0.005526153333736327, 0.001346243113173276, 0.0, -0.04170141610745487, 0.03025339576898536, 0.041431080433475535, 0.0, 0.03956538764335104, 0.020489947181194818, -0.035016901533621456, 0.0, -0.015551885831854793, 0.0366034812794519],