{"net.0.weight": [[0.15103218881809027, -0.04523670898082466, -0.1509753759724417], [-0.06102678520632547, -0.29428580893578254, 0.17729701169567666], [-0.10056097996217919, 0.04288189417826273, -0.10864845926909082], [-0.032435448957974566, -0.09108123566833382, -0.07302642361519171], [0.006994538144971375, -0.29197453647702104, -0.028769441636790256], [0.07190924533793737, 0.1387732383951455, 0.0774574109824615], [0.1543477321118948, 0.21576492118433724, 0.10485921232801576], [0.12811725412922584, 0.23325744515499602, 0.13434916030111127], [-0.00859087902173181, -0.06989125888828769, -0.05876306807356718]], "net.0.bias": [0.02936914067404935, 0.0031025639570547068, 0.0, 0.0, -0.0024613007302493467, 0.013134214332473563, 0.027160589069261304, 0.019734749708173405, 0.0], "net.2.weight": [[-0.003287962656505849, -0.06372998757217815, 0.0612408498439618, -0.12040977872034658, -0.03536818620599714, -0.036195284512683515, -0.1367002913529276, 0.15792534884818527, 0.14188191051688334], [0.058614242209674254, -0.015573559718060168, 0.06702359633808608, 0.16391886990759255, -0.02325581956271268, 0.013198059332192511, -0.05738201548955359, -0.18739075866626653, 0.04657840631369891], [0.008119013190964768, -0.16306122367937528, -0.14898285179920465, -0.1283279665144996, -0.13613452129364237, -0.05474779305528877, 0.12603107855602871, 0.11536194362818332, -0.03270547824452026], [0.15787765011895102, -0.23100064743421822, 0.05080762420974168, -0.05077126837345354, -0.02735871634202473, 0.11906444249412576, -0.004963007818005068, -0.0884058933349938, 0.032125346017235934], [-0.0018067334914001689, 0.16560670469958938, 0.0074569369243506645, -0.12818667118129332, -0.00012552744844842266, -0.08961718904319661, -0.18616153799981972, 0.047098891073875604, 0.11845200441879052], [0.03346092475282373, 0.29957711628781164, -0.004798877573304809, 0.04873366203251467, -0.21379321396254422, 0.027609365888269507, 0.08068397525193349, -0.06761226361404396, -0.021507335904908036], [0.07561368721909546, -0.2574897458415083, 0.07205990287940783, 0.21412777214444542, 0.016951832480846307, 0.08819121443784783, -0.09601041948417033, 0.10405013784687298, 0.09763455233546303], [0.09584772506845811, -0.2857564963312194, -0.09526951997370486, 0.1992468637322791, -0.07275887863358924, 0.15674882090077982, 0.16703455781372892, 0.09245927428124831, 0.041866103874967434], [-0.03570746888073605, -0.12181920340666258, -0.12162841672894792, -0.1403902874033057, 0.05508553815285766, 0.03288719692404546, -0.08831693407604034, 0.012717211156606192, -0.0898031813370791], [-0.029992937945528167, 0.07847255125140801, 0.04018144317132458, 0.05085285528131639, 0.08703477374542486, -0.016808736221107592, -0.016724416173167, -0.04489571212470001, 0.17671670331677947], [-0.162638753594637, -0.14612540369438837, 0.1298477305813864, -0.08613858677414249, 0.019692973512730978, -0.1687637736843759, -0.15983156998693135, -0.128114512219186, 0.01893230546995541], [-0.4229573913011134, 0.24520283087054048, -0.062213653283852234, -0.020129988227086667, 0.06448830762253908, -0.0342080258967392, 0.03138281463091338, 0.1325509000267476, 0.06314990413509304], [-0.22381860162851028, -0.07411636275652925, -0.1500182960652416, 0.008022464095036338, 0.06757575021793033, 0.04239292856324693, 0.04644996658425808, 0.1996928764117893, 0.04312505390607169], [0.3141279089855921, -0.06723510721062245, 0.02337169127592988, 0.07950822104550395, -0.03042880019065277, 0.06801367892663121, 0.0006069250167820728, -0.1110661753661304, -0.16186279422411104], [0.11269388292602155, -0.20137070427634113, 0.08712887386402718, 0.09075020408382166, 0.04743595746136232, -0.15658681908281935, -0.052510270242358825, 0.013896342911244242, 0.1511761454764689], [0.08216035129416319, 0.023668513476615402, 0.01634904619855792, -0.16109330439329672, -0.052096961127311485, -0.06057981089278797, 0.07984792813967778, -0.06569044999307329, 0.026056512647535186], [0.03252968951531793, -0.16370975098576337, 0.05544777805822061, -0.01925428170487794, 0.00033705542021215344, 0.14959764770824005, 0.1748564785545587, 0.14480531664880286, -0.03425641877108052], [-0.10673948175612848, -0.019948060400311003, 0.034931630842650614, -0.045398797667408786, 0.008381609725868, 0.059055553674289135, 0.06015368073737079, 0.028347907087936716, -0.14965333740550285], [-0.1541366297843515, -0.06145542034083556, -0.09008676281583176, -0.07694098784818748, 0.13803936695229332, 0.1902900093177972, -0.06426689872403551, -0.12066659749605593, 0.1923636369378665], [-0.19749650958129503, -0.09634173523820914, -0.03116015390583342, 0.16433177025551252, -0.06226391197117666, 0.04320228444313506, 0.1898096984463369, 0.000842589729359386, 0.01937905215445372], [-0.0877101657002034, -0.1220013051937905, -0.04234486744143724, 0.00075303968324757, -0.1645870681742735, 0.24693382762896574, -0.040325675838008515, 0.2088056192791481, 0.07630717978616383], [0.030472930833439944, 0.23950952227004782, -0.05692584080219687, -0.002375107298769281, -0.14688240570144692, 0.04202923386646298, 0.04996352913982742, 0.020402407745251334, -0.11569030745546578], [0.0773166141400064, 0.10656184913166587, 0.020688893551078905, -0.16217101608364748, -0.016198630470616163, -0.10912214085279154, 0.030625618339593198, -0.06560915668932503, 0.12230177615922339], [0.16777765321231067, 0.08486582386873383, 0.05958938391590205, -0.03278351776555652, -0.11664742847367021, -0.07207978974139567, -0.02204475556801443, 0.04602494932483223, -0.07208320071082093], [-0.25674923069157013, -0.07980612503569283, -0.00995384719125718, 0.007863152050239968, -0.04456065739558489, -0.0033418086251907854, -0.008039640037447338, 0.12023372493587439, 0.06842800865564069]], "net.2.bias": [-0.002152124988034055, 0.0, 0.017374200622129774, -0.026945287841453447, 0.0, -0.03667640144440058, -0.010953399465007565, 0.026599882779653243, 0.0, 0.0, 0.0, 0.05108802353793856, -0.005058542466580169, 0.00047377702632897447, 0.0, -0.04267892758136133, 0.030248846758916655, 0.041016296217925394, 0.0, 0.03932323793732723, 0.021049035305589277, -0.03629089749091711, 0.0, -0.0171674628330464, 0.035523758097162156],