{"net.0.weight": [[0.15137500480381877, -0.04819125741678472, -0.15394020659711766], [-0.06036213874777369, -0.2925295671159289, 0.17869304007664708], [-0.10056097996217919, 0.04288189417826273, -0.10864845926909082], [-0.032435448957974566, -0.09108123566833382, -0.07302642361519171], [0.006994538144971375, -0.29197453647702104, -0.028769441636790256], [0.06955496953084678, 0.13903708648774257, 0.07699924947324305], [0.15159787288749574, 0.2158141756453356, 0.10439682976141343], [0.1264320459639901, 0.23499069334525588, 0.1352139996795718], [-0.00859087902173181, -0.06989125888828769, -0.05876306807356718]], "net.0.bias": [0.02883075219973145, 0.004110141823165476, 0.0, 0.0, -0.0024613007302493467, 0.011606955397814913, 0.025305812638737286, 0.018997948641583842, 0.0], "net.2.weight": [[-0.003287962656505849, -0.06372998757217815, 0.0612408498439618, -0.12040977872034658, -0.03536818620599714, -0.036195284512683515, -0.1367002913529276, 0.15792534884818527, 0.14188191051688334], [0.058614242209674254, -0.015573559718060168, 0.06702359633808608, 0.16391886990759255, -0.02325581956271268, 0.013198059332192511, -0.05738201548955359, -0.18739075866626653, 0.04657840631369891], [0.004320420922480576, -0.1646583992346607, -0.14898285179920465, -0.1283279665144996, -0.13613452129364237, -0.05594361269820472, 0.12472354365972463, 0.11427238376153348, -0.03270547824452026], [0.1593196107568964, -0.23135368085904276, 0.05080762420974168, -0.05077126837345354, -0.02735871634202473, 0.11779768814603815, -0.006002813533755945, -0.08980038869078284, 0.032125346017235934], [-0.0018067334914001689, 0.16560670469958938, 0.0074569369243506645, -0.12818667118129332, -0.00012552744844842266, -0.08961718904319661, -0.18616153799981972, 0.047098891073875604, 0.11845200441879052], [0.03498730163653056, 0.29992762070547535, -0.004798877573304809, 0.04873366203251467, -0.21379321396254422, 0.028246690358071046, 0.0812545583721168, -0.06709348391438055, -0.021507335904908036], [0.06766525205989406, -0.2696227035113063, 0.07205990287940783, 0.21412777214444542, 0.016951832480846307, 0.08750632146730375, -0.09725531218012069, 0.10341140645443485, 0.09763455233546303], [0.09181106963757477, -0.28766490091808916, -0.09526951997370486, 0.1992468637322791, -0.07275887863358924, 0.1559144315315865, 0.16604678395594677, 0.0917269496428544, 0.041866103874967434], [-0.03570746888073605, -0.12181920340666258, -0.12162841672894792, -0.1403902874033057, 0.05508553815285766, 0.03288719692404546, -0.08831693407604034, 0.012717211156606192, -0.0898031813370791], [-0.029992937945528167, 0.07847255125140801, 0.04018144317132458, 0.05085285528131639, 0.08703477374542486, -0.016808736221107592, -0.016724416173167, -0.04489571212470001, 0.17671670331677947], [-0.162638753594637, -0.14612540369438837, 0.1298477305813864, -0.08613858677414249, 0.019692973512730978, -0.1687637736843759, -0.15983156998693135, -0.128114512219186, 0.01893230546995541], [-0.42230696786131455, 0.24646099657547219, -0.062213653283852234, -0.020129988227086667, 0.06448830762253908, -0.030650449611794733, 0.03473766822684381, 0.13598673735441688, 0.06314990413509304], [-0.22366604708232954, -0.07467082394895234, -0.1500182960652416, 0.008022464095036338, 0.06757575021793033, 0.04122062586532451, 0.04551341284577249, 0.19865245600902318, 0.04312505390607169], [0.3159788477108941, -0.06723510721062245, 0.02337169127592988, 0.07950822104550395, -0.03042880019065277, 0.0684491351338824, 0.0011359373421993462, -0.11073528119329025, -0.16186279422411104], [0.11269388292602155, -0.20137070427634113, 0.08712887386402718, 0.09075020408382166, 0.04743595746136232, -0.15658681908281935, -0.052510270242358825, 0.013896342911244242, 0.1511761454764689], [0.08293591074952793, 0.023664794716810985, 0.01634904619855792, -0.16109330439329672, -0.052096961127311485, -0.06020748900602354, 0.08019921990288272, -0.0654212901962778, 0.026056512647535186], [0.028749335535793702, -0.1647307174594261, 0.05544777805822061, -0.01925428170487794, 0.00033705542021215344, 0.1483236433789736, 0.17348289017241394, 0.14363456676937914, -0.03425641877108052], [-0.10850493764016482, -0.019691860702715558, 0.034931630842650614, -0.045398797667408786, 0.008381609725868, 0.05738015609515044, 0.05861260201206451, 0.026776214789261822, -0.14965333740550285], [-0.1541366297843515, -0.06145542034083556, -0.09008676281583176, -0.07694098784818748, 0.13803936695229332, 0.1902900093177972, -0.06426689872403551, -0.12066659749605593, 0.1923636369378665], [-0.19920251261418837, -0.09606914564830585, -0.03116015390583342, 0.16433177025551252, -0.06226391197117666, 0.04179089544534724, 0.18850755112347922, -0.00044616331007086326, 0.01937905215445372], [-0.09066492046142235, -0.12358237835950556, -0.04234486744143724, 0.00075303968324757, -0.1645870681742735, 0.24600906228578215, -0.04129252312593181, 0.2079928422045363, 0.07630717978616383], [0.0327248551533057, 0.2403769199448991, -0.05692584080219687, -0.002375107298769281, -0.14688240570144692, 0.042419979308643496, 0.05038646241413933, 0.020672322051425628, -0.11569030745546578], [0.0773166141400064, 0.10656184913166587, 0.020688893551078905, -0.16217101608364748, -0.016198630470616163, -0.10912214085279154, 0.030625618339593198, -0.06560915668932503, 0.12230177615922339], [0.16621842637110712, 0.08388484538284825, 0.05958938391590205, -0.03278351776555652, -0.11664742847367021, -0.07229762668585933, -0.022504312739970996, 0.045647928402293404, -0.07208320071082093], [-0.2712580231718121, -0.07959219190563022, -0.00995384719125718, 0.007863152050239968, -0.04456065739558489, -0.004995738892147966, -0.009966132789070324, 0.11859858952473269, 0.06842800865564069]], "net.2.bias": [-0.002152124988034055, 0.0, 0.01635080066045613, -0.028330147661902692, 0.0, -0.03632945025400201, -0.011851891045834602, 0.0259037213488364, 0.0, 0.0, 0.0, 0.0541170516453173, -0.005828999864480737, 0.0007590906042233443, 0.0, -0.04250762695884609, 0.029162544291530614, 0.03970385109434621, 0.0, 0.038273277046255966, 0.02033635721422594, -0.036124054351862715, 0.0, -0.01781305908115109, 0.03400384039033346],