{"net.0.weight": [[0.15068304754302714, -0.05221782288297997, -0.1565277194633132], [-0.06168501823379546, -0.29313380381556947, 0.1781585232085826], [-0.10056097996217919, 0.04288189417826273, -0.10864845926909082], [-0.032435448957974566, -0.09108123566833382, -0.07302642361519171], [0.006994538144971375, -0.29197453647702104, -0.028769441636790256], [0.06850973346459215, 0.14077890265933704, 0.07783502737168399], [0.15013499306777905, 0.217088884912527, 0.10449536187777476], [0.12618336479937728, 0.2383074998434448, 0.13754854011832865], [-0.00859087902173181, -0.06989125888828769, -0.05876306807356718]], "net.0.bias": [0.027468922971189948, 0.0031236589397806466, 0.0, 0.0, -0.0024613007302493467, 0.011426622981480833, 0.02456081084224255, 0.019743682645421052, 0.0], "net.2.weight": [[-0.008585921881833054, -0.06140366753936183, 0.0612408498439618, -0.12040977872034658, -0.03536818620599714, -0.03724560943053509, -0.13800025135943308, 0.15686330932516632, 0.14188191051688334], [0.058614242209674254, -0.015573559718060168, 0.06702359633808608, 0.16391886990759255, -0.02325581956271268, 0.013198059332192511, -0.05738201548955359, -0.18739075866626653, 0.04657840631369891], [0.002528660885362055, -0.16495877512334053, -0.14898285179920465, -0.1283279665144996, -0.13613452129364237, -0.05564344594103328, 0.1249845851935568, 0.11473526992285389, -0.03270547824452026], [0.15882223711612545, -0.23135594463993225, 0.05080762420974168, -0.05077126837345354, -0.02735871634202473, 0.11470886968038711, -0.008895451644795396, -0.0930806467052855, 0.032125346017235934], [-0.0018067334914001689, 0.16560670469958938, 0.0074569369243506645, -0.12818667118129332, -0.00012552744844842266, -0.08961718904319661, -0.18616153799981972, 0.047098891073875604, 0.11845200441879052], [0.03499204455033934, 0.29810678581204114, -0.004798877573304809, 0.04873366203251467, -0.21379321396254422, 0.027399214124039256, 0.08031727629814646, -0.06811762882115902, -0.021507335904908036], [0.05985275323996705, -0.27936849034591277, 0.07205990287940783, 0.21412777214444542, 0.016951832480846307, 0.08794230917963111, -0.09746708396684513, 0.10391470596450969, 0.09763455233546303], [0.08927015782659542, -0.2881473410216167, -0.09526951997370486, 0.1992468637322791, -0.07275887863358924, 0.15635021268293847, 0.16636988489768553, 0.09231391521343559, 0.041866103874967434], [-0.03570746888073605, -0.12181920340666258, -0.12162841672894792, -0.1403902874033057, 0.05508553815285766, 0.03288719692404546, -0.08831693407604034, 0.012717211156606192, -0.0898031813370791], [-0.029992937945528167, 0.07847255125140801, 0.04018144317132458, 0.05085285528131639, 0.08703477374542486, -0.016808736221107592, -0.016724416173167, -0.04489571212470001, 0.17671670331677947], [-0.162638753594637, -0.14612540369438837, 0.1298477305813864, -0.08613858677414249, 0.019692973512730978, -0.1687637736843759, -0.15983156998693135, -0.128114512219186, 0.01893230546995541], [-0.4244210191469407, 0.24640332961577244, -0.062213653283852234, -0.020129988227086667, 0.06448830762253908, -0.029008794231103655, 0.03613400021495689, 0.137456164395221, 0.06314990413509304], [-0.22300951406085906, -0.07308646699828848, -0.1500182960652416, 0.008022464095036338, 0.06757575021793033, 0.041240516680663954, 0.04573877965580115, 0.19885534229059473, 0.04312505390607169], [0.3159899434824595, -0.06723510721062245, 0.02337169127592988, 0.07950822104550395, -0.03042880019065277, 0.06723949190455472, -2.4168635306426474e-05, -0.11211249882260188, -0.16186279422411104], [0.11269388292602155, -0.20137070427634113, 0.08712887386402718, 0.09075020408382166, 0.04743595746136232, -0.15658681908281935, -0.052510270242358825, 0.013896342911244242, 0.1511761454764689], [0.08119293342547386, 0.023664794716810985, 0.01634904619855792, -0.16109330439329672, -0.052096961127311485, -0.06226898004598295, 0.07807664675375156, -0.06767921278919614, 0.026056512647535186], [0.02745925716795503, -0.16434219865645278, 0.05544777805822061, -0.01925428170487794, 0.00033705542021215344, 0.14877065739134562, 0.17392658398564853, 0.14425044186591446, -0.03425641877108052], [-0.10928510689867803, -0.018739192808377887, 0.034931630842650614, -0.045398797667408786, 0.008381609725868, 0.05649438628825913, 0.05789803764175743, 0.02604433191547242, -0.14965333740550285], [-0.1541366297843515, -0.06145542034083556, -0.09008676281583176, -0.07694098784818748, 0.13803936695229332, 0.1902900093177972, -0.06426689872403551, -0.12066659749605593, 0.1923636369378665], [-0.19912411054096874, -0.0952445344057928, -0.03116015390583342, 0.16433177025551252, -0.06226391197117666, 0.04153054109415595, 0.18843447699461768, -0.0005274495406292828, 0.01937905215445372], [-0.0922605379581767, -0.12299505893119957, -0.04234486744143724, 0.00075303968324757, -0.1645870681742735, 0.2464760986019168, -0.04084951475113248, 0.20862399179049365, 0.07630717978616383], [0.03339705744176417, 0.23917013031050033, -0.05692584080219687, -0.002375107298769281, -0.14688240570144692, 0.041310823048660655, 0.04927916107479331, 0.019386036447070543, -0.11569030745546578], [0.0773166141400064, 0.10656184913166587, 0.020688893551078905, -0.16217101608364748, -0.016198630470616163, -0.10912214085279154, 0.030625618339593198, -0.06560915668932503, 0.12230177615922339], [0.1639074718219414, 0.0809180507502832, 0.05958938391590205, -0.03278351776555652, -0.11664742847367021, -0.07380447170888145, -0.02422489307945619, 0.04393856404038158, -0.07208320071082093], [-0.2868286189568368, -0.07725073176282163, -0.00995384719125718, 0.007863152050239968, -0.04456065739558489, -0.004437452901051709, -0.009698976068798638, 0.1192619285653994, 0.06842800865564069]], "net.2.bias": [-0.0032928730492540427, 0.0, 0.016941425633014894, -0.03165584898613535, 0.0, -0.0375915410865338, -0.011642244857222327, 0.02657811569894526, 0.0, 0.0, 0.0, 0.05517451234207767, -0.005299971691893783, -0.0007314991211234746, 0.0, -0.04491535906499965, 0.02993624546393524, 0.039296436671258365, 0.0, 0.03849717684139701, 0.02112444165437376, -0.03757326610011331, 0.0, -0.019831838657411283, 0.03479513667304232],