{"net.0.weight": [[0.1449406785088469, -0.028551934028343235, -0.12046926352052134], [-0.033184784320731395, -0.2285093338572682, 0.1280887910237741], [-0.10056097996217919, 0.04288189417826273, -0.10864845926909082], [-0.032435448957974566, -0.09108123566833382, -0.07302642361519171], [0.006994538144971375, -0.29197453647702104, -0.028769441636790256], [0.08978841750042406, 0.07348731771690051, 0.07122338488856465], [0.18579623034810544, 0.1615590122568016, 0.09440183152563858], [0.14248200428554067, 0.1705797209364609, 0.09701441035199279], [-0.00859087902173181, -0.06989125888828769, -0.05876306807356718]], "net.0.bias": [0.034632758884183046, -0.0027404695289113133, 0.0, 0.0, -0.0024613007302493467, 0.015356684580616734, 0.0382539581870488, 0.012303448323212595, 0.0], "net.2.weight": [[0.0025753486776406292, -0.06270392785703871, 0.0612408498439618, -0.12040977872034658, -0.03536818620599714, -0.03149259528446672, -0.13187163319639633, 0.16247537615128083, 0.14188191051688334], [0.058614242209674254, -0.015573559718060168, 0.06702359633808608, 0.16391886990759255, -0.02325581956271268, 0.013198059332192511, -0.05738201548955359, -0.18739075866626653, 0.04657840631369891], [0.06578658590826428, -0.06742897765118243, -0.14898285179920465, -0.1283279665144996, -0.13613452129364237, -0.05634673705499174, 0.12643132653614386, 0.11136203406848784, -0.03270547824452026], [0.1492388888116439, -0.21366758292543922, 0.05080762420974168, -0.05077126837345354, -0.02735871634202473, 0.1443508324543506, 0.018476900281532403, -0.06137700694605054, 0.032125346017235934], [-0.0018067334914001689, 0.16560670469958938, 0.0074569369243506645, -0.12818667118129332, -0.00012552744844842266, -0.08961718904319661, -0.18616153799981972, 0.047098891073875604, 0.11845200441879052], [0.010909612666017433, 0.2063583829238685, -0.004798877573304809, 0.04873366203251467, -0.21379321396254422, 0.03666864250219797, 0.0894782390610653, -0.05673078149531812, -0.021507335904908036], [0.13975443767532572, -0.1434215254985312, 0.07205990287940783, 0.21412777214444542, 0.016951832480846307, 0.08554587033694484, -0.09469571309514212, 0.09993040873951681, 0.09763455233546303], [0.15294285465798796, -0.18899947600425493, -0.09526951997370486, 0.1992468637322791, -0.07275887863358924, 0.15494270082103542, 0.16697898700346245, 0.08821755574394236, 0.041866103874967434], [-0.03570746888073605, -0.12181920340666258, -0.12162841672894792, -0.1403902874033057, 0.05508553815285766, 0.03288719692404546, -0.08831693407604034, 0.012717211156606192, -0.0898031813370791], [-0.029992937945528167, 0.07847255125140801, 0.04018144317132458, 0.05085285528131639, 0.08703477374542486, -0.016808736221107592, -0.016724416173167, -0.04489571212470001, 0.17671670331677947], [-0.162638753594637, -0.14612540369438837, 0.1298477305813864, -0.08613858677414249, 0.019692973512730978, -0.1687637736843759, -0.15983156998693135, -0.128114512219186, 0.01893230546995541], [-0.2669034982078826, 0.13046210022406196, -0.062213653283852234, -0.020129988227086667, 0.06448830762253908, -0.060496850058395266, 0.014255973766775117, 0.11044165371850842, 0.06314990413509304], [-0.21902095344451847, -0.015543205397949086, -0.1500182960652416, 0.008022464095036338, 0.06757575021793033, 0.03796436069919162, 0.04126877738025413, 0.19416803555910753, 0.04312505390607169], [0.27591287974754636, -0.012973158636719268, 0.02337169127592988, 0.07950822104550395, -0.03042880019065277, 0.07422776182001425, 0.003205996957474968, -0.10407214865903937, -0.16186279422411104], [0.11269388292602155, -0.20137070427634113, 0.08712887386402718, 0.09075020408382166, 0.04743595746136232, -0.15658681908281935, -0.052510270242358825, 0.013896342911244242, 0.1511761454764689], [0.07497918556982278, -0.03928205225632439, 0.01634904619855792, -0.16109330439329672, -0.052096961127311485, -0.04486287627744345, 0.09519562761070956, -0.0485781261210184, 0.026056512647535186], [0.08520542696854175, -0.07664736644558412, 0.05544777805822061, -0.01925428170487794, 0.00033705542021215344, 0.14610560612624526, 0.17320974987823384, 0.13900962490021904, -0.03425641877108052], [-0.07699720081271676, 0.019114281599410452, 0.034931630842650614, -0.045398797667408786, 0.008381609725868, 0.05858148926863017, 0.060564835761879966, 0.02702701948164802, -0.14965333740550285], [-0.1541366297843515, -0.06145542034083556, -0.09008676281583176, -0.07694098784818748, 0.13803936695229332, 0.1902900093177972, -0.06426689872403551, -0.12066659749605593, 0.1923636369378665], [-0.16810005741109416, -0.024320599767756867, -0.03116015390583342, 0.16433177025551252, -0.06226391197117666, 0.04255537606507354, 0.18969794975580417, -0.0010738866421703412, 0.01937905215445372], [-0.04332232487865517, -0.019750519194869903, -0.04234486744143724, 0.00075303968324757, -0.1645870681742735, 0.241905268739296, -0.04412129174559099, 0.2014551515876225, 0.07630717978616383], [-0.008658337020011732, 0.1419158638255773, -0.05692584080219687, -0.002375107298769281, -0.14688240570144692, 0.055711774738180175, 0.06184478233557839, 0.036298397172709745, -0.11569030745546578], [0.0773166141400064, 0.10656184913166587, 0.020688893551078905, -0.16217101608364748, -0.016198630470616163, -0.10912214085279154, 0.030625618339593198, -0.06560915668932503, 0.12230177615922339], [0.17984430753729475, 0.08817217045963609, 0.05958938391590205, -0.03278351776555652, -0.11664742847367021, -0.058942000851494473, -0.008078543877414962, 0.05994743835900681, -0.07208320071082093], [-0.18744091569293483, -0.016049710261201142, -0.00995384719125718, 0.007863152050239968, -0.04456065739558489, 0.001967697901915371, -0.0014335123320896896, 0.1247744274388991, 0.06842800865564069]], "net.2.bias": [0.0025116197627994344, 0.0, 0.012177250284077951, 0.0022721095588348096, 0.0, -0.024473184498441734, -0.014430763744609587, 0.021615655498263962, 0.0, 0.0, 0.0, 0.026750376650654363, -0.012375086030579744, 0.010258035824055926, 0.0, -0.024092094981637505, 0.023230454504332355, 0.037698810264476405, 0.0, 0.03562654956909278, 0.012420131555720896, -0.018739618562073415, 0.0, -0.0014262478680017734, 0.03865739995363239],