{"net.0.weight": [[0.14993462734784174, -0.05654957152119856, -0.16089528212741377], [-0.06315891822367256, -0.29357654182032955, 0.1775449628875678], [-0.10056097996217919, 0.04288189417826273, -0.10864845926909082], [-0.032435448957974566, -0.09108123566833382, -0.07302642361519171], [0.006994538144971375, -0.29197453647702104, -0.028769441636790256], [0.06762881803132388, 0.14211432910560023, 0.07857660293677764], [0.14886086350273756, 0.21811898463303148, 0.10500321809912036], [0.12608075701817692, 0.2414863401583367, 0.1401521230833695], [-0.00859087902173181, -0.06989125888828769, -0.05876306807356718]], "net.0.bias": [0.02585714152578631, 0.002062961242138937, 0.0, 0.0, -0.0024613007302493467, 0.011242428591392663, 0.02398673937778608, 0.020581707182940334, 0.0], "net.2.weight": [[-0.008585921881833054, -0.06140366753936183, 0.0612408498439618, -0.12040977872034658, -0.03536818620599714, -0.03724560943053509, -0.13800025135943308, 0.15686330932516632, 0.14188191051688334], [0.058614242209674254, -0.015573559718060168, 0.06702359633808608, 0.16391886990759255, -0.02325581956271268, 0.013198059332192511, -0.05738201548955359, -0.18739075866626653, 0.04657840631369891], [0.0003650231726050106, -0.16452414191352796, -0.14898285179920465, -0.1283279665144996, -0.13613452129364237, -0.055555027900077165, 0.12500061393511303, 0.11497038281561299, -0.03270547824452026], [0.15970794912289846, -0.23135594463993225, 0.05080762420974168, -0.05077126837345354, -0.02735871634202473, 0.1118834375044562, -0.011353997265223181, -0.09605196182823265, 0.032125346017235934], [-0.0018067334914001689, 0.16560670469958938, 0.0074569369243506645, -0.12818667118129332, -0.00012552744844842266, -0.08961718904319661, -0.18616153799981972, 0.047098891073875604, 0.11845200441879052], [0.034903105462265334, 0.29674813435091085, -0.004798877573304809, 0.04873366203251467, -0.21379321396254422, 0.026445577362851056, 0.07927938150888815, -0.06923608477003798, -0.021507335904908036], [0.05355805407133432, -0.29103773969956015, 0.07205990287940783, 0.21412777214444542, 0.016951832480846307, 0.08777511022014159, -0.09811524200089342, 0.10382398645400227, 0.09763455233546303], [0.08712366924098444, -0.28826785319872833, -0.09526951997370486, 0.1992468637322791, -0.07275887863358924, 0.15672031220191127, 0.16664944346816082, 0.09282872232314093, 0.041866103874967434], [-0.03570746888073605, -0.12181920340666258, -0.12162841672894792, -0.1403902874033057, 0.05508553815285766, 0.03288719692404546, -0.08831693407604034, 0.012717211156606192, -0.0898031813370791], [-0.029992937945528167, 0.07847255125140801, 0.04018144317132458, 0.05085285528131639, 0.08703477374542486, -0.016808736221107592, -0.016724416173167, -0.04489571212470001, 0.17671670331677947], [-0.162638753594637, -0.14612540369438837, 0.1298477305813864, -0.08613858677414249, 0.019692973512730978, -0.1687637736843759, -0.15983156998693135, -0.128114512219186, 0.01893230546995541], [-0.4272213528420273, 0.24592341606784088, -0.062213653283852234, -0.020129988227086667, 0.06448830762253908, -0.027570581722709764, 0.03731400719703947, 0.13871724336114097, 0.06314990413509304], [-0.22216129508794502, -0.07167157911752847, -0.1500182960652416, 0.008022464095036338, 0.06757575021793033, 0.04169548896865883, 0.046381205181114625, 0.19948632764044366, 0.04312505390607169], [0.31604278028802907, -0.06723510721062245, 0.02337169127592988, 0.07950822104550395, -0.03042880019065277, 0.06584649960702209, -0.0013276745063124113, -0.11365547820659519, -0.16186279422411104], [0.11269388292602155, -0.20137070427634113, 0.08712887386402718, 0.09075020408382166, 0.04743595746136232, -0.15658681908281935, -0.052510270242358825, 0.013896342911244242, 0.1511761454764689], [0.0803130798736754, 0.023664794716810985, 0.01634904619855792, -0.16109330439329672, -0.052096961127311485, -0.0646456053908054, 0.07579661908065485, -0.07022089823057838, 0.026056512647535186], [0.025424844648826793, -0.1635475465483504, 0.05544777805822061, -0.01925428170487794, 0.00033705542021215344, 0.14891689848662598, 0.17401226793289573, 0.14454265327802648, -0.03425641877108052], [-0.10973454077722819, -0.017939389950492265, 0.034931630842650614, -0.045398797667408786, 0.008381609725868, 0.05636748134191466, 0.05790727222539222, 0.026064902080852284, -0.14965333740550285], [-0.1541366297843515, -0.06145542034083556, -0.09008676281583176, -0.07694098784818748, 0.13803936695229332, 0.1902900093177972, -0.06426689872403551, -0.12066659749605593, 0.1923636369378665], [-0.19907141024025007, -0.09389553841356592, -0.03116015390583342, 0.16433177025551252, -0.06226391197117666, 0.041747759849735395, 0.1887948922595683, -0.00013860678321667554, 0.01937905215445372], [-0.09377002527958521, -0.12247695162365323, -0.04234486744143724, 0.00075303968324757, -0.1645870681742735, 0.24690909574265538, -0.040444266196873115, 0.20920933348439796, 0.07630717978616383], [0.03431651018301522, 0.23800170420737948, -0.05692584080219687, -0.002375107298769281, -0.14688240570144692, 0.04031486817682549, 0.048310788840110606, 0.018228189999040943, -0.11569030745546578], [0.0773166141400064, 0.10656184913166587, 0.020688893551078905, -0.16217101608364748, -0.016198630470616163, -0.10912214085279154, 0.030625618339593198, -0.06560915668932503, 0.12230177615922339], [0.16174119625981906, 0.07869338954327817, 0.05958938391590205, -0.03278351776555652, -0.11664742847367021, -0.07482554305226939, -0.025467243166523143, 0.04273308392677414, -0.07208320071082093], [-0.3031324811161614, -0.07563406476446201, -0.00995384719125718, 0.007863152050239968, -0.04456065739558489, -0.0020036961873076925, -0.007528352980965367, 0.12181748248912842, 0.06842800865564069]], "net.2.bias": [-0.0032928730492540427, 0.0, 0.01725821235670108, -0.0345196683674284, 0.0, -0.03889455816971213, -0.011990113738784683, 0.02715294932545374, 0.0, 0.0, 0.0, 0.056049375843074345, -0.0044048170963747624, -0.0023188279659892338, 0.0, -0.047475889941849446, 0.03032694477137313, 0.039564068460434955, 0.0, 0.039129710818094694, 0.02182030278247758, -0.038838646443411236, 0.0, -0.021299500106008593, 0.037327243419913975],