{"net.0.weight": [[0.004366417906560655, -0.13849528121853494, -0.12247221321212269], [0.05613379166548774, -0.08437500206790383, -0.10539052761824894], [0.12901354299988263, 0.015379654484947226, -0.07460771588114878], [0.18378819680684144, -0.08700724534730657, -0.252453343863176], [-0.09811817172088182, -0.015339208502688046, -0.03496671552089306], [0.00915860328674803, 0.11684415097450696, 0.21916728563592852], [0.0764096924521105, 0.10027084847120245, -0.07032042758436592], [-0.09146763152521083, -0.0676997368096551, 0.23611421372765698], [0.10585987669529814, 0.09873267351189557, 0.10631717344330782]], "net.0.bias": [-0.02869598670160658, 0.022274442981564526, 0.0683922857595064, -0.04945570311980964, 0.0, 0.059825282689481694, 0.012530674803835691, 0.033636484734600756, 0.041196340764105895], "net.2.weight": [[0.14054484577174645, -0.011347084319465276, 0.07036630721700382, -0.031054036911157615, -0.2851369408518531, -0.08935848181049598, -0.06046374760347603, 0.016327704961494015, -0.1364473354110776], [-0.011315847422056158, -0.02209008216903561, -0.017461576110851574, -0.1881613183663262, -0.050587133777988395, -0.10528065417576227, -0.013852249605494133, 0.07511623542100808, 0.05280277623450975], [0.2706924644674903, -0.16057382138624612, -0.0351034457757455, -0.1911666090727723, 0.029157350591970266, 0.025638269258574906, 0.09389655970146114, 0.18031809220315426, 0.0804585436821474], [0.08375603636607429, 0.10049034102033476, 0.13564337986713576, -0.021459123117554747, 0.011433065842792522, 0.14596249362365984, 0.09015921224768396, -0.013592489513019146, 0.1409275312048838], [-0.022087372129666275, -0.11992806149597174, 0.05736784733001405, 0.019148763912908498, 0.11418569379901236, -0.06405708054986527, -0.07337432706028722, -0.08456116896423026, 0.10920047596887002], [0.10061302986178361, -0.2794659995275039, 0.01489857882696333, -0.01622340129689741, -0.010745396495472135, 0.06937614138216797, 0.1918773504052711, -0.14048320723275254, 0.15969282232712612], [0.1340839263751685, -0.1745864556354726, 0.029336322887272843, -0.10797602252006303, 0.06910877183916414, 0.14460484777928087, 0.00471604336749221, -0.1991458375286273, 0.14066699744066274], [0.021535040353302896, 0.16379455663182202, -0.02143940874727692, -0.0040374469765344, 0.08329774895665394, -0.03665640853374197, 0.1075914441343284, -0.03599473150901156, -0.007096777230512949], [0.019320647268999017, -0.10952439589423066, 0.13541325056104594, -0.06240236999862328, 0.010438644957549583, 0.028161431302343175, 0.08465921244788766, 0.015899004417042704, 0.026458762206186984]], "net.2.bias": [0.0, -0.009971764862880827, -0.0038374164402684386, 0.0764212564974401, 0.013958456630254766, 0.06139476371830381, 0.06616337435206453, -0.03330294801239977, 0.04220562568104634], "net.4.weight": [[-0.09372549308407707, -0.06648269493495848, 0.19680788531975094, -0.14487762706009089, 0.015313886792434964, -0.0412795663796305, -0.08129672746223733, 0.16731975530653456, -0.1493972265768923], [0.025684790846504074, -0.12619977491807835, -0.13293122149831177, 0.022329104244511937, 0.10927501884551999, 0.053918001908979954, -0.03110748427691429, -0.026151913746498306, -0.07886370512271354], [0.0623510775407494, -0.01684916008444686, 0.028746564984333842, 0.03132412350712406, 0.15224441643776215, 0.12259214628331078, 0.1698499932752938, -0.018534195123666296, -0.0386978843052039]], "net.4.bias": [-0.07016091450456516, -0.02329251863594289, 0.03627540275918045]}