{"net.0.weight": [[0.003936501729103361, -0.13867750369001627, -0.12247641046162439], [0.04993770164100718, -0.13972353258879083, -0.1767622921825086], [0.11849206176905501, 0.02800687651087602, -0.07949175929488851], [0.19456146627675056, -0.10109957092250874, -0.24947140695041173], [-0.09811817172088182, -0.015339208502688046, -0.03496671552089306], [0.009979956709190326, 0.1565577018902827, 0.2107538182567242], [0.06184580533268085, 0.14929911027067694, -0.04606054078396828], [-0.12358745198150771, -0.0939186507604929, 0.24198776203449948], [0.10466141443478125, 0.13503938084771921, 0.10500962926265534]], "net.0.bias": [-0.029129395362433662, 0.005162138862386464, 0.06244351806592798, -0.0432020750037028, 0.0, 0.06276101028344691, 0.012919273113980072, 0.015833896910736334, 0.04412002545139976], "net.2.weight": [[0.14054484577174645, -0.011347084319465276, 0.07036630721700382, -0.031054036911157615, -0.2851369408518531, -0.08935848181049598, -0.06046374760347603, 0.016327704961494015, -0.1364473354110776], [-0.011315847422056158, -0.02209008216903561, -0.017461576110851574, -0.1881613183663262, -0.050587133777988395, -0.10726040646750011, -0.013852249605494133, 0.07275358704203067, 0.05004311792003037], [0.2706924644674903, -0.16878665802765377, -0.006047650669917202, -0.3361663142137636, 0.029157350591970266, 0.03268585932658179, 0.14675702090886406, 0.09430404340840026, 0.09069523653844826], [0.08370995283305217, 0.04574053200930734, 0.1281487246464299, -0.0346143169590936, 0.011433065842792522, 0.15238819181690383, 0.08190946981481204, -0.017388641066287642, 0.1429645944653073], [-0.02209785647564879, -0.1477053628217815, 0.048017741447320246, 0.008142147377083873, 0.11418569379901236, -0.05762968133099352, -0.0827473165355, -0.10890614894404925, 0.10833190236705832], [0.1006001145848587, -0.3108050066277102, 0.006000975989859073, -0.03199845864736155, -0.010745396495472135, 0.06920112410774526, 0.18309305259176045, -0.18893088689949306, 0.15708916527405095], [0.1340839263751685, -0.16891819650057774, 0.04159939518550246, -0.10907326099747652, 0.06910877183916414, 0.13847331431738372, 0.019278444213101348, -0.32166904355728665, 0.14688649089958689], [0.021537337486787787, 0.19894732192493378, -0.023533049816279232, 0.0012475657172035665, 0.08329774895665394, -0.10679859929617737, 0.10191060176916261, -0.03599473150901156, -0.029757293944816], [0.019334058280854216, -0.1356966536138561, 0.1295778886587563, -0.08712622509819978, 0.010438644957549583, 0.008554177868027374, 0.08091775773672025, -0.06036369314406859, 0.01278994775144095]], "net.2.bias": [0.0, -0.012400459892733908, -0.001932592985764928, 0.08485648441867051, 0.019139391352352278, 0.06505643178765504, 0.07806604158106684, -0.06017720407036951, 0.027633553121952974], "net.4.weight": [[-0.09372549308407707, -0.0744501318129863, 0.2089572912379192, -0.1517468634377741, 0.00808455331876205, -0.05585358099272194, -0.09939958859152317, 0.21048476566047078, -0.16685600990172147], [0.025684790846504074, -0.11822990578690715, -0.15859284444545368, 0.025971259204538032, 0.10962355529445134, 0.04929295114940746, -0.050298101371822404, -0.02834592683269831, -0.07370898540401798], [0.0623510775407494, -0.024748195669982632, 0.025740762573058507, 0.022815481846694467, 0.12019710982278348, 0.12466478357477527, 0.1889360258819745, -0.020416623052268896, -0.023566953036531592]], "net.4.bias": [-0.09040302311342961, -0.0029215529006702606, 0.039289791865795246]}