{"net.0.weight": [[0.003936501729103361, -0.13867750369001627, -0.12247641046162439], [0.048724420588587905, -0.14426897451545267, -0.18267372979762397], [0.11870845986807128, 0.029415991112948948, -0.07943357735756566], [0.1936482612664506, -0.10278252285078768, -0.24837989761314064], [-0.09811817172088182, -0.015339208502688046, -0.03496671552089306], [0.010893592375114867, 0.15898889637538005, 0.2108442971365334], [0.06272549421394644, 0.15390562842443772, -0.04444546706101762], [-0.12730186377095468, -0.09672032427346632, 0.24081469997795846], [0.10568960674691774, 0.1378805803463865, 0.10568289950407454]], "net.0.bias": [-0.029129395362433662, 0.003363918692715512, 0.06280111924748179, -0.043976648719175136, 0.0, 0.06372130821123503, 0.014314401775064337, 0.013128962661459884, 0.045336214906550494], "net.2.weight": [[0.14054484577174645, -0.011347084319465276, 0.07036630721700382, -0.031054036911157615, -0.2851369408518531, -0.08935848181049598, -0.06046374760347603, 0.016327704961494015, -0.1364473354110776], [-0.011315847422056158, -0.02209008216903561, -0.017461576110851574, -0.1881613183663262, -0.050587133777988395, -0.10726040646750011, -0.013852249605494133, 0.07275358704203067, 0.05004311792003037], [0.2706924644674903, -0.16878665802765377, -0.004057921691703798, -0.3516545540768188, 0.029157350591970266, 0.03257168157535924, 0.15103706501837824, 0.08483717830279189, 0.09079853118029656], [0.08370995283305217, 0.041906868339598675, 0.12844610907433746, -0.03391130670205672, 0.011433065842792522, 0.15341361370449247, 0.08209002563227394, -0.016438101308793782, 0.14391475570642626], [-0.02209785647564879, -0.14965362485449643, 0.04823353369601598, 0.00869044284710849, 0.11418569379901236, -0.05670199852070427, -0.08250903607662877, -0.11254611579458434, 0.10904060346972978], [0.1006001145848587, -0.311892945736458, 0.006689163827840785, -0.030926881930077397, -0.010745396495472135, 0.07027448491649331, 0.18365851479379697, -0.1887590123033253, 0.15820809177106726], [0.1340839263751685, -0.16710754328067876, 0.04344131732577371, -0.10685698407494924, 0.06910877183916414, 0.13858089414111485, 0.020929980804910823, -0.3275859765199533, 0.1481673151928731], [0.021537337486787787, 0.20068725511618835, -0.023471431654355397, 0.001228678387316587, 0.08329774895665394, -0.11042589716233861, 0.10169184144276051, -0.03599473150901156, -0.03070207915986745], [0.019334058280854216, -0.13535921939768178, 0.13051262906551314, -0.08655779715494948, 0.010438644957549583, 0.00905056575764226, 0.08185896232729284, -0.06157536096423319, 0.013726742861041625]], "net.2.bias": [0.0, -0.012400459892733908, -0.0025716673958717526, 0.08635041922456703, 0.02039623226148187, 0.06676454009541624, 0.07990861056736684, -0.0615056672829057, 0.028477017516461072], "net.4.weight": [[-0.09372549308407707, -0.0744501318129863, 0.21028834323281498, -0.15297905450599936, 0.0065648490006359516, -0.05764376263243967, -0.10086698021186932, 0.21342246376131352, -0.1685231587164951], [0.025684790846504074, -0.11822990578690715, -0.16209420403518668, 0.02656004909384459, 0.10938829059464832, 0.04957570583275604, -0.05026883335422182, -0.02925663043737719, -0.07156424754370164], [0.0623510775407494, -0.024748195669982632, 0.027619855165572714, 0.023817907653007377, 0.11917402226708508, 0.1257239984731838, 0.1897952120805633, -0.017836998307870985, -0.021577743902631674]], "net.4.bias": [-0.09292051398119044, -0.0009869281153905623, 0.04158166538911489]}