{"net.0.weight": [[-0.0928681937046701, 0.14980070611852414, 0.2434855276474573], [0.044474061048063805, -0.16540673014029889, -0.13885368538108603], [-0.006135082127200175, -0.2224540490701822, -0.07760158246012541], [0.07018178677658611, -0.08914211628740117, -0.042604353646393124], [-0.06549016607722584, 0.09758345702309987, 0.1398618708378351], [-0.056258385482898854, 0.03597816420844827, -0.1632067140722976], [-0.16355550581192124, -0.09444526575485158, 0.23132540165803153], [0.08755526809415314, 0.13133972867297752, 0.2014090039238479], [-0.04374080754603745, 0.03237771054049554, -0.019478357387845705]], "net.0.bias": [0.008977469368378616, -0.01957854843417741, -0.015097235011858185, -0.07482689943607611, 0.02125047095431166, 0.0, 0.05838845771493405, 0.04823237141776413, 0.0], "net.2.weight": [[0.10115242813543078, -0.1802555784901742, 0.14317750304168392, 0.015462489029057853, 0.176797805590766, 0.1090581974280797, -0.21380154564632517, 0.07865478110587375, 0.028045067291018896], [-0.15378778228759826, 0.17062542715679402, -0.11543214772918642, 0.19427836742145088, -0.08175045750594381, 0.04415551827312142, 0.06423712434705219, -0.07781988012119641, 0.008383599097346517], [0.04609097486000841, -0.1416903354878417, -0.12508862086453795, 0.08183787231734772, -0.06499851198326893, 0.017957285029569843, -0.36460345299856844, 0.1470647959690638, 0.08101045507644795], [-0.09378756811455238, -0.11125031705112523, -0.15560170284422234, -0.11923518858936764, 0.06329376547380332, -0.049566957853646954, -0.007018445175889745, -0.02118686829941583, 0.17652777006443887], [0.17335900530438803, 0.12190047751984318, 0.1283993006438047, 0.09053686904646954, 0.2865839910719092, 0.19570712414323976, -0.04848572673743327, 0.04228191813968314, -0.08044355067673145], [-0.0428477299166511, -0.16062273675186223, 0.04219740233898276, -0.1735606944782436, 0.06884430513356368, -0.03319896534795351, -0.06967271767013845, -0.01414801265031093, -0.15326076767960659], [0.03860251446795206, -0.1989581085637033, 0.1343160022554423, -0.01772650579614287, -0.16044042043213858, -0.08107451256701785, -0.2714190730504783, 0.2286895595629501, -0.08691037016239628], [-0.09973813695348976, 0.18978786486368987, 0.010174117146681585, -0.04930962285220798, -0.09497280115448718, 0.01705058543609509, 0.17833535369064155, -0.19005142037452183, 0.13664690131409546], [-0.0859086079104429, -0.15996668297937464, 0.1869055068648921, 0.036483114507474795, -0.2094925809547388, -0.05701695560493247, 0.09695925246090902, 0.20383486870595602, -0.08378644038194716]], "net.2.bias": [0.09456329717759032, 0.0010502308150480456, 0.12190149817654014, 0.0, -0.07435530917770376, 0.0, 0.0661020157835366, 0.0, 0.08366491495338481], "net.4.weight": [[0.08207172564806481, 0.09776683536029973, -0.09355394743867756, -0.07551588256566039, 0.08193443733643073, -0.08809752702167775, -0.2268406290066543, -0.07849224196717632, -0.19123151733267532], [-0.01401601654328911, 0.14561434571718573, -0.07738055336065548, -0.004618859914826533, -0.12909947828476354, -0.003744033633620691, -0.06064132823783844, -0.035899848910872875, 0.24223455219241427], [0.14032902063505617, -0.21315298564712404, 0.285901693895115, -0.06499918505673767, -0.026371283909045348, -0.00961995364699457, 0.04460527971926312, -0.11439552167985007, 0.03659311671498131]], "net.4.bias": [-0.07660001376231099, 0.05603718365623522, 0.10117703728132757]}