{"net.0.weight": [[0.003936501729103361, -0.13867750369001627, -0.12247641046162439], [0.05064853556993484, -0.14535203783953382, -0.18510079134783866], [0.11630234562743122, 0.028453114990979585, -0.08148988523849678], [0.19586508567748126, -0.10283714130033682, -0.24769648051944107], [-0.09811817172088182, -0.015339208502688046, -0.03496671552089306], [0.009090468182823504, 0.1589455287263778, 0.2090968324405576], [0.06073510663786167, 0.15595931906088395, -0.04485024838615582], [-0.12966363962284336, -0.09803298674209304, 0.2410649031523411], [0.10442715823372765, 0.13853820512802806, 0.10474709507634299]], "net.0.bias": [-0.029129395362433662, 0.0047617928111263735, 0.06067238638582466, -0.042099663541787784, 0.0, 0.062159969166384804, 0.013011916426832344, 0.011827929671036273, 0.04438737997073434], "net.2.weight": [[0.14054484577174645, -0.011347084319465276, 0.07036630721700382, -0.031054036911157615, -0.2851369408518531, -0.08935848181049598, -0.06046374760347603, 0.016327704961494015, -0.1364473354110776], [-0.011315847422056158, -0.02209008216903561, -0.017461576110851574, -0.1881613183663262, -0.050587133777988395, -0.10726040646750011, -0.013852249605494133, 0.07275358704203067, 0.05004311792003037], [0.2706924644674903, -0.16878665802765377, -0.000873901401950057, -0.3643894629916974, 0.029157350591970266, 0.03375073520575929, 0.15644238047423945, 0.0766772389788288, 0.09220154050580011], [0.08370995283305217, 0.03605727824847633, 0.12654656700209127, -0.03566388406510881, 0.011433065842792522, 0.15237597356013927, 0.08013320417399127, -0.017851251939048865, 0.1426783204568648], [-0.02209785647564879, -0.1532130220207562, 0.046794059581508125, 0.007472260774748303, 0.11418569379901236, -0.057095187202789985, -0.08387382429992771, -0.1164854625045082, 0.10821239711311433], [0.1006001145848587, -0.315194936785794, 0.005324153769817273, -0.032109875175263175, -0.010745396495472135, 0.06990340368985559, 0.18225008860562697, -0.1892925445213981, 0.15752614399847573], [0.1340839263751685, -0.17043063899584665, 0.04205025100725833, -0.10839619806909456, 0.06910877183916414, 0.13677177451972478, 0.01954131913650998, -0.3348571600578114, 0.1467982598342069], [0.021537337486787787, 0.20429120059983277, -0.021068637395962146, 0.00350783140343268, 0.08329774895665394, -0.11111756780119576, 0.10387437006968842, -0.03599473150901156, -0.02913495015730623], [0.019334058280854216, -0.1365195623078017, 0.12892891945332624, -0.08871995804713907, 0.010438644957549583, 0.0073049003398837405, 0.08027626673673266, -0.06600577585605118, 0.012095067868875944]], "net.2.bias": [0.0, -0.012400459892733908, -0.001946741311150763, 0.08564752142612352, 0.020097833450302572, 0.0666458409338011, 0.07905382051887748, -0.060313738865992304, 0.02677011263807926], "net.4.weight": [[-0.09372549308407707, -0.0744501318129863, 0.2138122298493194, -0.1517462818929622, 0.007693892794252353, -0.05705474308855517, -0.10038929518741617, 0.21780777974231713, -0.1686887197136159], [0.025684790846504074, -0.11822990578690715, -0.16489532484299813, 0.02669817966954633, 0.10797202773449438, 0.04915344436225701, -0.05093939898059979, -0.02901636590093097, -0.07005265858252648], [0.0623510775407494, -0.024748195669982632, 0.028459110991665044, 0.022925698784146336, 0.11610281331816333, 0.12496352704058536, 0.18932730351244517, -0.017465307643116167, -0.02127686079765869]], "net.4.bias": [-0.09282868971942032, 0.0005144571121637282, 0.041873172206270404]}