{"net.0.weight": [[-0.0951205633118524, 0.15322978662456754, 0.24336423185086822], [0.04566268537063599, -0.16612061221108387, -0.13866616436621715], [-0.006135082127200175, -0.2224540490701822, -0.07760158246012541], [0.06763474587620678, -0.08845344318737293, -0.04316777138781266], [-0.06688950085728224, 0.10139688337845795, 0.1410294097079187], [-0.056258385482898854, 0.03597816420844827, -0.1632067140722976], [-0.16395478495603125, -0.09709700646065261, 0.2333772359696444], [0.08656004968815442, 0.13086370257533095, 0.20019686153226118], [-0.04374080754603745, 0.03237771054049554, -0.019478357387845705]], "net.0.bias": [0.008100334423706525, -0.018617374127897397, -0.015097235011858185, -0.07603462598448647, 0.021265029960306835, 0.0, 0.058780095429120265, 0.04731767017053615, 0.0], "net.2.weight": [[0.09929162822312422, -0.18051728840984896, 0.14317750304168392, 0.012871784678161427, 0.1750392577096896, 0.1090581974280797, -0.222473204188772, 0.07755166579043792, 0.028045067291018896], [-0.15378778228759826, 0.17052682558732873, -0.11543214772918642, 0.19717713526883138, -0.08175045750594381, 0.04415551827312142, 0.06423712434705219, -0.07427622522233558, 0.008383599097346517], [0.044617172782168896, -0.14222547815818135, -0.12508862086453795, 0.08017869907371841, -0.06630614486980985, 0.017957285029569843, -0.36995385945428666, 0.14656832360474753, 0.08101045507644795], [-0.09378756811455238, -0.11125031705112523, -0.15560170284422234, -0.11923518858936764, 0.06329376547380332, -0.049566957853646954, -0.007018445175889745, -0.02118686829941583, 0.17652777006443887], [0.17671941513235773, 0.12106658961889383, 0.1283993006438047, 0.08909188196700961, 0.29032885117766416, 0.19570712414323976, -0.05417973830738342, 0.041822603274709796, -0.08044355067673145], [-0.0428477299166511, -0.16062273675186223, 0.04219740233898276, -0.1735606944782436, 0.06884430513356368, -0.03319896534795351, -0.06967271767013845, -0.01414801265031093, -0.15326076767960659], [0.03633255638274041, -0.20243039108600147, 0.1343160022554423, -0.01907837932188578, -0.16251284734102672, -0.08107451256701785, -0.268388045871135, 0.2273372451068029, -0.08691037016239628], [-0.09973813695348976, 0.18978786486368987, 0.010174117146681585, -0.04930962285220798, -0.09497280115448718, 0.01705058543609509, 0.17833535369064155, -0.19005142037452183, 0.13664690131409546], [-0.09038165085935408, -0.16017871516762175, 0.1869055068648921, 0.03705597798755456, -0.21433880354415652, -0.05701695560493247, 0.10230154868909033, 0.20311628764611836, -0.08378644038194716]], "net.2.bias": [0.09388681884699235, 0.0039656533246431236, 0.12182291545111043, 0.0, -0.07548021948825191, 0.0, 0.06510787330010176, 0.0, 0.08362477479372091], "net.4.weight": [[0.08386811857683375, 0.09904918137475469, -0.09231555225345402, -0.07551588256566039, 0.08241629260861635, -0.08809752702167775, -0.2256063089146507, -0.07849224196717632, -0.1914923823471627], [-0.017393923697572998, 0.14621523152607732, -0.07841675557279675, -0.004618859914826533, -0.1306487333513704, -0.003744033633620691, -0.061721324642004124, -0.035899848910872875, 0.24267084593045685], [0.13909586695907475, -0.21292067549310137, 0.2855993878448562, -0.06499918505673767, -0.027061205801528175, -0.00961995364699457, 0.044518667281365866, -0.11439552167985007, 0.036068153746547774]], "net.4.bias": [-0.07690710687741469, 0.056470331571555545, 0.10139534275587626]}