{"net.0.weight": [[0.003936501729103361, -0.13867750369001627, -0.12247641046162439], [0.05026828933116131, -0.14872047925485016, -0.1895773304485227], [0.1157137727838449, 0.02858372764366889, -0.08248995067465874], [0.19638837437594295, -0.10272676865509356, -0.2446561080137153], [-0.09811817172088182, -0.015339208502688046, -0.03496671552089306], [0.00888655266038326, 0.15961868767546264, 0.2073074397275502], [0.06003385635174441, 0.15828966647802611, -0.04573909313780926], [-0.1318187212584345, -0.0987539291161846, 0.24160201480547353], [0.10433558508091731, 0.1397205814682166, 0.10357063534331028]], "net.0.bias": [-0.029129395362433662, 0.0038933814913110812, 0.06015771004498536, -0.04121057227325011, 0.0, 0.06178515689498333, 0.012568480444890314, 0.01082203083597119, 0.04427917795557252], "net.2.weight": [[0.14054484577174645, -0.011347084319465276, 0.07036630721700382, -0.031054036911157615, -0.2851369408518531, -0.08935848181049598, -0.06046374760347603, 0.016327704961494015, -0.1364473354110776], [-0.011315847422056158, -0.02209008216903561, -0.017461576110851574, -0.1881613183663262, -0.050587133777988395, -0.10726040646750011, -0.013852249605494133, 0.07275358704203067, 0.05004311792003037], [0.2706924644674903, -0.16878665802765377, 0.0011017452258984034, -0.37839072816289027, 0.029157350591970266, 0.034046649093015656, 0.16077411823270182, 0.06824801659848125, 0.0925935974463187], [0.08370995283305217, 0.03266976385668745, 0.1260181344277405, -0.035746062229554, 0.011433065842792522, 0.15182760447236374, 0.07941790811290934, -0.019427104030520895, 0.14244201012345994], [-0.02209785647564879, -0.15564303901418625, 0.046137427544845795, 0.0073262855079139115, 0.11418569379901236, -0.05748203762145707, -0.08450917732363061, -0.12154697141454765, 0.10793332592386147], [0.1006001145848587, -0.316581222952751, 0.005127788832381626, -0.031677923745704425, -0.010745396495472135, 0.06957603091928086, 0.1818660796119038, -0.18990155844123618, 0.1575759457343511], [0.1340839263751685, -0.17051985518994994, 0.04235944854317082, -0.10752173251566166, 0.06910877183916414, 0.1349170354306692, 0.019605761458029138, -0.34249005763523854, 0.1463397664039583], [0.021537337486787787, 0.20476385224807586, -0.021747330872981308, 0.0026255609320201424, 0.08329774895665394, -0.114781980845326, 0.10294030896749504, -0.03599473150901156, -0.03068785929930453], [0.019334058280854216, -0.13252200466928746, 0.1303780237340429, -0.08755939135744197, 0.010438644957549583, 0.008680385782653073, 0.08144190306233669, -0.06413376295673821, 0.01366059032294627]], "net.2.bias": [0.0, -0.012400459892733908, -0.0024107704649004645, 0.086014261852289, 0.02033984237682171, 0.06727978426511154, 0.07915189738007755, -0.062260400067197616, 0.028518566209780896], "net.4.weight": [[-0.09372549308407707, -0.0744501318129863, 0.2165487355391471, -0.15167832286860808, 0.007889634340169255, -0.0574711526368263, -0.10066297563648749, 0.21697246482736476, -0.16989500854971581], [0.025684790846504074, -0.11822990578690715, -0.1677591628973219, 0.026789502751294006, 0.10662194054864699, 0.048686067438486254, -0.051799925798178326, -0.028649689398239225, -0.06976352666520294], [0.0623510775407494, -0.024748195669982632, 0.027964066594588808, 0.022637887148850108, 0.11421447306709329, 0.12460678357759432, 0.18824376373252827, -0.014640275447166225, -0.021959026061236283]], "net.4.bias": [-0.09412496856338119, 0.002016544110895178, 0.04298150519156728]}