{"net.0.weight": [[-0.09943610648032881, 0.15418913123664105, 0.2407370781307987], [0.04641800628970394, -0.16776866536138163, -0.1397361889451189], [-0.006135082127200175, -0.2224540490701822, -0.07760158246012541], [0.06479902382577064, -0.08861789515543136, -0.04224344770837287], [-0.0704046071183351, 0.102747591308373, 0.13952938953983837], [-0.056258385482898854, 0.03597816420844827, -0.1632067140722976], [-0.1648839615219039, -0.09806434013311804, 0.23449371417361733], [0.08653053644322467, 0.13157862467296919, 0.20087235023071487], [-0.04374080754603745, 0.03237771054049554, -0.019478357387845705]], "net.0.bias": [0.0048565326380609845, -0.01817528770951799, -0.015097235011858185, -0.07682124424657893, 0.01884701468830617, 0.0, 0.058648692597735266, 0.047572326219302075, 0.0], "net.2.weight": [[0.09819467150246543, -0.18222451138333315, 0.14317750304168392, 0.009952081313024965, 0.17422174722711606, 0.1090581974280797, -0.2293156450370339, 0.07635305705229263, 0.028045067291018896], [-0.15378778228759826, 0.17029340816995062, -0.11543214772918642, 0.19971644969897537, -0.08175045750594381, 0.04415551827312142, 0.06423712434705219, -0.07126842804354906, 0.008383599097346517], [0.0444018708301089, -0.143151349693973, -0.12508862086453795, 0.07897002441853777, -0.06614387034714785, 0.017957285029569843, -0.37231121978924997, 0.14677508314179957, 0.08101045507644795], [-0.09378756811455238, -0.11125031705112523, -0.15560170284422234, -0.11923518858936764, 0.06329376547380332, -0.049566957853646954, -0.007018445175889745, -0.02118686829941583, 0.17652777006443887], [0.17657330583233122, 0.12083956859047293, 0.1283993006438047, 0.08779950605412087, 0.29023759474432437, 0.19570712414323976, -0.06264395210380154, 0.04007633403747473, -0.08044355067673145], [-0.0428477299166511, -0.16062273675186223, 0.04219740233898276, -0.1735606944782436, 0.06884430513356368, -0.03319896534795351, -0.06967271767013845, -0.01414801265031093, -0.15326076767960659], [0.0349015279130695, -0.20356916500144817, 0.1343160022554423, -0.018616240170839828, -0.16374463262561048, -0.08107451256701785, -0.26469778469818656, 0.2279509789161138, -0.08691037016239628], [-0.09973813695348976, 0.18978786486368987, 0.010174117146681585, -0.04930962285220798, -0.09497280115448718, 0.01705058543609509, 0.17833535369064155, -0.19005142037452183, 0.13664690131409546], [-0.09139984680292694, -0.1608477738843262, 0.1869055068648921, 0.03755942376147743, -0.21542766953664724, -0.05701695560493247, 0.1101500857540727, 0.20384205204416103, -0.08378644038194716]], "net.2.bias": [0.09295299199585273, 0.006351605122019762, 0.12237130201378744, 0.0, -0.07765681366086648, 0.0, 0.06625404131493114, 0.0, 0.08480820089531964], "net.4.weight": [[0.08409164574786344, 0.09860924824778784, -0.09308016003820395, -0.07551588256566039, 0.08131868356330926, -0.08809752702167775, -0.22657212002280816, -0.07849224196717632, -0.19381728721435884], [-0.01837327856129584, 0.14543096471432598, -0.07872362527062154, -0.004618859914826533, -0.13022366138412855, -0.003744033633620691, -0.06166573099955233, -0.035899848910872875, 0.2436196430938079], [0.13881420117060603, -0.2134549120855586, 0.2856058590622987, -0.06499918505673767, -0.026876028234365, -0.00961995364699457, 0.0447812758208599, -0.11439552167985007, 0.035918970366693434]], "net.4.bias": [-0.07935975745506885, 0.05766832279746557, 0.10201791751364554]}