{"net.0.weight": [[0.003936501729103361, -0.13867750369001627, -0.12247641046162439], [0.04894095433463781, -0.15276660198949318, -0.1942982115182396], [0.11634528708206902, 0.030464356086994705, -0.08242484121417737], [0.1944115511702188, -0.10601514604522883, -0.24531948944638562], [-0.09811817172088182, -0.015339208502688046, -0.03496671552089306], [0.01014727813239036, 0.16211533912906578, 0.20749240970343555], [0.06139987800817888, 0.1629958356414344, -0.04399324167275754], [-0.1352606786508773, -0.10153576290765975, 0.24041141582610787], [0.10573544090381994, 0.1426008255447751, 0.10430880013832577]], "net.0.bias": [-0.029129395362433662, 0.002161665784734967, 0.060789348171248994, -0.0431921391548755, 0.0, 0.06296949971158822, 0.014315931670564132, 0.008297094888724477, 0.04575048144836958], "net.2.weight": [[0.14054484577174645, -0.011347084319465276, 0.07036630721700382, -0.031054036911157615, -0.2851369408518531, -0.08935848181049598, -0.06046374760347603, 0.016327704961494015, -0.1364473354110776], [-0.011315847422056158, -0.02209008216903561, -0.017461576110851574, -0.1881613183663262, -0.050587133777988395, -0.10726040646750011, -0.013852249605494133, 0.07275358704203067, 0.05004311792003037], [0.2706924644674903, -0.16878665802765377, 0.00269833643972044, -0.3908223979938185, 0.029157350591970266, 0.03389215582893347, 0.16430826231036338, 0.06020720021800759, 0.09260989473992991], [0.08370995283305217, 0.03030660494681296, 0.12680331862536148, -0.03451736937003355, 0.011433065842792522, 0.15282851370138276, 0.08010633264754465, -0.019600719887768098, 0.14363624659133192], [-0.02209785647564879, -0.15653315212991917, 0.04683914962995814, 0.008502446280504278, 0.11418569379901236, -0.05644567340687954, -0.08383729330417307, -0.12488486880596904, 0.10898523860967084], [0.1006001145848587, -0.31648529302584055, 0.006372214534790214, -0.029791888923328704, -0.010745396495472135, 0.0708498409577171, 0.1828955444259792, -0.1887924932873329, 0.15910257095397554], [0.1340839263751685, -0.16920434116807725, 0.04422091764273727, -0.10498976134240749, 0.06910877183916414, 0.13514913126574862, 0.021202283468899474, -0.3470631996395676, 0.14767747462256103], [0.021537337486787787, 0.20475746221939675, -0.02276036354285864, 0.0013564965101992561, 0.08329774895665394, -0.11837717124811313, 0.10173518138618563, -0.03599473150901156, -0.032482440972443745], [0.019334058280854216, -0.13192853078164982, 0.1315581615784972, -0.0867352647575973, 0.010438644957549583, 0.010142743637902088, 0.08282027534533339, -0.06552796879780455, 0.015321222740929164]], "net.2.bias": [0.0, -0.012400459892733908, -0.0029815791966876157, 0.08765043859621084, 0.02189078794217995, 0.0693465980371531, 0.08100307224434385, -0.06436173826425125, 0.030092626785110904], "net.4.weight": [[-0.09372549308407707, -0.0744501318129863, 0.21771148534756607, -0.15303299829321276, 0.006008401542609907, -0.0595186546357492, -0.10265937842530601, 0.21625950475338146, -0.17092525735952463], [0.025684790846504074, -0.11822990578690715, -0.17102461582208675, 0.02777686406833147, 0.1064081944431216, 0.04911760244747646, -0.05179539879212475, -0.026745288069823753, -0.06791004555170525], [0.0623510775407494, -0.024748195669982632, 0.028862099464567022, 0.02404992398319171, 0.11395827669299895, 0.1258350096464285, 0.18874511319360437, -0.0107048271505085, -0.02097165137249344]], "net.4.bias": [-0.09655509388300479, 0.004133459377039251, 0.04569568861130489]}