{"net.0.weight": [[-0.09934767083655222, 0.15907705460254026, 0.24210940829550154], [0.046515638773381, -0.16939769962760634, -0.14002846937261865], [-0.006135082127200175, -0.2224540490701822, -0.07760158246012541], [0.0631536686800356, -0.08739202188914498, -0.040154449653614116], [-0.0705623379936812, 0.10716790721743363, 0.14114570408498045], [-0.056258385482898854, 0.03597816420844827, -0.1632067140722976], [-0.16655735962513696, -0.10036042309861086, 0.23452274305277965], [0.08596570894139387, 0.13127618793747295, 0.19995705800722546], [-0.04374080754603745, 0.03237771054049554, -0.019478357387845705]], "net.0.bias": [0.0058487262883710365, -0.018251662658055865, -0.015097235011858185, -0.07634491739449183, 0.019686333835668444, 0.0, 0.05756936385130359, 0.04704679627382658, 0.0], "net.2.weight": [[0.098560793559464, -0.1801731350836939, 0.14317750304168392, 0.009195702179414914, 0.17485555140746292, 0.1090581974280797, -0.2340154500546708, 0.07699649360185562, 0.028045067291018896], [-0.15378778228759826, 0.16822016490798414, -0.11543214772918642, 0.2010876382207124, -0.08175045750594381, 0.04415551827312142, 0.06423712434705219, -0.06909145280478952, 0.008383599097346517], [0.04464662254509415, -0.1419351895836373, -0.12508862086453795, 0.07847149551687073, -0.06549393722192318, 0.017957285029569843, -0.3735165074620015, 0.14742518264041032, 0.08101045507644795], [-0.09378756811455238, -0.11125031705112523, -0.15560170284422234, -0.11923518858936764, 0.06329376547380332, -0.049566957853646954, -0.007018445175889745, -0.02118686829941583, 0.17652777006443887], [0.1792774458835263, 0.11945553593379252, 0.1283993006438047, 0.08679373291230444, 0.2930021068474021, 0.19570712414323976, -0.0676865298046557, 0.04006199064783211, -0.08044355067673145], [-0.0428477299166511, -0.16062273675186223, 0.04219740233898276, -0.1735606944782436, 0.06884430513356368, -0.03319896534795351, -0.06967271767013845, -0.01414801265031093, -0.15326076767960659], [0.031267904858163026, -0.20643978052938836, 0.1343160022554423, -0.02026984413525582, -0.16724843452816068, -0.08107451256701785, -0.2636186975402953, 0.22620018220325008, -0.08691037016239628], [-0.09973813695348976, 0.18978786486368987, 0.010174117146681585, -0.04930962285220798, -0.09497280115448718, 0.01705058543609509, 0.17833535369064155, -0.19005142037452183, 0.13664690131409546], [-0.09535675197047136, -0.16051532276884675, 0.1869055068648921, 0.03760674529437641, -0.21945715696881482, -0.05701695560493247, 0.11431186425293584, 0.20263022820121182, -0.08378644038194716]], "net.2.bias": [0.0939759114582319, 0.007830919998936776, 0.12341390092435081, 0.0, -0.0783414967071048, 0.0, 0.06498514503029391, 0.0, 0.08428639204229017], "net.4.weight": [[0.08722010215973125, 0.10041611051906933, -0.09086842695176493, -0.07551588256566039, 0.08335437187852342, -0.08809752702167775, -0.22447836460591988, -0.07849224196717632, -0.19293368413875356], [-0.021765324315102443, 0.14643308604740332, -0.08033154304091705, -0.004618859914826533, -0.13131397773849848, -0.003744033633620691, -0.06336384113928437, -0.035899848910872875, 0.24305156532892216], [0.13864067101123825, -0.21134243708495412, 0.28603819904399114, -0.06499918505673767, -0.026044756873352802, -0.00961995364699457, 0.045399457277336304, -0.11439552167985007, 0.036272898220228285]], "net.4.bias": [-0.07849237172555827, 0.05759555736598097, 0.10328250033681416]}