{"net.0.weight": [[-0.04278973287910943, 0.09511528932303794, 0.2543350866133452], [0.035900402069680946, -0.10466656350444166, -0.058516118289663854], [-0.006135082127200175, -0.2224540490701822, -0.07760158246012541], [0.14360144613535175, -0.07211589814172048, -0.011327433212158951], [-0.05039003129022599, 0.023689168677139768, 0.11927874248478865], [-0.056258385482898854, 0.03597816420844827, -0.1632067140722976], [-0.1160144181574641, -0.040060019372242885, 0.22156694092527743], [0.08849920268675397, 0.10789624848720585, 0.19261891777066975], [-0.04374080754603745, 0.03237771054049554, -0.019478357387845705]], "net.0.bias": [0.03688886847970486, -0.015247158626949248, -0.015097235011858185, -0.014655370360564843, 0.016351848606972075, 0.0, 0.0823207947014472, 0.04403585371525323, 0.0], "net.2.weight": [[0.09202464020454114, -0.15858883097999504, 0.14317750304168392, 0.031875719694769676, 0.16590300944657513, 0.1090581974280797, -0.046333060580973556, 0.08068101939360402, 0.028045067291018896], [-0.16457310984497536, 0.11967353533189418, -0.11543214772918642, 0.17726843121212588, 0.018331331533381807, 0.04415551827312142, 0.06423712434705219, -0.08399955179585833, 0.008383599097346517], [0.03925154646631149, -0.08789514137497555, -0.12508862086453795, 0.08863846298674313, -0.07077671823313607, 0.017957285029569843, -0.25232010857223663, 0.13848821115810764, 0.08101045507644795], [-0.09378756811455238, -0.11125031705112523, -0.15560170284422234, -0.11923518858936764, 0.06329376547380332, -0.049566957853646954, -0.007018445175889745, -0.02118686829941583, 0.17652777006443887], [0.14737253127695707, 0.10356256991027021, 0.1283993006438047, 0.11378140774134037, 0.2406073816351443, 0.19570712414323976, 0.054269022380624685, 0.05770944501846297, -0.08044355067673145], [-0.0428477299166511, -0.16062273675186223, 0.04219740233898276, -0.1735606944782436, 0.06884430513356368, -0.03319896534795351, -0.06967271767013845, -0.01414801265031093, -0.15326076767960659], [0.08208417579244481, -0.007357823164289489, 0.1343160022554423, -0.019987020866900573, -0.10609866229314736, -0.08107451256701785, -0.2970184885912324, 0.22721184219855514, -0.08691037016239628], [-0.09973813695348976, 0.18978786486368987, 0.010174117146681585, -0.04930962285220798, -0.09497280115448718, 0.01705058543609509, 0.17833535369064155, -0.19005142037452183, 0.13664690131409546], [-0.04522778357924119, -0.10228895493633043, 0.1869055068648921, 0.022190372333273256, -0.14854775063553202, -0.05701695560493247, -0.012535491080280313, 0.20124950516125997, -0.08378644038194716]], "net.2.bias": [0.09344474000677684, -0.004402497938303208, 0.1107059417979271, 0.0, -0.05244958836412325, 0.0, 0.05968803232980899, 0.0, 0.0739033490623139], "net.4.weight": [[0.06492296113805021, 0.042450402546345356, -0.09323244948822904, -0.07551588256566039, 0.07069240025668201, -0.08809752702167775, -0.22819451296433202, -0.07849224196717632, -0.16260417262151164], [0.015131372113681048, 0.14974552104729086, -0.06637832681515494, -0.004618859914826533, -0.12729094362934842, -0.003744033633620691, -0.046910785011266644, -0.035899848910872875, 0.23213484914127105], [0.13064595906665916, -0.20007614247768257, 0.2685380654598601, -0.06499918505673767, -0.031083726080828038, -0.00961995364699457, 0.02403954075001727, -0.11439552167985007, 0.030960627785716593]], "net.4.bias": [-0.059821697658715735, 0.044421431807467535, 0.08865693150065086]}