{"net.0.weight": [[0.003936501729103361, -0.13867750369001627, -0.12247641046162439], [0.05061231295263409, -0.15427869203567612, -0.19715809766144388], [0.11426161581371323, 0.02961226409480494, -0.08418388215144616], [0.19547293788607234, -0.10648012522327908, -0.24381549433427843], [-0.09811817172088182, -0.015339208502688046, -0.03496671552089306], [0.00876095325355888, 0.1620010834657679, 0.2057218654469202], [0.059516101198705484, 0.16417598810677547, -0.044833000301015], [-0.13732226085503335, -0.10250725206707778, 0.24072727726252507], [0.10470923537747504, 0.1433318612958009, 0.10351862875737747]], "net.0.bias": [-0.029129395362433662, 0.003306102453443631, 0.058966685654407894, -0.04217381273335301, 0.0, 0.06169622683804221, 0.012944749843574235, 0.007231857399728437, 0.045004460866708965], "net.2.weight": [[0.14054484577174645, -0.011347084319465276, 0.07036630721700382, -0.031054036911157615, -0.2851369408518531, -0.08935848181049598, -0.06046374760347603, 0.016327704961494015, -0.1364473354110776], [-0.011315847422056158, -0.02209008216903561, -0.017461576110851574, -0.1881613183663262, -0.050587133777988395, -0.10726040646750011, -0.013852249605494133, 0.07275358704203067, 0.05004311792003037], [0.2706924644674903, -0.16878665802765377, 0.005007686825255609, -0.40159556458028456, 0.029157350591970266, 0.034987656273989524, 0.1688393912972656, 0.05405879298331126, 0.09375244477307729], [0.08370995283305217, 0.02487386384524234, 0.12472835874726278, -0.036374487141825194, 0.011433065842792522, 0.15154924370229012, 0.07799642672300308, -0.02161235448875194, 0.14222925479083098], [-0.02209785647564879, -0.16084526506315835, 0.045234763587215225, 0.007084184779697059, 0.11418569379901236, -0.05638111365856956, -0.08522861766322469, -0.1285252092254875, 0.10829297189428387], [0.1006001145848587, -0.31999843631160135, 0.005093916906957945, -0.030703838491981755, -0.010745396495472135, 0.07045760258945707, 0.18159724881868797, -0.1894007032805545, 0.158515632674756], [0.1340839263751685, -0.17205790292161316, 0.04348465585343875, -0.10532519519814061, 0.06910877183916414, 0.13356674065771731, 0.020372760952544266, -0.3530350246726793, 0.14679761724181728], [0.021537337486787787, 0.20726944151461232, -0.021240087618536203, 0.0026541854687903823, 0.08329774895665394, -0.11960329403071218, 0.10302019826177204, -0.03599473150901156, -0.031745551063149406], [0.019334058280854216, -0.12846540854807917, 0.13096912201124417, -0.08694565893960784, 0.010438644957549583, 0.008736141762041585, 0.0818202982756246, -0.0664294416152664, 0.014358270293928655]], "net.2.bias": [0.0, -0.012400459892733908, -0.0025926789680792398, 0.08681331374444214, 0.02173645824750623, 0.06934368380565487, 0.08067554795766377, -0.06402573695555412, 0.02924171148963622], "net.4.weight": [[-0.09372549308407707, -0.0744501318129863, 0.22067924120221555, -0.151620442933851, 0.00796719250863086, -0.058520379656379976, -0.10176780028311895, 0.21781497640086675, -0.1703491716128566], [0.025684790846504074, -0.11822990578690715, -0.17446046800950132, 0.02718181989221649, 0.10392145258070704, 0.04827542319687174, -0.052279595614343005, -0.026311082070128, -0.06712448530106789], [0.0623510775407494, -0.024748195669982632, 0.02843745557903937, 0.023459982473754023, 0.11155765169131174, 0.1253657381926768, 0.1880964837823889, -0.010611988445040563, -0.02118654245323485]], "net.4.bias": [-0.09636946911254553, 0.00483009179742043, 0.04644099872549646]}