{"net.0.weight": [[-0.10120553629171535, 0.16156067664415985, 0.24129715424171178], [0.04670746149770991, -0.17130923097137643, -0.14089065464631703], [-0.006135082127200175, -0.2224540490701822, -0.07760158246012541], [0.06018372828571209, -0.08730713387975089, -0.03954956850574976], [-0.07188150076476263, 0.10999952496199134, 0.14134316098837774], [-0.056258385482898854, 0.03597816420844827, -0.1632067140722976], [-0.16676892423824385, -0.10074550053481554, 0.2357453056495772], [0.08597019102456308, 0.13197295385714888, 0.19998915429264813], [-0.04374080754603745, 0.03237771054049554, -0.019478357387845705]], "net.0.bias": [0.004771052850419634, -0.018303730236867925, -0.015097235011858185, -0.07751253346253355, 0.01923249740310299, 0.0, 0.05780267709848996, 0.04720676307154093, 0.0], "net.2.weight": [[0.09779367124119145, -0.1798322924656959, 0.14317750304168392, 0.007642893342330269, 0.17434167348140694, 0.1090581974280797, -0.2388043583326443, 0.07689884179648483, 0.028045067291018896], [-0.15378778228759826, 0.16684212898758624, -0.11543214772918642, 0.20241851861260218, -0.08175045750594381, 0.04415551827312142, 0.06423712434705219, -0.06706125999322397, 0.008383599097346517], [0.04383953519140865, -0.14159366477902238, -0.12508862086453795, 0.07798699591566974, -0.06603904374794255, 0.017957285029569843, -0.3753438724364517, 0.14799174730986517, 0.08101045507644795], [-0.09378756811455238, -0.11125031705112523, -0.15560170284422234, -0.11923518858936764, 0.06329376547380332, -0.049566957853646954, -0.007018445175889745, -0.02118686829941583, 0.17652777006443887], [0.18043589824459147, 0.11856326694236027, 0.1283993006438047, 0.08551599283875197, 0.29420244550278324, 0.19570712414323976, -0.07332699299470606, 0.03887442871482853, -0.08044355067673145], [-0.0428477299166511, -0.16062273675186223, 0.04219740233898276, -0.1735606944782436, 0.06884430513356368, -0.03319896534795351, -0.06967271767013845, -0.01414801265031093, -0.15326076767960659], [0.029255159527971343, -0.20815201195319144, 0.1343160022554423, -0.020425636103048265, -0.16917362039389636, -0.08107451256701785, -0.26044945324891455, 0.2260984559429147, -0.08691037016239628], [-0.09973813695348976, 0.18978786486368987, 0.010174117146681585, -0.04930962285220798, -0.09497280115448718, 0.01705058543609509, 0.17833535369064155, -0.19005142037452183, 0.13664690131409546], [-0.09770081970084821, -0.16063430495525652, 0.1869055068648921, 0.037968345195547225, -0.22185496798680265, -0.05701695560493247, 0.1190720378863084, 0.20266037587994098, -0.08378644038194716]], "net.2.bias": [0.09427685884917845, 0.009252066670312207, 0.12441469438135826, 0.0, -0.08007469366662075, 0.0, 0.06529963924586997, 0.0, 0.08487852750758375], "net.4.weight": [[0.08832050179519693, 0.10091724178451292, -0.09070293170791742, -0.07551588256566039, 0.08349062184766798, -0.08809752702167775, -0.2244315318230315, -0.07849224196717632, -0.1941064608432152], [-0.023619153561278403, 0.1461590766210305, -0.08087951348496543, -0.004618859914826533, -0.13162468218045817, -0.003744033633620691, -0.06376061525203709, -0.035899848910872875, 0.24342787605612606], [0.13831447594264462, -0.21035562924639595, 0.2864249068010446, -0.06499918505673767, -0.025519502603497526, -0.00961995364699457, 0.04613597225941098, -0.11439552167985007, 0.036841913556557686]], "net.4.bias": [-0.07960009345301583, 0.0583497867652504, 0.10455134684348458]}