{"net.0.weight": [[0.003936501729103361, -0.13867750369001627, -0.12247641046162439], [0.050379157394916885, -0.15701521771739999, -0.200704101855463], [0.11356634879757804, 0.0298297275666391, -0.08524887977444892], [0.19540716610308875, -0.10762541295920772, -0.24176598675475758], [-0.09811817172088182, -0.015339208502688046, -0.03496671552089306], [0.008439429508413494, 0.16245703155597316, 0.20392691909643834], [0.05875457278089156, 0.1659669445837028, -0.04592220016201012], [-0.139026464632127, -0.1031732753365734, 0.2413534820735626], [0.10466592012492532, 0.14431174417649006, 0.10242433778153015]], "net.0.bias": [-0.029129395362433662, 0.0026941643874728253, 0.05833232562670155, -0.041966728577618705, 0.0, 0.06117920767850024, 0.012334400340625683, 0.006540628432809593, 0.044901180866805744], "net.2.weight": [[0.14054484577174645, -0.011347084319465276, 0.07036630721700382, -0.031054036911157615, -0.2851369408518531, -0.08935848181049598, -0.06046374760347603, 0.016327704961494015, -0.1364473354110776], [-0.011315847422056158, -0.02209008216903561, -0.017461576110851574, -0.1881613183663262, -0.050587133777988395, -0.10726040646750011, -0.013852249605494133, 0.07275358704203067, 0.05004311792003037], [0.2706924644674903, -0.16878665802765377, 0.005678708711146974, -0.4117516992938297, 0.029157350591970266, 0.03540836128621127, 0.17157452916998825, 0.049026010730992865, 0.09401705947178668], [0.08370995283305217, 0.022221468955923734, 0.12428981964734138, -0.03636584011180996, 0.011433065842792522, 0.1509156117891999, 0.07740322042992735, -0.024411103927492916, 0.14199611564275547], [-0.02209785647564879, -0.16221461799440265, 0.044818470165394995, 0.007249018181745547, 0.11418569379901236, -0.05656846977765694, -0.08565135338343462, -0.132149144651718, 0.10825212815728917], [0.1006001145848587, -0.3205297182762563, 0.00510816028297334, -0.029883530017324304, -0.010745396495472135, 0.07001321105318781, 0.18136339821267228, -0.19030861857315148, 0.15862650438711276], [0.1340839263751685, -0.17298144319721043, 0.043528571593793704, -0.10437190079620917, 0.06910877183916414, 0.13182357243958728, 0.020111360590803755, -0.3590899373626517, 0.14626467838708382], [0.021537337486787787, 0.20717697285872813, -0.02171755139260431, 0.0018392655089978093, 0.08329774895665394, -0.1219289093035955, 0.10242483083785359, -0.03599473150901156, -0.032849998692122226], [0.019334058280854216, -0.12772048655400825, 0.13151059682819224, -0.0864805638537231, 0.010438644957549583, 0.00936066378202523, 0.08214110553184918, -0.06765918941540551, 0.015157224972438215]], "net.2.bias": [0.0, -0.012400459892733908, -0.003050340309955131, 0.08712431126154481, 0.022190271870779266, 0.0699975853900005, 0.08066113027798501, -0.06549447037037356, 0.030237733884742313], "net.4.weight": [[-0.09372549308407707, -0.0744501318129863, 0.2231868152810679, -0.15153460665116542, 0.008114905411294311, -0.05902382017675109, -0.10241726551264407, 0.21596497878268567, -0.170958610508248], [0.025684790846504074, -0.11822990578690715, -0.17674046507126884, 0.02739588365906772, 0.10230369570711834, 0.0480524392205142, -0.05250558106988251, -0.022558035207118656, -0.06643944327929736], [0.0623510775407494, -0.024748195669982632, 0.026850994082637292, 0.023202850345692427, 0.10994678326731526, 0.12488635074285505, 0.18653835492758045, -0.006901110372013248, -0.02297395596693093]], "net.4.bias": [-0.09755375325716896, 0.006252480670351627, 0.04761195219552691]}