{"net.0.weight": [[-0.10244342524164532, 0.16476457010829584, 0.24068447109245308], [0.047393756262539236, -0.17267111063762772, -0.14106562170271397], [-0.006135082127200175, -0.2224540490701822, -0.07760158246012541], [0.057330409524717185, -0.08632587871649795, -0.03928493320535129], [-0.07308083000675762, 0.11290564665780226, 0.14136181206377288], [-0.056258385482898854, 0.03597816420844827, -0.1632067140722976], [-0.1673078673616398, -0.10245901944459154, 0.23639388599637773], [0.08555762530469457, 0.13243720455240263, 0.1999674524920267], [-0.04374080754603745, 0.03237771054049554, -0.019478357387845705]], "net.0.bias": [0.004191435386351726, -0.017835453285063984, -0.015097235011858185, -0.07860809850458395, 0.018822306111972064, 0.0, 0.05755338223428777, 0.04700920064135625, 0.0], "net.2.weight": [[0.09730789645553413, -0.18035776637927303, 0.14317750304168392, 0.005543679464954343, 0.17396791922340918, 0.1090581974280797, -0.24302248089303452, 0.07672834804419966, 0.028045067291018896], [-0.15378778228759826, 0.16551847410936615, -0.11543214772918642, 0.20412803600373314, -0.08175045750594381, 0.04415551827312142, 0.06423712434705219, -0.06422594851341744, 0.008383599097346517], [0.04370948496772278, -0.14157687237515756, -0.12508862086453795, 0.07717866967276897, -0.06592106193446329, 0.017957285029569843, -0.37589681069151537, 0.14844273826120427, 0.08101045507644795], [-0.09378756811455238, -0.11125031705112523, -0.15560170284422234, -0.11923518858936764, 0.06329376547380332, -0.049566957853646954, -0.007018445175889745, -0.02118686829941583, 0.17652777006443887], [0.1811436897863406, 0.11808433316774326, 0.1283993006438047, 0.08443486998754754, 0.2948850761447654, 0.19570712414323976, -0.07853339614866194, 0.03799120966751676, -0.08044355067673145], [-0.0428477299166511, -0.16062273675186223, 0.04219740233898276, -0.1735606944782436, 0.06884430513356368, -0.03319896534795351, -0.06967271767013845, -0.01414801265031093, -0.15326076767960659], [0.027134872192175974, -0.20909027394655702, 0.1343160022554423, -0.02057053210021709, -0.1710869750264307, -0.08107451256701785, -0.25859952417376936, 0.22551818520188752, -0.08691037016239628], [-0.09973813695348976, 0.18978786486368987, 0.010174117146681585, -0.04930962285220798, -0.09497280115448718, 0.01705058543609509, 0.17833535369064155, -0.19005142037452183, 0.13664690131409546], [-0.09960727709920565, -0.16107100362869772, 0.1869055068648921, 0.03819453336067204, -0.22373807362654963, -0.05701695560493247, 0.12328747071649826, 0.20241335616466505, -0.08378644038194716]], "net.2.bias": [0.09435818094100416, 0.011396391689118879, 0.12518263361925203, 0.0, -0.08140674567406776, 0.0, 0.06516996126116356, 0.0, 0.08510630818335935], "net.4.weight": [[0.08956897243521154, 0.10026616169606535, -0.09021810686223417, -0.07551588256566039, 0.08361583169173588, -0.08809752702167775, -0.22379514144794055, -0.07849224196717632, -0.19456445536550004], [-0.025116449458481054, 0.14554995086748296, -0.08149739037098745, -0.004618859914826533, -0.13182505558244975, -0.003744033633620691, -0.06431652462130309, -0.035899848910872875, 0.24354168176384838], [0.1379966809725233, -0.20946252868686044, 0.2865876762106147, -0.06499918505673767, -0.025113055937646896, -0.00961995364699457, 0.04665191573069306, -0.11439552167985007, 0.03717461746627712]], "net.4.bias": [-0.08026759709656878, 0.05879493600964061, 0.10549723728525183]}