{"net.0.weight": [[0.003936501729103361, -0.13867750369001627, -0.12247641046162439], [0.05105810860565328, -0.15881503226142804, -0.2034240571948182], [0.11298946110896016, 0.030278750590851725, -0.08548188872459174], [0.19498588952252832, -0.10999380551275315, -0.24217804455231587], [-0.09811817172088182, -0.015339208502688046, -0.03496671552089306], [0.008382652204732255, 0.16342352642729777, 0.20343485202231518], [0.05820517336428548, 0.1684720544986048, -0.04490881639090675], [-0.14200710808249026, -0.10464127400492522, 0.24073862166089166], [0.10492090429739219, 0.14600227054733916, 0.10275900511871405]], "net.0.bias": [-0.029129395362433662, 0.0029793046098940718, 0.058014564976984435, -0.04255965631403736, 0.0, 0.06120461551665831, 0.01236903961206129, 0.004583191462463633, 0.04537409601214951], "net.2.weight": [[0.14054484577174645, -0.011347084319465276, 0.07036630721700382, -0.031054036911157615, -0.2851369408518531, -0.08935848181049598, -0.06046374760347603, 0.016327704961494015, -0.1364473354110776], [-0.011315847422056158, -0.02209008216903561, -0.017461576110851574, -0.1881613183663262, -0.050587133777988395, -0.10726040646750011, -0.013852249605494133, 0.07275358704203067, 0.05004311792003037], [0.2706924644674903, -0.16878665802765377, 0.006906092206465764, -0.4209772595569433, 0.029157350591970266, 0.03579067704190674, 0.17503330904323955, 0.0430208040687237, 0.09437653420442335], [0.08370995283305217, 0.01930116977891255, 0.12393309514708323, -0.03642261252140115, 0.011433065842792522, 0.15079402227743569, 0.07695877998204342, -0.026258786689475566, 0.1420575776856151], [-0.02209785647564879, -0.16437247100851926, 0.04456710815920137, 0.007367973672071714, 0.11418569379901236, -0.05581113260878074, -0.08574947543726952, -0.13584612804961585, 0.10870476546440411], [0.1006001145848587, -0.32203950388668456, 0.005169736186693686, -0.029337261549366903, -0.010745396495472135, 0.07066197987898812, 0.18136964469014882, -0.1898511825975866, 0.1592843391579648], [0.1340839263751685, -0.17549664804132944, 0.04345931228041631, -0.10409790583683079, 0.06910877183916414, 0.1313687463575401, 0.020030979682714747, -0.36385553063276255, 0.14632198752299616], [0.021537337486787787, 0.2062260615575973, -0.023007212806828888, 0.0002061506156335436, 0.08329774895665394, -0.12513028934761566, 0.10098499418374467, -0.03599473150901156, -0.03479404296656434], [0.019334058280854216, -0.12511838497320205, 0.1315164927891975, -0.08672072376578259, 0.010438644957549583, 0.009471705506735827, 0.08177026919740006, -0.06849288622345105, 0.015357224347437423]], "net.2.bias": [0.0, -0.012400459892733908, -0.0035003251196835017, 0.08777764937932793, 0.02318235526323524, 0.07124187333106188, 0.08126519651622338, -0.0678418661477364, 0.030670176143491653], "net.4.weight": [[-0.09372549308407707, -0.0744501318129863, 0.22522119183722786, -0.15163017125147182, 0.008453722727323823, -0.05959314414098742, -0.10320863936966569, 0.2123775856652766, -0.17225464885132916], [0.025684790846504074, -0.11822990578690715, -0.17918132054779118, 0.0280829044952506, 0.10107876812913072, 0.048300404105637865, -0.05258563675232716, -0.01811451654563142, -0.06509729990233024], [0.0623510775407494, -0.024748195669982632, 0.027022306031041537, 0.023642461125743287, 0.1085251545630722, 0.1253570007147841, 0.18672726952571855, -0.0034423932362002557, -0.022762806493375587]], "net.4.bias": [-0.0989597716599337, 0.008351306646839888, 0.04946093565887292]}