{"net.0.weight": [[-0.10474847463304374, 0.16647049588249518, 0.23940110430096287], [0.047485329864796096, -0.1749692111989232, -0.14281845569924825], [-0.006135082127200175, -0.2224540490701822, -0.07760158246012541], [0.053851789073138014, -0.08781109474555271, -0.04095366523404706], [-0.07520106186315033, 0.11476158052946862, 0.1407541427570983], [-0.056258385482898854, 0.03597816420844827, -0.1632067140722976], [-0.16772025693649573, -0.10136437625765396, 0.23648481894612247], [0.08547974750200531, 0.13304625743751436, 0.20040564929808907], [-0.04374080754603745, 0.03237771054049554, -0.019478357387845705]], "net.0.bias": [0.002577187105617321, -0.01805308863047722, -0.015097235011858185, -0.08138057962023908, 0.01751797569130315, 0.0, 0.05725888969633692, 0.047179680073566516, 0.0], "net.2.weight": [[0.097060359899968, -0.18100162967584388, 0.14317750304168392, 0.0035520602259451594, 0.17416594012330724, 0.1090581974280797, -0.24368006738500972, 0.07623516952203124, 0.028045067291018896], [-0.15378778228759826, 0.1649786781942733, -0.11543214772918642, 0.20590120415551208, -0.08175045750594381, 0.04415551827312142, 0.06423712434705219, -0.06171295805199659, 0.008383599097346517], [0.04338690638961946, -0.14155691121965078, -0.12508862086453795, 0.07653833537739406, -0.06583588341462071, 0.017957285029569843, -0.3749902759964516, 0.14880934426931386, 0.08101045507644795], [-0.09378756811455238, -0.11125031705112523, -0.15560170284422234, -0.11923518858936764, 0.06329376547380332, -0.049566957853646954, -0.007018445175889745, -0.02118686829941583, 0.17652777006443887], [0.18141378622550627, 0.11664100171385385, 0.1283993006438047, 0.08282955144631231, 0.29498543218981177, 0.19570712414323976, -0.082990712088825, 0.03642432930531646, -0.08044355067673145], [-0.0428477299166511, -0.16062273675186223, 0.04219740233898276, -0.1735606944782436, 0.06884430513356368, -0.03319896534795351, -0.06967271767013845, -0.01414801265031093, -0.15326076767960659], [0.02613270809997338, -0.21266750608099835, 0.1343160022554423, -0.02176683500491114, -0.1720010324902317, -0.08107451256701785, -0.2562362403184817, 0.22530628944057396, -0.08691037016239628], [-0.09973813695348976, 0.18978786486368987, 0.010174117146681585, -0.04930962285220798, -0.09497280115448718, 0.01705058543609509, 0.17833535369064155, -0.19005142037452183, 0.13664690131409546], [-0.10108423975790931, -0.1607160001130804, 0.1869055068648921, 0.038844427409694446, -0.22506825078801723, -0.05701695560493247, 0.12656370118013324, 0.20283546407071334, -0.08378644038194716]], "net.2.bias": [0.09413719676448885, 0.013325548047991121, 0.12594176433426293, 0.0, -0.08356429786162761, 0.0, 0.06524031438210928, 0.0, 0.08613321748273639], "net.4.weight": [[0.08987310350830759, 0.10191930312978371, -0.0904858071049858, -0.07551588256566039, 0.08331800281439287, -0.08809752702167775, -0.22413519418345193, -0.07849224196717632, -0.19549597214185108], [-0.026367852878794423, 0.14639012292976603, -0.08135733508898058, -0.004618859914826533, -0.1311867084562783, -0.003744033633620691, -0.06416228575676236, -0.035899848910872875, 0.24425944020175488], [0.1376168627235957, -0.20836360393396203, 0.2865890536081015, -0.06499918505673767, -0.024134284771306188, -0.00961995364699457, 0.04705222363433062, -0.11439552167985007, 0.03760582748489876]], "net.4.bias": [-0.08143516326196025, 0.06023723284370752, 0.10673091994255161]}