{"net.0.weight": [[0.003936501729103361, -0.13867750369001627, -0.12247641046162439], [0.05141384325074687, -0.16079637961082072, -0.20628181472606186], [0.11217973603683135, 0.03043101499547549, -0.08631786513820201], [0.19504636047363377, -0.11119455573638269, -0.24027205694384932], [-0.09811817172088182, -0.015339208502688046, -0.03496671552089306], [0.00802009363937239, 0.16381119472597655, 0.20211836056674987], [0.057500605935010586, 0.17018387959140663, -0.045529419647945525], [-0.14419531919318831, -0.10544772638612658, 0.24086260211316088], [0.10493308838601505, 0.14703367911484483, 0.10222210281182131]], "net.0.bias": [-0.029129395362433662, 0.0029613757563917544, 0.05736716651098696, -0.04226582901216197, 0.0, 0.06078443316712989, 0.011912135157507052, 0.003397723232973394, 0.04544975484999021], "net.2.weight": [[0.14054484577174645, -0.011347084319465276, 0.07036630721700382, -0.031054036911157615, -0.2851369408518531, -0.08935848181049598, -0.06046374760347603, 0.016327704961494015, -0.1364473354110776], [-0.011315847422056158, -0.02209008216903561, -0.017461576110851574, -0.1881613183663262, -0.050587133777988395, -0.10726040646750011, -0.013852249605494133, 0.07275358704203067, 0.05004311792003037], [0.2706924644674903, -0.16878665802765377, 0.007356387206255118, -0.43030428780877955, 0.029157350591970266, 0.03604659557857465, 0.1778800500907206, 0.03787959330553891, 0.09450409942355244], [0.08370995283305217, 0.016325769699034796, 0.12342388287279839, -0.03665164970002255, 0.011433065842792522, 0.1503126649157587, 0.07635237672214226, -0.028981158617966504, 0.14184651253981242], [-0.02209785647564879, -0.16591761431568483, 0.04417309242711288, 0.007411796438469604, 0.11418569379901236, -0.055612491505223245, -0.08608436324800411, -0.13918597986888565, 0.10882756803561346], [0.1006001145848587, -0.32301874915103446, 0.0051551732878972086, -0.028754978853577574, -0.010745396495472135, 0.07064498925476341, 0.1811978167059612, -0.19020315700242513, 0.15956628880559132], [0.1340839263751685, -0.17712455399016286, 0.04353260014101418, -0.1033727145564714, 0.06910877183916414, 0.13021083130468594, 0.019932794360391907, -0.36920562441009114, 0.14608012641760335], [0.021537337486787787, 0.20677090998859665, -0.022712933362978666, 0.0001913051052621824, 0.08329774895665394, -0.12636970497710837, 0.10117218332505969, -0.03599473150901156, -0.03502939385312718], [0.019334058280854216, -0.1268146481477423, 0.13109146730972582, -0.08789497483540705, 0.010438644957549583, 0.009532262800385043, 0.08141567785875223, -0.07176664889232023, 0.01539490133700474]], "net.2.bias": [0.0, -0.012400459892733908, -0.004147730960864211, 0.08811656854109794, 0.023824987548630654, 0.07208144898644253, 0.08154452388974483, -0.06842528889235817, 0.03082402632985046], "net.4.weight": [[-0.09372549308407707, -0.0744501318129863, 0.22772118642485142, -0.15154769736533166, 0.00849314381147601, -0.0601538429302898, -0.10410029273088006, 0.21131103109443, -0.1735827141146361], [0.025684790846504074, -0.11822990578690715, -0.18101173373915924, 0.02842576403956665, 0.09935300664971651, 0.04815155177569248, -0.05286963046938428, -0.013920219728349364, -0.06364681399242163], [0.0623510775407494, -0.024748195669982632, 0.02597997442768842, 0.023678475846499347, 0.10704042930445094, 0.12529444507577203, 0.18594377076641702, -0.00040222611635545727, -0.023084625281096418]], "net.4.bias": [-0.1000870442370695, 0.009988276758376283, 0.05088011347887235]}