{"net.0.weight": [[-0.10507354066865524, 0.17012155985806227, 0.23965267524432438], [0.04666378238089363, -0.1779086660454333, -0.14414688518622834], [-0.006135082127200175, -0.2224540490701822, -0.07760158246012541], [0.051137692847273694, -0.08503178887040369, -0.04002645369870739], [-0.07643447005494508, 0.11708712486025755, 0.1408369685014715], [-0.056258385482898854, 0.03597816420844827, -0.1632067140722976], [-0.16901735383109612, -0.10464539525197333, 0.23601251985318925], [0.08660425708292252, 0.13526613498967754, 0.20130752209244043], [-0.04374080754603745, 0.03237771054049554, -0.019478357387845705]], "net.0.bias": [0.0028984142849773093, -0.019071136170490492, -0.015097235011858185, -0.08236526063402792, 0.017099267446213724, 0.0, 0.05598335552916748, 0.04842166753970334, 0.0], "net.2.weight": [[0.09717151701362424, -0.1826250428156879, 0.14317750304168392, 0.0016799012452666938, 0.174333262038691, 0.1090581974280797, -0.24557685806843374, 0.07705483637904376, 0.028045067291018896], [-0.15378778228759826, 0.16161234187502102, -0.11543214772918642, 0.205720299272478, -0.08175045750594381, 0.04415551827312142, 0.06423712434705219, -0.06044034555250724, 0.008383599097346517], [0.043618502983941355, -0.13966130830393708, -0.12508862086453795, 0.07751366932882485, -0.0654666339030384, 0.017957285029569843, -0.37486390289310934, 0.15083854710640016, 0.08101045507644795], [-0.09378756811455238, -0.11125031705112523, -0.15560170284422234, -0.11923518858936764, 0.06329376547380332, -0.049566957853646954, -0.007018445175889745, -0.02118686829941583, 0.17652777006443887], [0.18226976527739033, 0.1146702068741744, 0.1283993006438047, 0.08038626451448859, 0.29595421529312055, 0.19570712414323976, -0.08520603566146524, 0.034745205154522965, -0.08044355067673145], [-0.0428477299166511, -0.16062273675186223, 0.04219740233898276, -0.1735606944782436, 0.06884430513356368, -0.03319896534795351, -0.06967271767013845, -0.01414801265031093, -0.15326076767960659], [0.024967636618397963, -0.21085415916168257, 0.1343160022554423, -0.019814246494969753, -0.17295476895496428, -0.08107451256701785, -0.2542004084078744, 0.22636190720452906, -0.08691037016239628], [-0.09973813695348976, 0.18978786486368987, 0.010174117146681585, -0.04930962285220798, -0.09497280115448718, 0.01705058543609509, 0.17833535369064155, -0.19005142037452183, 0.13664690131409546], [-0.10316763408434586, -0.15954829745389446, 0.1869055068648921, 0.04051556446148799, -0.22724117348355197, -0.05701695560493247, 0.12770746640881936, 0.20337770728961294, -0.08378644038194716]], "net.2.bias": [0.09514482201866983, 0.013839442796920672, 0.12838863587353475, 0.0, -0.08578779224435512, 0.0, 0.06684279815667295, 0.0, 0.08725814304679534], "net.4.weight": [[0.09009688052877553, 0.09856472099569445, -0.09144088292003517, -0.07551588256566039, 0.08268122882596074, -0.08809752702167775, -0.22469854034800277, -0.07849224196717632, -0.19697624448647424], [-0.027445648449575474, 0.14690147396571976, -0.0809975923131845, -0.004618859914826533, -0.1313032387082389, -0.003744033633620691, -0.06409585902718978, -0.035899848910872875, 0.24479673639247085], [0.13831993197962278, -0.20539432916647515, 0.28826824344115787, -0.06499918505673767, -0.022657002960473974, -0.00961995364699457, 0.04915982005963951, -0.11439552167985007, 0.03971770556248253]], "net.4.bias": [-0.08317854221177125, 0.06113922194337739, 0.10928889504638319]}