{"net.0.weight": [[0.003936501729103361, -0.13867750369001627, -0.12247641046162439], [0.05106755397420968, -0.16385518402239999, -0.21039423547131908], [0.11245249873333563, 0.031812963518476886, -0.08611730621716926], [0.19326955274285543, -0.11480306562543582, -0.24071033142063833], [-0.09811817172088182, -0.015339208502688046, -0.03496671552089306], [0.008842871124233171, 0.16553881150972108, 0.20229541513728774], [0.058363871448128116, 0.17396580021663283, -0.04383968643859861], [-0.14801557542808355, -0.1080726578010829, 0.2391873797446916], [0.10598139743907084, 0.14932469943686574, 0.10300066228562667]], "net.0.bias": [-0.029129395362433662, 0.0021928443139221307, 0.057770743910949704, -0.044074131455564824, 0.0, 0.061610877602509204, 0.013200819422943618, 0.0005148319239188819, 0.04662443051831351], "net.2.weight": [[0.14054484577174645, -0.011347084319465276, 0.07036630721700382, -0.031054036911157615, -0.2851369408518531, -0.08935848181049598, -0.06046374760347603, 0.016327704961494015, -0.1364473354110776], [-0.011315847422056158, -0.02209008216903561, -0.017461576110851574, -0.1881613183663262, -0.050587133777988395, -0.10726040646750011, -0.013852249605494133, 0.07275358704203067, 0.05004311792003037], [0.2706924644674903, -0.16878665802765377, 0.007713538289225187, -0.4381193269357913, 0.029157350591970266, 0.03543225569402075, 0.18035095462718795, 0.031045716020663063, 0.09394443244942487], [0.08370995283305217, 0.013854103880419653, 0.1239188629766134, -0.035900499323311345, 0.011433065842792522, 0.15112565113016518, 0.0768056823589039, -0.029425740208375493, 0.14279219336756316], [-0.02209785647564879, -0.16763190716565898, 0.04452242007987696, 0.008127232880860345, 0.11418569379901236, -0.05458023656857743, -0.08563796928401553, -0.14184099669278394, 0.10971477516304837], [0.1006001145848587, -0.3239977950598366, 0.0060044106420875515, -0.027364949312384722, -0.010745396495472135, 0.07180788564321253, 0.18193546002455022, -0.18872136452248137, 0.16085493015601646], [0.1340839263751685, -0.17817789075762883, 0.04479421386639543, -0.10145004762524268, 0.06910877183916414, 0.13055015883549567, 0.021058834642655844, -0.37244818323719675, 0.14719003285411106], [0.021537337486787787, 0.20701813090320323, -0.022753169467522146, -0.00015853107436731304, 0.08329774895665394, -0.12795513073592402, 0.10102853170741731, -0.03599473150901156, -0.03559874506155285], [0.019334058280854216, -0.1271849738745784, 0.13141040176100846, -0.08824760139855631, 0.010438644957549583, 0.010484227771774733, 0.08200809672427742, -0.07458361232190183, 0.01635286150101492]], "net.2.bias": [0.0, -0.012400459892733908, -0.005356721102282117, 0.08953849664788678, 0.025188733437926946, 0.07388799303823208, 0.08314134148121671, -0.06931275376233147, 0.03178575075872053], "net.4.weight": [[-0.09372549308407707, -0.0744501318129863, 0.22817978092942937, -0.15274559514241104, 0.007073896686658908, -0.06193325463402031, -0.10609173091834416, 0.20960464908916815, -0.1752373985401124], [0.025684790846504074, -0.11822990578690715, -0.18284995172359692, 0.029289491418187954, 0.0987333609839406, 0.04863865162007936, -0.05271082940457283, -0.011004648387308837, -0.06156561328362909], [0.0623510775407494, -0.024748195669982632, 0.02601233254747472, 0.024805501880689192, 0.10686643226191171, 0.12643990134899244, 0.18643066711268722, 0.001295093628149074, -0.022174930032839935]], "net.4.bias": [-0.10236813657770676, 0.011999121786983966, 0.05329562785156141]}