{"net.0.weight": [[-0.10545433914948427, 0.173159530352049, 0.23961409840090803], [0.04726721731524916, -0.17953533086875811, -0.14508491062036283], [-0.006135082127200175, -0.2224540490701822, -0.07760158246012541], [0.04873988143771433, -0.08426229833083311, -0.03916895011265264], [-0.07751937066645963, 0.11969734777285962, 0.14086621945403577], [-0.056258385482898854, 0.03597816420844827, -0.1632067140722976], [-0.16969870579688512, -0.10376476272464295, 0.23580251682695652], [0.08601021143882527, 0.1353698049577464, 0.2012492290450252], [-0.04374080754603745, 0.03237771054049554, -0.019478357387845705]], "net.0.bias": [0.0028848136205176225, -0.018744171668870976, -0.015097235011858185, -0.08336886094099573, 0.016648742889801633, 0.0, 0.05546734108919563, 0.04807120082292268, 0.0], "net.2.weight": [[0.09674414948240385, -0.18624042121166107, 0.14317750304168392, -0.0012670875166708579, 0.1741187552192679, 0.1090581974280797, -0.24740991296231746, 0.07654357036022369, 0.028045067291018896], [-0.15378778228759826, 0.16068830605513684, -0.11543214772918642, 0.20729074631323602, -0.08175045750594381, 0.04415551827312142, 0.06423712434705219, -0.05789313422015195, 0.008383599097346517], [0.04353358430685707, -0.13949352301326645, -0.12508862086453795, 0.07687184402304331, -0.06513132845844878, 0.017957285029569843, -0.37388819001185053, 0.1513538707958899, 0.08101045507644795], [-0.09378756811455238, -0.11125031705112523, -0.15560170284422234, -0.11923518858936764, 0.06329376547380332, -0.049566957853646954, -0.007018445175889745, -0.02118686829941583, 0.17652777006443887], [0.18315494035817978, 0.11315284618173645, 0.1283993006438047, 0.07960756579637406, 0.2965554690429153, 0.19570712414323976, -0.08720472286624334, 0.0341629773363204, -0.08044355067673145], [-0.0428477299166511, -0.16062273675186223, 0.04219740233898276, -0.1735606944782436, 0.06884430513356368, -0.03319896534795351, -0.06967271767013845, -0.01414801265031093, -0.15326076767960659], [0.02365079131292736, -0.21364419881915547, 0.1343160022554423, -0.021736982493491385, -0.17393197977581204, -0.08107451256701785, -0.25243017440475884, 0.22552054111001837, -0.08691037016239628], [-0.09973813695348976, 0.18978786486368987, 0.010174117146681585, -0.04930962285220798, -0.09497280115448718, 0.01705058543609509, 0.17833535369064155, -0.19005142037452183, 0.13664690131409546], [-0.10518747579153614, -0.15914911331741807, 0.1869055068648921, 0.04022628469537765, -0.22896789353539507, -0.05701695560493247, 0.12868550436004442, 0.20273887005631505, -0.08378644038194716]], "net.2.bias": [0.09472404466988249, 0.015741445157957473, 0.12927971967638166, 0.0, -0.08703340582228697, 0.0, 0.06634799493511336, 0.0, 0.08728840473867078], "net.4.weight": [[0.09133583285437054, 0.09950095596097788, -0.09043486093493269, -0.07551588256566039, 0.08285266406757998, -0.08809752702167775, -0.22383029998406537, -0.07849224196717632, -0.19656165608626244], [-0.02960994710755606, 0.14760216440222673, -0.08185585749431656, -0.004618859914826533, -0.13132789409057344, -0.003744033633620691, -0.06513673994361441, -0.035899848910872875, 0.2440991715082669], [0.1380170950240364, -0.20394487948101286, 0.2884103735278639, -0.06499918505673767, -0.021851262426933197, -0.00961995364699457, 0.04957775394101549, -0.11439552167985007, 0.04009879871794394]], "net.4.bias": [-0.08335247273218949, 0.061523435670798786, 0.11047048726141069]}