{"net.0.weight": [[0.003942549084512622, -0.13867496730351048, -0.12247640974196723], [0.057876793790398486, -0.09923562204572582, -0.1266932550787822], [0.12692794621828124, 0.026087524909538917, -0.07402627296190811], [0.1828766483952513, -0.10173307799332751, -0.26783995165519214], [-0.09811817172088182, -0.015339208502688046, -0.03496671552089306], [0.010284246727317509, 0.13382690585548668, 0.21722422907703834], [0.07191698522436414, 0.11486921446310512, -0.059279068274517045], [-0.09741527470756858, -0.07410864990466848, 0.2435508226090001], [0.10560066364026333, 0.11178669371552076, 0.10755792151075626]], "net.0.bias": [-0.029123304546489377, 0.01966819407094218, 0.06827220438767051, -0.0547213049128972, 0.0, 0.061630873653344805, 0.013673838109617226, 0.03279991738950993, 0.04249229588060029], "net.2.weight": [[0.14054484577174645, -0.011347084319465276, 0.07036630721700382, -0.031054036911157615, -0.2851369408518531, -0.08935848181049598, -0.06046374760347603, 0.016327704961494015, -0.1364473354110776], [-0.011315847422056158, -0.02209008216903561, -0.017461576110851574, -0.1881613183663262, -0.050587133777988395, -0.10726040646750011, -0.013852249605494133, 0.07275358704203067, 0.05004311792003037], [0.2706924644674903, -0.16822625966757287, -0.03622653131245768, -0.21027675532431409, 0.029157350591970266, 0.026990586881687765, 0.09429431958269595, 0.17660974631229848, 0.08028154929016257], [0.08370996391765673, 0.07992884548410678, 0.13371767261521836, -0.030596830000679302, 0.011433065842792522, 0.1474660324305476, 0.0892851465144274, -0.02982518015018843, 0.1413397981529917], [-0.022097853485259198, -0.13029371421372915, 0.0546023331054392, 0.013390676104076241, 0.11418569379901236, -0.05942656912499119, -0.07579976229700555, -0.08929903924386916, 0.10994506130713379], [0.10060011805719835, -0.2955939917784943, 0.011114453452264356, -0.02564754615591005, -0.010745396495472135, 0.06978174377087831, 0.18887629415185742, -0.1629582391022846, 0.15832489244171172], [0.1340839263751685, -0.18146082420484538, 0.035787780570393314, -0.10942826578905153, 0.06910877183916414, 0.14615406688992894, 0.01313747990873421, -0.23720032422670176, 0.14530213099282457], [0.021537336895296938, 0.18319126420595627, -0.017803472706508137, 0.0035016139695863042, 0.08329774895665394, -0.058967153620647215, 0.10998970232225691, -0.03599473150901156, -0.011613846027600485], [0.019334039947313638, -0.12760008034207126, 0.13333304089097092, -0.07424046649839419, 0.010438644957549583, 0.025370876561328453, 0.08398760354283068, -0.010289661123004674, 0.023849547332262876]], "net.2.bias": [0.0, -0.012400459892733908, -0.0054732570128151435, 0.07808914959260364, 0.015831099110296253, 0.06120538388173879, 0.07179231152573398, -0.03844148855758345, 0.03940416297168382], "net.4.weight": [[-0.09372549308407707, -0.0744501318129863, 0.2033615413689478, -0.14664408861918954, 0.012930025478534878, -0.04829338581088897, -0.09393405947434398, 0.18167460514554812, -0.15816158811632713], [0.025684790846504074, -0.11822990578690715, -0.13128016020956917, 0.02454859346730932, 0.10946029378426374, 0.05238440123349282, -0.03855922341315208, -0.010901192099783283, -0.07846989927534756], [0.0623510775407494, -0.024748195669982632, 0.016531075488327523, 0.02760113708362639, 0.14749244355130198, 0.12553178549290972, 0.18186022541978752, -0.037445431840555654, -0.035032507619565965]], "net.4.bias": [-0.0736658042183992, -0.018298182342549756, 0.0347079482700955]}