{"net.0.weight": [[0.003936501729103361, -0.13867750369001627, -0.12247641046162439], [0.05305329772611399, -0.17445218820066766, -0.22505358095535086], [0.10883529837502472, 0.033138615362556564, -0.08975320298005675], [0.19089205386226474, -0.12469554895489963, -0.23171308182607075], [-0.09811817172088182, -0.015339208502688046, -0.03496671552089306], [0.007523787663637513, 0.1681157086602861, 0.1969308179053295], [0.05527534300439822, 0.182079730081591, -0.04442165735541724], [-0.15856081047604054, -0.11170707767055552, 0.23914512478303238], [0.10635839915071048, 0.15539831171373802, 0.10174895191675805]], "net.0.bias": [-0.029129395362433662, 0.0022953133728476744, 0.054835604137557586, -0.04509400693370421, 0.0, 0.060047475387438244, 0.011536752877777305, -0.005298799928582509, 0.04747661613084852], "net.2.weight": [[0.14054484577174645, -0.011347084319465276, 0.07036630721700382, -0.031054036911157615, -0.2851369408518531, -0.08935848181049598, -0.06046374760347603, 0.016327704961494015, -0.1364473354110776], [-0.011315847422056158, -0.02209008216903561, -0.017461576110851574, -0.1881613183663262, -0.050587133777988395, -0.10726040646750011, -0.013852249605494133, 0.07275358704203067, 0.05004311792003037], [0.2706924644674903, -0.16878665802765377, 0.005259666452936102, -0.4706121670631703, 0.029157350591970266, 0.03685562328400183, 0.19170014327016782, 0.013890237912214796, 0.09426311155544016], [0.08370995283305217, 0.001970315881038911, 0.12166646951859786, -0.036279361203884884, 0.011433065842792522, 0.14872339975028376, 0.07401373141834904, -0.04392681922499613, 0.1420162441307964], [-0.02209785647564879, -0.1767977419816944, 0.042303725136562824, 0.007868077901032874, 0.11418569379901236, -0.052266276391492804, -0.08714480557387065, -0.16292957625403878, 0.11086573444689092], [0.1006001145848587, -0.32994324939814956, 0.005917242293345701, -0.024399095238812812, -0.010745396495472135, 0.07201925360488821, 0.18118659110003227, -0.1914598190894311, 0.16248775622844291], [0.1340839263751685, -0.18968382939803205, 0.04477909765196179, -0.09761405691390673, 0.06910877183916414, 0.1266199044714315, 0.0205051492771965, -0.39448849463947294, 0.14696306644533588], [0.021537337486787787, 0.20597064916938118, -0.02367091992564391, -0.0030132190921847556, 0.08329774895665394, -0.13448829961428513, 0.09977196603842714, -0.03599473150901156, -0.03893749519754084], [0.019334058280854216, -0.12045117848701724, 0.13052931819453967, -0.0876061647387474, 0.010438644957549583, 0.010913108464584815, 0.08024298281531966, -0.08294258413509382, 0.017467249890651466]], "net.2.bias": [0.0, -0.012400459892733908, -0.008392707588110119, 0.09131605216563275, 0.028800117228801783, 0.07817528846158817, 0.08546188008673039, -0.07427868008744501, 0.03381324354980431], "net.4.weight": [[-0.09372549308407707, -0.0744501318129863, 0.23602695928727427, -0.15258421977271697, 0.006984279350721, -0.06415850372699561, -0.10951301983506276, 0.1949818920614967, -0.17619377188027852], [0.025684790846504074, -0.11822990578690715, -0.19136417489487442, 0.02991490308706512, 0.09128665387727104, 0.04791314067432191, -0.053363965225111575, 0.009690318203506156, -0.05527273088415838], [0.0623510775407494, -0.024748195669982632, 0.01758541120693895, 0.02541983188323137, 0.10094882436867425, 0.12703355112830997, 0.18368677829089664, 0.012233760665022974, -0.02573975247197454]], "net.4.bias": [-0.10822787774323453, 0.01855687780175204, 0.06082914051364769]}