{"net.0.weight": [[-0.0506379029381482, 0.09637400354087655, 0.25048287878653186], [0.03702151134984062, -0.13194550286974807, -0.09757170940866555], [-0.006135082127200175, -0.2224540490701822, -0.07760158246012541], [0.13725440178526283, -0.06912844139763585, -0.017580878473966097], [-0.048696719466249525, 0.03821108926380494, 0.12610524413065016], [-0.056258385482898854, 0.03597816420844827, -0.1632067140722976], [-0.12440035792932802, -0.050219813605106745, 0.2277922180478076], [0.08994207445093484, 0.12319198475814856, 0.1989716645334062], [-0.04374080754603745, 0.03237771054049554, -0.019478357387845705]], "net.0.bias": [0.031116484897977657, -0.02029520054245935, -0.015097235011858185, -0.02041197530300683, 0.021164947273408688, 0.0, 0.0799617079820642, 0.047876267162125855, 0.0], "net.2.weight": [[0.09042569621673974, -0.17276339261251578, 0.14317750304168392, 0.031293173249228944, 0.15629481954405908, 0.1090581974280797, -0.0729615223386965, 0.08231620813844977, 0.028045067291018896], [-0.15951666481531784, 0.1282232290497549, -0.11543214772918642, 0.17834846970614857, 0.008825664334595897, 0.04415551827312142, 0.06423712434705219, -0.08586420682185626, 0.008383599097346517], [0.0391280554653487, -0.10826556339251078, -0.12508862086453795, 0.08951403458073645, -0.07974875681423317, 0.017957285029569843, -0.2775260239122574, 0.14212213007977198, 0.08101045507644795], [-0.09378756811455238, -0.11125031705112523, -0.15560170284422234, -0.11923518858936764, 0.06329376547380332, -0.049566957853646954, -0.007018445175889745, -0.02118686829941583, 0.17652777006443887], [0.14811755747693042, 0.12382013701831407, 0.1283993006438047, 0.11051204388146457, 0.25231523871773387, 0.19570712414323976, 0.06395661335620897, 0.05294805398135329, -0.08044355067673145], [-0.0428477299166511, -0.16062273675186223, 0.04219740233898276, -0.1735606944782436, 0.06884430513356368, -0.03319896534795351, -0.06967271767013845, -0.01414801265031093, -0.15326076767960659], [0.08162436148063627, -0.06458320345984378, 0.1343160022554423, -0.018097756250894992, -0.11186105547092244, -0.08107451256701785, -0.30173235133883347, 0.23114476106592183, -0.08691037016239628], [-0.09973813695348976, 0.18978786486368987, 0.010174117146681585, -0.04930962285220798, -0.09497280115448718, 0.01705058543609509, 0.17833535369064155, -0.19005142037452183, 0.13664690131409546], [-0.04746874619410074, -0.1480449052986408, 0.1869055068648921, 0.023948688533938903, -0.1603931895603512, -0.05701695560493247, -0.0208366953559871, 0.203746732651754, -0.08378644038194716]], "net.2.bias": [0.09576236784562286, -0.006094355824641211, 0.11477160980799145, 0.0, -0.057081912009262194, 0.0, 0.06380786293996077, 0.0, 0.07664392768018932], "net.4.weight": [[0.061220072072055313, 0.059521533890795314, -0.09951272341019, -0.07551588256566039, 0.06986483979481573, -0.08809752702167775, -0.23318388979790639, -0.07849224196717632, -0.1691505338246542], [0.016021907611346736, 0.1300277419969258, -0.062479089139941005, -0.004618859914826533, -0.12874251842781523, -0.003744033633620691, -0.044317619402329735, -0.035899848910872875, 0.23581439705255292], [0.13332518625881368, -0.208914538486954, 0.2754692144940018, -0.06499918505673767, -0.0315119281336119, -0.00961995364699457, 0.032133930454283845, -0.11439552167985007, 0.03660620762593127]], "net.4.bias": [-0.06380202896182147, 0.04629978231976742, 0.09296014768567483]}