{"net.0.weight": [[0.003936501729103361, -0.13867750369001627, -0.12247641046162439], [0.05563987577302485, -0.107739035964074, -0.13701372935777817], [0.126661326544743, 0.028136315686563364, -0.07327948867095495], [0.1845066842511908, -0.10234099378517646, -0.2645373330384918], [-0.09811817172088182, -0.015339208502688046, -0.03496671552089306], [0.011780283201297415, 0.14028978671253872, 0.2175835053909252], [0.06990063210857944, 0.1206714961544061, -0.054557220467627475], [-0.10203983152255926, -0.07751843350653212, 0.2429807498768244], [0.10674897575040732, 0.1179997625358646, 0.10901308105295243]], "net.0.bias": [-0.029129395362433662, 0.015979851956172957, 0.06863576784034953, -0.05312742185313418, 0.0, 0.06342406986598731, 0.013999846662638536, 0.0296862033100185, 0.04425271747966618], "net.2.weight": [[0.14054484577174645, -0.011347084319465276, 0.07036630721700382, -0.031054036911157615, -0.2851369408518531, -0.08935848181049598, -0.06046374760347603, 0.016327704961494015, -0.1364473354110776], [-0.011315847422056158, -0.02209008216903561, -0.017461576110851574, -0.1881613183663262, -0.050587133777988395, -0.10726040646750011, -0.013852249605494133, 0.07275358704203067, 0.05004311792003037], [0.2706924644674903, -0.16878665802765377, -0.03420611143086381, -0.22696295955854054, 0.029157350591970266, 0.026626376959825632, 0.09911393559214987, 0.16763614081883565, 0.08027930130961039], [0.08370995283305217, 0.07602841074708684, 0.13381810828590127, -0.031142936454325608, 0.011433065842792522, 0.1490672287947721, 0.08917846421932685, -0.029797787716886272, 0.14250969474572478], [-0.02209785647564879, -0.13225506735747974, 0.0547141142594519, 0.013011768003135707, 0.11418569379901236, -0.056772671767067746, -0.07573035369120461, -0.08990779901479598, 0.1113345669475997], [0.1006001145848587, -0.29843355323560783, 0.011061524044085733, -0.026941051521447018, -0.010745396495472135, 0.07130688506382565, 0.18882467166818673, -0.16795041550842169, 0.15926061350731896], [0.1340839263751685, -0.17898006580511108, 0.03902940257485468, -0.10814421702420457, 0.06910877183916414, 0.147180571776564, 0.01660591814748632, -0.2509140995578637, 0.14782687386414928], [0.021537337486787787, 0.18507852042527473, -0.02038142165281562, 0.0023936162662654354, 0.08329774895665394, -0.06974018178347656, 0.10715254588203331, -0.03599473150901156, -0.016826443942974854], [0.019334058280854216, -0.13295281199865563, 0.12965836814269416, -0.0804382914635346, 0.010438644957549583, 0.021357711362382327, 0.08079800170489042, -0.018115215881704505, 0.019389894701838814]], "net.2.bias": [0.0, -0.012400459892733908, -0.006412228913097759, 0.08005555251835142, 0.017966543332434352, 0.06290972814637454, 0.07503344765338593, -0.04423404089073753, 0.034901971815910815], "net.4.weight": [[-0.09372549308407707, -0.0744501318129863, 0.20290578401669992, -0.14806714961421855, 0.011904510340907585, -0.05032764252128128, -0.09620676146993275, 0.184077634819314, -0.1607972916137943], [0.025684790846504074, -0.11822990578690715, -0.13076972782113747, 0.026638158085311118, 0.11098230491763342, 0.05301046073232734, -0.0400030499530268, -0.008475900606420443, -0.07700906320863561], [0.0623510775407494, -0.024748195669982632, 0.016247617575737887, 0.027732571268546932, 0.14475950985701003, 0.12744519999541934, 0.18681224370922508, -0.037836175309832486, -0.03164170890622826]], "net.4.bias": [-0.07674419800995855, -0.014040153719585537, 0.03616057648684685]}