{"net.0.weight": [[0.003936501729103361, -0.13867750369001627, -0.12247641046162439], [0.05484547328936552, -0.11340487135276268, -0.14403562611448284], [0.12547535252097317, 0.02847604373462257, -0.07312600338273448], [0.18601887012447463, -0.10222775359224913, -0.26123672431971473], [-0.09811817172088182, -0.015339208502688046, -0.03496671552089306], [0.01198585766202713, 0.14420873813058585, 0.21735737722730478], [0.06807860541210597, 0.1254456668419269, -0.0510667016871488], [-0.10531536379431021, -0.079692639399031, 0.24250600541358533], [0.10627675286154256, 0.12143902434929783, 0.10899318970683221]], "net.0.bias": [-0.029129395362433662, 0.014113122775111061, 0.0680661194001609, -0.05157884175373825, 0.0, 0.06398001782243753, 0.014025255446228038, 0.02739788011082669, 0.0443262147686473], "net.2.weight": [[0.14054484577174645, -0.011347084319465276, 0.07036630721700382, -0.031054036911157615, -0.2851369408518531, -0.08935848181049598, -0.06046374760347603, 0.016327704961494015, -0.1364473354110776], [-0.011315847422056158, -0.02209008216903561, -0.017461576110851574, -0.1881613183663262, -0.050587133777988395, -0.10726040646750011, -0.013852249605494133, 0.07275358704203067, 0.05004311792003037], [0.2706924644674903, -0.16878665802765377, -0.029948377659763128, -0.24192777807885746, 0.029157350591970266, 0.027385919143963815, 0.10623483033189235, 0.15818961953268276, 0.08181947753748961], [0.08370995283305217, 0.07136127145817657, 0.13276635258717706, -0.03240389097337978, 0.011433065842792522, 0.14997531396980585, 0.08792459655523795, -0.027956233666443765, 0.1426458308260605], [-0.02209785647564879, -0.13535699553963665, 0.052964359193952794, 0.011124684964871668, 0.11418569379901236, -0.05679334794522292, -0.07750801111509022, -0.09153174004045114, 0.11042918739665511], [0.1006001145848587, -0.3017093411978052, 0.009493445013331036, -0.029221190565748918, -0.010745396495472135, 0.07115366239363914, 0.18724939629475135, -0.17154249100712865, 0.15849664288907953], [0.1340839263751685, -0.17658598860550434, 0.04038181081216291, -0.10795809347656668, 0.06910877183916414, 0.1467613203407938, 0.018089968028638576, -0.26163988839345664, 0.14859051425423492], [0.021537337486787787, 0.18771264347609581, -0.02129498632831011, 0.002380494286764929, 0.08329774895665394, -0.07717803151818091, 0.10590614834421676, -0.03599473150901156, -0.019723067437581808], [0.019334058280854216, -0.1339027932638912, 0.13050650279797033, -0.08167672832085474, 0.010438644957549583, 0.02133998444940246, 0.08202555540024323, -0.02142033161016202, 0.019978863606037223]], "net.2.bias": [0.0, -0.012400459892733908, -0.005718193353774616, 0.08087400647360737, 0.017743489457305264, 0.06283419540126911, 0.07643520227529366, -0.04764602234139004, 0.03528664901049487], "net.4.weight": [[-0.09372549308407707, -0.0744501318129863, 0.20234494801043712, -0.14894705620847637, 0.011220059801479535, -0.05156021102983003, -0.09740346621950671, 0.18828615690707343, -0.16252689856219052], [0.025684790846504074, -0.11822990578690715, -0.13348204541938807, 0.02635177546048078, 0.11054382401580609, 0.051878571852098654, -0.042611983280466545, -0.010937748663168382, -0.07678822865642915], [0.0623510775407494, -0.024748195669982632, 0.017077262298453754, 0.026381924793564132, 0.14008227335476883, 0.12704431229888757, 0.1883563404803661, -0.037845503770474825, -0.029714776527286435]], "net.4.bias": [-0.07910593190858513, -0.01238841360888379, 0.03591871125813301]}