{"net.0.weight": [[0.003936501729103361, -0.13867750369001627, -0.12247641046162439], [0.05732414437451808, -0.1992128970519424, -0.25268358853733747], [0.09808574897160936, 0.0345698277375506, -0.09583555238298971], [0.18068228046338938, -0.16566610490836764, -0.21132324044475834], [-0.09811817172088182, -0.015339208502688046, -0.03496671552089306], [0.0022151032882454375, 0.1724548148065853, 0.18638876634773943], [0.044321292930748435, 0.20377655415014248, -0.03790961194789102], [-0.17923798886445083, -0.09746378574464594, 0.24381467412594787], [0.10681432011045289, 0.17111145269381703, 0.1036502125430028]], "net.0.bias": [-0.029129395362433662, 0.002356269911030201, 0.04676733697711771, -0.052464719641813616, 0.0, 0.055447628047529486, 0.0059258298506835935, -0.013615832345407463, 0.050573555912186464], "net.2.weight": [[0.14054484577174645, -0.011347084319465276, 0.07036630721700382, -0.031054036911157615, -0.2851369408518531, -0.08935848181049598, -0.06046374760347603, 0.016327704961494015, -0.1364473354110776], [-0.011315847422056158, -0.02209008216903561, -0.017461576110851574, -0.1881613183663262, -0.050587133777988395, -0.10726040646750011, -0.013852249605494133, 0.07275358704203067, 0.05004311792003037], [0.2706924644674903, -0.16878665802765377, -0.02848173525947388, -0.5216388714009912, 0.029157350591970266, 0.04019593929083006, 0.21409537148131874, -0.016177783479706546, 0.09240101198509906], [0.08370995283305217, -0.008444869549414723, 0.11638692960662271, -0.034493639085577, 0.011433065842792522, 0.14039369711626914, 0.06704541460189013, -0.09046178302975763, 0.14089594767775943], [-0.02209785647564879, -0.1854662827735598, 0.032770128050235096, 0.004259255020370861, 0.11418569379901236, -0.0423892063899005, -0.09258107815754274, -0.2757377233405596, 0.11521844579697435], [0.1006001145848587, -0.3292295342056732, 0.0038522365497836567, -0.017739657001186272, -0.010745396495472135, 0.07296506492300771, 0.17773804510676758, -0.20382442054176725, 0.16759772141386348], [0.1340839263751685, -0.21868783991557122, 0.036333309143255076, -0.09506638848668224, 0.06910877183916414, 0.12195258713787836, 0.013931163230425437, -0.44103282854598796, 0.14741467581147782], [0.021537337486787787, 0.19927880622309285, -0.023672262745717796, -0.006080998575142975, 0.08329774895665394, -0.1272342702980872, 0.10051355543944818, -0.03599473150901156, -0.03945179900944662], [0.019334058280854216, -0.11205338203353306, 0.1226361712672072, -0.08260108935295432, 0.010438644957549583, 0.0069778360351627, 0.07233603810260275, -0.1303271143995304, 0.01671057402300698]], "net.2.bias": [0.0, -0.012400459892733908, -0.01945235199846827, 0.09789496256575186, 0.04085407875149169, 0.09156844425808112, 0.0940119325012274, -0.07540457012772059, 0.03569842665430967], "net.4.weight": [[-0.09372549308407707, -0.0744501318129863, 0.24263661179369528, -0.15377821257454968, 0.0009384221442111164, -0.0698218889248585, -0.11746820497023669, 0.16792846888570512, -0.16859952607104808], [0.025684790846504074, -0.11822990578690715, -0.20700102328264233, 0.02962445858962134, 0.0727741699374118, 0.042218998822634426, -0.05769048937738303, 0.03777316643105303, -0.03305808583917237], [0.0623510775407494, -0.024748195669982632, 0.0020535569601728134, 0.02778341851028861, 0.0792725294027401, 0.12741534832050488, 0.17895352333370093, 0.0046979350118536356, -0.039652104588527026]], "net.4.bias": [-0.1279333270155266, 0.03762490919298883, 0.08453030124108502]}