{"net.0.weight": [[-0.06363659258016206, 0.10407467152590774, 0.24475641165453493], [0.03969485295753309, -0.1487361092546972, -0.12215330730198859], [-0.006135082127200175, -0.2224540490701822, -0.07760158246012541], [0.1148265609420829, -0.0804084644338091, -0.031039202028307285], [-0.04844701297254971, 0.06012569747579739, 0.1323382994054369], [-0.056258385482898854, 0.03597816420844827, -0.1632067140722976], [-0.13809605979195638, -0.06329661412086048, 0.22544555307447667], [0.08836312777644952, 0.12791090105673839, 0.20109710720557553], [-0.04374080754603745, 0.03237771054049554, -0.019478357387845705]], "net.0.bias": [0.02203889152240968, -0.021161445091790278, -0.015097235011858185, -0.042405314274048214, 0.025274269037811256, 0.0, 0.0709772926983591, 0.047746223436153895, 0.0], "net.2.weight": [[0.09475397316370292, -0.18098490936809744, 0.14317750304168392, 0.026927292520432213, 0.1651503985403485, 0.1090581974280797, -0.10710326230951563, 0.08109494457193303, 0.028045067291018896], [-0.15037363706391155, 0.15293253958696423, -0.11543214772918642, 0.18156230831372658, -0.08171080798110089, 0.04415551827312142, 0.06423712434705219, -0.08736142826768004, 0.008383599097346517], [0.03965222757330355, -0.12929743745055255, -0.12508862086453795, 0.08712119609488464, -0.07655438482247756, 0.017957285029569843, -0.30219773654527826, 0.14300817235969687, 0.08101045507644795], [-0.09378756811455238, -0.11125031705112523, -0.15560170284422234, -0.11923518858936764, 0.06329376547380332, -0.049566957853646954, -0.007018445175889745, -0.02118686829941583, 0.17652777006443887], [0.15276939286468008, 0.13176080811865587, 0.1283993006438047, 0.10577673776484971, 0.2611242394040349, 0.19570712414323976, 0.04728682545806153, 0.050434494136380015, -0.08044355067673145], [-0.0428477299166511, -0.16062273675186223, 0.04219740233898276, -0.1735606944782436, 0.06884430513356368, -0.03319896534795351, -0.06967271767013845, -0.01414801265031093, -0.15326076767960659], [0.07062131574182307, -0.1319750661854069, 0.1343160022554423, -0.017435439181640214, -0.12598063008915092, -0.08107451256701785, -0.2976664849431048, 0.2314894775126874, -0.08691037016239628], [-0.09973813695348976, 0.18978786486368987, 0.010174117146681585, -0.04930962285220798, -0.09497280115448718, 0.01705058543609509, 0.17833535369064155, -0.19005142037452183, 0.13664690131409546], [-0.05489500569377745, -0.16131851416667703, 0.1869055068648921, 0.02686443240014396, -0.1725953362275459, -0.05701695560493247, -0.004008554574718904, 0.20384050119643757, -0.08378644038194716]], "net.2.bias": [0.09471885529887253, -0.0067030512494675515, 0.11580751634871242, 0.0, -0.06099604708584929, 0.0, 0.06503573335658899, 0.0, 0.07819956811771704], "net.4.weight": [[0.06336589917628416, 0.07424601434432593, -0.100480828593407, -0.07551588256566039, 0.07259981069301834, -0.08809752702167775, -0.23236389852560566, -0.07849224196717632, -0.1758778273689187], [0.011559644179471298, 0.13105298832016093, -0.06515106226660776, -0.004618859914826533, -0.12765503715965043, -0.003744033633620691, -0.04862039707939119, -0.035899848910872875, 0.23636292907804896], [0.13591476693852386, -0.21412221625293876, 0.2781673036919265, -0.06499918505673767, -0.03111806908289043, -0.00961995364699457, 0.03610035548428301, -0.11439552167985007, 0.037043185461168776]], "net.4.bias": [-0.06731712718946907, 0.048286304366635245, 0.09438380339381056]}