{"net.0.weight": [[-0.04501320478941832, 0.079306189154101, 0.2571822791045695], [0.005351921825350682, -0.09832140380905516, -0.019323498960189554], [-0.006135082127200175, -0.2224540490701822, -0.07760158246012541], [0.1348873777054655, -0.10621891071851583, -0.013935207634324624], [-0.0334076637777568, 0.02697018940998125, 0.11897969550023829], [-0.056258385482898854, 0.03597816420844827, -0.1632067140722976], [-0.09045276458279561, 0.009972948055936912, 0.17193647551334323], [0.10193200299624888, 0.06454327919376661, 0.1753037344017066], [-0.04374080754603745, 0.03237771054049554, -0.019478357387845705]], "net.0.bias": [0.03413096848051528, -0.03630406606389164, -0.015097235011858185, -0.024743333960170387, 0.025711578780818065, 0.0, 0.07611767629264263, 0.04476882251296379, 0.0], "net.2.weight": [[0.0819154517079811, 0.045176681259425505, 0.14317750304168392, 0.04094329302922253, 0.204549631708556, 0.1090581974280797, 0.04751735692041006, 0.07375225888613099, 0.028045067291018896], [-0.13161101362540947, 0.09167756037368051, -0.11543214772918642, 0.15275795213959098, 0.018331331533381807, 0.04415551827312142, 0.06423712434705219, -0.09917135684121355, 0.008383599097346517], [0.031465847186262684, 0.017035658759356063, -0.12508862086453795, 0.09344498674480912, -0.026990465285390338, 0.017957285029569843, -0.1492960060601736, 0.13056792558323133, 0.08101045507644795], [-0.09378756811455238, -0.11125031705112523, -0.15560170284422234, -0.11923518858936764, 0.06329376547380332, -0.049566957853646954, -0.007018445175889745, -0.02118686829941583, 0.17652777006443887], [0.15644610080507196, 0.08910846094482212, 0.1283993006438047, 0.10783244545566001, 0.2264909062676301, 0.19570712414323976, 0.017401347059491118, 0.058123438503804456, -0.08044355067673145], [-0.0428477299166511, -0.16062273675186223, 0.04219740233898276, -0.1735606944782436, 0.06884430513356368, -0.03319896534795351, -0.06967271767013845, -0.01414801265031093, -0.15326076767960659], [0.08229322780372358, 0.07672151868719809, 0.1343160022554423, -0.014172634292737159, -0.08170450942206285, -0.08107451256701785, -0.23943718475808803, 0.22480459207450507, -0.08691037016239628], [-0.09973813695348976, 0.18978786486368987, 0.010174117146681585, -0.04930962285220798, -0.09497280115448718, 0.01705058543609509, 0.17833535369064155, -0.19005142037452183, 0.13664690131409546], [-0.05106141659847514, -0.013898139694919326, 0.1869055068648921, 0.03394631618760996, -0.13539394682090466, -0.05701695560493247, 0.019356812493560676, 0.2033889154131486, -0.08378644038194716]], "net.2.bias": [0.08704131106942005, -0.019733040134519327, 0.10307080448511058, 0.0, -0.053755906992438526, 0.0, 0.056392920328400986, 0.0, 0.07810906124734615], "net.4.weight": [[0.06268062439955215, 0.01611000965431215, -0.08256144069177547, -0.07551588256566039, 0.06712506607789281, -0.08809752702167775, -0.21324991219210288, -0.07849224196717632, -0.15984359863132241], [0.014856177579730916, 0.1901596090687051, -0.06332260403731857, -0.004618859914826533, -0.12442926921486418, -0.003744033633620691, -0.04552995691349723, -0.035899848910872875, 0.23695697330653312], [0.1306872284350314, -0.14586177512422194, 0.25054776117336514, -0.06499918505673767, -0.02558674147532247, -0.00961995364699457, -0.0023564703851684395, -0.11439552167985007, 0.01925559639977569]], "net.4.bias": [-0.05911233464053749, 0.04940060043735778, 0.08222547115402933]}