{"net.0.weight": [[0.003936501729103361, -0.13867750369001627, -0.12247641046162439], [0.05419262943949737, -0.11819542312720163, -0.14973539924162624], [0.12348765844207779, 0.02751723206039299, -0.0747024473493704], [0.1886614366736426, -0.1007546456659515, -0.257120802839308], [-0.09811817172088182, -0.015339208502688046, -0.03496671552089306], [0.011006481401338754, 0.14615750294114777, 0.2153321422464835], [0.06570446531059193, 0.12874394558612662, -0.05021162228923821], [-0.10729969593784068, -0.08086840178511627, 0.2432483662181068], [0.10506115235777479, 0.12320563545248833, 0.10714290143217853]], "net.0.bias": [-0.029129395362433662, 0.012645289338626627, 0.06637626214397324, -0.048825305978324435, 0.0, 0.06310358333147587, 0.012858650828059134, 0.02641241606555412, 0.0433298334242367], "net.2.weight": [[0.14054484577174645, -0.011347084319465276, 0.07036630721700382, -0.031054036911157615, -0.2851369408518531, -0.08935848181049598, -0.06046374760347603, 0.016327704961494015, -0.1364473354110776], [-0.011315847422056158, -0.02209008216903561, -0.017461576110851574, -0.1881613183663262, -0.050587133777988395, -0.10726040646750011, -0.013852249605494133, 0.07275358704203067, 0.05004311792003037], [0.2706924644674903, -0.16878665802765377, -0.02468258300346528, -0.2561778710729492, 0.029157350591970266, 0.029349283537827685, 0.11443974853680991, 0.14940316796052697, 0.08449107439145469], [0.08370995283305217, 0.06678227964783583, 0.13119347361601044, -0.033704964662998604, 0.011433065842792522, 0.1495616560010859, 0.08609515824810969, -0.027182530102247537, 0.14186924016883956], [-0.02209785647564879, -0.13790203944994336, 0.05109394961166386, 0.0095920378714999, 0.11418569379901236, -0.0582195848047034, -0.07945935198521098, -0.09436605206796825, 0.10891720962792996], [0.1006001145848587, -0.3041635565741086, 0.007702761984852909, -0.03110578049816979, -0.010745396495472135, 0.06964415465143892, 0.18537636677400285, -0.1756459165231554, 0.1570352661412819], [0.1340839263751685, -0.1746985139923571, 0.04013063779864239, -0.1088263913010504, 0.06910877183916414, 0.1443652695213263, 0.01788608126912014, -0.27298003981984453, 0.147588526213768], [0.021537337486787787, 0.1903314708538504, -0.021633189744497495, 0.002607877068745118, 0.08329774895665394, -0.08302288438457357, 0.10523915023804235, -0.03599473150901156, -0.021688675441945134], [0.019334058280854216, -0.13473507339942165, 0.13033927028766495, -0.08334298050521595, 0.010438644957549583, 0.019786920771166, 0.08203286949935126, -0.026885349544961447, 0.01914039366436727]], "net.2.bias": [0.0, -0.012400459892733908, -0.0038890842129048514, 0.08070254409943818, 0.01681150115347295, 0.06196328063091384, 0.07596713114685458, -0.050015605390438346, 0.034346351113708505], "net.4.weight": [[-0.09372549308407707, -0.0744501318129863, 0.2033584861508914, -0.1486727210345959, 0.011302404205165536, -0.051594566613023855, -0.0971418521178567, 0.1931520010113571, -0.162618074738559], [0.025684790846504074, -0.11822990578690715, -0.13776075289605283, 0.025762741576713214, 0.11034969394764928, 0.05071947846290497, -0.04524186715965154, -0.015008124221779544, -0.07718709404989071], [0.0623510775407494, -0.024748195669982632, 0.017434231963055824, 0.024327687437460544, 0.13502327415548424, 0.12528046957943095, 0.18731848511702168, -0.03676288014627459, -0.02993395831746358]], "net.4.bias": [-0.0802247844266289, -0.011201014693939984, 0.03484902926571813]}