{"net.0.weight": [[-0.06980367300630717, 0.11113941321662962, 0.24325153149667428], [0.04135707547688088, -0.1525108428447492, -0.12787714072806644], [-0.006135082127200175, -0.2224540490701822, -0.07760158246012541], [0.10429961182093377, -0.0883153976964245, -0.03742086280779507], [-0.050451822030038666, 0.06811235317359664, 0.13419508518872442], [-0.056258385482898854, 0.03597816420844827, -0.1632067140722976], [-0.14412506786315477, -0.0694846301718826, 0.22491337928072794], [0.08751451880531834, 0.12848891982339594, 0.20129311362877023], [-0.04374080754603745, 0.03237771054049554, -0.019478357387845705]], "net.0.bias": [0.018472516714290614, -0.020434275309695826, -0.015097235011858185, -0.053714290971645054, 0.02541776139041975, 0.0, 0.06725160035055638, 0.04732232318874681, 0.0], "net.2.weight": [[0.09649833825579691, -0.1822800152804172, 0.14317750304168392, 0.024990197383680735, 0.1685841136846876, 0.1090581974280797, -0.12887449918531485, 0.08000869436413771, 0.028045067291018896], [-0.15252219249696888, 0.16327333018207438, -0.11543214772918642, 0.1838532240877156, -0.08175045750594381, 0.04415551827312142, 0.06423712434705219, -0.08704313449329981, 0.008383599097346517], [0.04051031927339793, -0.13603667650997936, -0.12508862086453795, 0.08569216207322349, -0.07429622900612304, 0.017957285029569843, -0.31509759060559545, 0.14287083431444889, 0.08101045507644795], [-0.09378756811455238, -0.11125031705112523, -0.15560170284422234, -0.11923518858936764, 0.06329376547380332, -0.049566957853646954, -0.007018445175889745, -0.02118686829941583, 0.17652777006443887], [0.15579458685292227, 0.13008964171073578, 0.1283993006438047, 0.10288661581394694, 0.26542057774120514, 0.19570712414323976, 0.03392986459041995, 0.049223590364395504, -0.08044355067673145], [-0.0428477299166511, -0.16062273675186223, 0.04219740233898276, -0.1735606944782436, 0.06884430513356368, -0.03319896534795351, -0.06967271767013845, -0.01414801265031093, -0.15326076767960659], [0.06462052945326498, -0.15653927568601245, 0.1343160022554423, -0.0183795271473224, -0.13296116604377672, -0.08107451256701785, -0.2935382326838791, 0.2304350263257989, -0.08691037016239628], [-0.09973813695348976, 0.18978786486368987, 0.010174117146681585, -0.04930962285220798, -0.09497280115448718, 0.01705058543609509, 0.17833535369064155, -0.19005142037452183, 0.13664690131409546], [-0.0593631150481608, -0.16128186434334857, 0.1869055068648921, 0.028919741924599996, -0.1786282570948138, -0.05701695560493247, 0.010328006430818132, 0.20388105053609426, -0.08378644038194716]], "net.2.bias": [0.09390743038972525, -0.006028652114754577, 0.11580178062540153, 0.0, -0.06309584020898948, 0.0, 0.06436790867815739, 0.0, 0.07915655635706323], "net.4.weight": [[0.0659541927891221, 0.08142801848142996, -0.09927256711666985, -0.07551588256566039, 0.07454460685131455, -0.08809752702167775, -0.23099417506643896, -0.07849224196717632, -0.1782479728446744], [0.008216773281636988, 0.1357667294635446, -0.06667653918316181, -0.004618859914826533, -0.12642453544721952, -0.003744033633620691, -0.05088907658411993, -0.035899848910872875, 0.2371814556135398], [0.13654636717325364, -0.21547784841548473, 0.27912583799863366, -0.06499918505673767, -0.030984477806548876, -0.00961995364699457, 0.037261795098256306, -0.11439552167985007, 0.03632263030139805]], "net.4.bias": [-0.06830694832988456, 0.05009051867539603, 0.09461328814846316]}