{"net.0.weight": [[0.003936501729103361, -0.13867750369001627, -0.12247641046162439], [0.05233506779152413, -0.12435758894215905, -0.1571771851371567], [0.12319459485046606, 0.02840041779658862, -0.07450178827109484], [0.18954370860422526, -0.10149142275798961, -0.2557902724675577], [-0.09811817172088182, -0.015339208502688046, -0.03496671552089306], [0.01164590953050965, 0.14994298567547318, 0.21524624521718344], [0.065357975145106, 0.13436365959414415, -0.04796834605205851], [-0.11169022916897735, -0.08488778079198793, 0.24192842858459973], [0.10565782626675357, 0.12718232064059456, 0.10772891198697238]], "net.0.bias": [-0.029129395362433662, 0.009956415226766466, 0.06640400704188384, -0.048032689297816115, 0.0, 0.06392830649671599, 0.013590360360854179, 0.023180113256891864, 0.04428379585196765], "net.2.weight": [[0.14054484577174645, -0.011347084319465276, 0.07036630721700382, -0.031054036911157615, -0.2851369408518531, -0.08935848181049598, -0.06046374760347603, 0.016327704961494015, -0.1364473354110776], [-0.011315847422056158, -0.02209008216903561, -0.017461576110851574, -0.1881613183663262, -0.050587133777988395, -0.10726040646750011, -0.013852249605494133, 0.07275358704203067, 0.05004311792003037], [0.2706924644674903, -0.16878665802765377, -0.020963933993956345, -0.2724208500467722, 0.029157350591970266, 0.029468916122274758, 0.12106095410247059, 0.13778194514195055, 0.08536913316339578], [0.08370995283305217, 0.06322898060611275, 0.13119198849945962, -0.03335590239156164, 0.011433065842792522, 0.15092296661388463, 0.08584433679516278, -0.02440545145030548, 0.1427948685756543], [-0.02209785647564879, -0.13981285795638546, 0.05095301116473732, 0.009516763518005648, 0.11418569379901236, -0.05687071765252805, -0.07959282109922193, -0.0944979190879209, 0.10956269248599447], [0.1006001145848587, -0.3056668618157173, 0.007760216019068582, -0.03129481867053203, -0.010745396495472135, 0.07050501677047322, 0.18542151098706358, -0.17820023512335373, 0.15767927027216025], [0.1340839263751685, -0.172690826581925, 0.04138545792537407, -0.10847416556134175, 0.06910877183916414, 0.14418275454733082, 0.019286030845579817, -0.28330661307760874, 0.1484379136287429], [0.021537337486787787, 0.1916569588292151, -0.023042549026783907, 0.0015346213374673903, 0.08329774895665394, -0.08962426043000983, 0.10351037104552992, -0.03599473150901156, -0.02460877068967897], [0.019334058280854216, -0.13440589929230698, 0.12980391319787907, -0.084570989291576, 0.010438644957549583, 0.017257828256727184, 0.08136936685262687, -0.03181719131421827, 0.017474227226494807]], "net.2.bias": [0.0, -0.012400459892733908, -0.003820977234638562, 0.08222664186295055, 0.018011062567837906, 0.06317667158539754, 0.07733890773777141, -0.0533519942928879, 0.03266309386729495], "net.4.weight": [[-0.09372549308407707, -0.0744501318129863, 0.20326801838599723, -0.14984322771549397, 0.01008144905052266, -0.05294344023351668, -0.09804290019322538, 0.19643599737931705, -0.16365840061520534], [0.025684790846504074, -0.11822990578690715, -0.140396240234715, 0.0266426138445388, 0.11152027373345307, 0.05127212148973816, -0.045694446172734965, -0.01872602006913404, -0.07615321910457021], [0.0623510775407494, -0.024748195669982632, 0.020282367588155915, 0.024591191712712884, 0.13235243912851982, 0.12622480518791174, 0.18958875842064465, -0.03481119770484599, -0.027483798035638343]], "net.4.bias": [-0.08286702714406603, -0.008594121041082847, 0.03614145527267966]}