{"net.0.weight": [[-0.07467688669124478, 0.12045898141140034, 0.24473773845455066], [0.04225310757111647, -0.15601699277774003, -0.13264364848484617], [-0.006135082127200175, -0.2224540490701822, -0.07760158246012541], [0.09560634266188865, -0.09127298146588385, -0.039481061912322396], [-0.053042115926374894, 0.07444929678494727, 0.136478257901904], [-0.056258385482898854, 0.03597816420844827, -0.1632067140722976], [-0.14877789259066923, -0.07417027355556179, 0.22601548199318383], [0.08781667087017742, 0.1298839164822238, 0.20173497904144588], [-0.04374080754603745, 0.03237771054049554, -0.019478357387845705]], "net.0.bias": [0.016874643957103787, -0.02025405808762841, -0.015097235011858185, -0.06136148628225379, 0.02522029261024204, 0.0, 0.06505609422710502, 0.0478496766750811, 0.0], "net.2.weight": [[0.09919300335753478, -0.18367745603109845, 0.14317750304168392, 0.023734608590752885, 0.17228178977910608, 0.1090581974280797, -0.150837049919548, 0.08017060536486478, 0.028045067291018896], [-0.15376333292793998, 0.1696267339830478, -0.11543214772918642, 0.1851429432426803, -0.08175045750594381, 0.04415551827312142, 0.06423712434705219, -0.0873022823168235, 0.008383599097346517], [0.04236483028044068, -0.140344082270464, -0.12508862086453795, 0.08548185746686555, -0.07157784989658161, 0.017957285029569843, -0.328283314308693, 0.1441774904669731, 0.08101045507644795], [-0.09378756811455238, -0.11125031705112523, -0.15560170284422234, -0.11923518858936764, 0.06329376547380332, -0.049566957853646954, -0.007018445175889745, -0.02118686829941583, 0.17652777006443887], [0.16004643504426785, 0.1292707342589496, 0.1283993006438047, 0.10042901819358382, 0.2710441934053619, 0.19570712414323976, 0.021094629764550676, 0.04814762457086257, -0.08044355067673145], [-0.0428477299166511, -0.16062273675186223, 0.04219740233898276, -0.1735606944782436, 0.06884430513356368, -0.03319896534795351, -0.06967271767013845, -0.01414801265031093, -0.15326076767960659], [0.057995177029238176, -0.17165736761266714, 0.1343160022554423, -0.0174351730978068, -0.14063249081921395, -0.08107451256701785, -0.29131061595808216, 0.23060860575192096, -0.08691037016239628], [-0.09973813695348976, 0.18978786486368987, 0.010174117146681585, -0.04930962285220798, -0.09497280115448718, 0.01705058543609509, 0.17833535369064155, -0.19005142037452183, 0.13664690131409546], [-0.06524770906381991, -0.16172162963385553, 0.1869055068648921, 0.03064831375814932, -0.1861346179918325, -0.05701695560493247, 0.024495821316790196, 0.2038253034058727, -0.08378644038194716]], "net.2.bias": [0.09425774364695393, -0.006124768364743021, 0.11727624762757728, 0.0, -0.06503809302442547, 0.0, 0.06524057150620714, 0.0, 0.08002359371255331], "net.4.weight": [[0.06917250806756564, 0.08614921299899256, -0.09885795134823869, -0.07551588256566039, 0.07673590243547217, -0.08809752702167775, -0.2305280192245139, -0.07849224196717632, -0.18155608957062117], [0.0037111536244580226, 0.13811574717268824, -0.06889161296589896, -0.004618859914826533, -0.12688719692978576, -0.003744033633620691, -0.05332451477603207, -0.035899848910872875, 0.23774397849188633], [0.1384002959183764, -0.2165940500313597, 0.2814148408915385, -0.06499918505673767, -0.029967427864749006, -0.00961995364699457, 0.0396854816850903, -0.11439552167985007, 0.036816559850393865]], "net.4.bias": [-0.07011400758511076, 0.051017325591638414, 0.09599206549612965]}