{"net.0.weight": [[0.003936501729103361, -0.13867750369001627, -0.12247641046162439], [0.05058076805178104, -0.1295770926528881, -0.16344509191314718], [0.12245109275444159, 0.028629141469148526, -0.07518572230663625], [0.19057498478513352, -0.10142972928504254, -0.2536902114320425], [-0.09811817172088182, -0.015339208502688046, -0.03496671552089306], [0.011757171869393646, 0.15237759892192676, 0.21449504222980786], [0.06475828862339635, 0.13877870867293968, -0.046758280547357534], [-0.11489881372442276, -0.08739787189502383, 0.2415661534411683], [0.10588955897429221, 0.12970785690317818, 0.10722809580926937]], "net.0.bias": [-0.029129395362433662, 0.007521227409750491, 0.0658830256590138, -0.04696195907612704, 0.0, 0.06417006436027774, 0.013846488286406703, 0.02099335865222477, 0.04470423070427403], "net.2.weight": [[0.14054484577174645, -0.011347084319465276, 0.07036630721700382, -0.031054036911157615, -0.2851369408518531, -0.08935848181049598, -0.06046374760347603, 0.016327704961494015, -0.1364473354110776], [-0.011315847422056158, -0.02209008216903561, -0.017461576110851574, -0.1881613183663262, -0.050587133777988395, -0.10726040646750011, -0.013852249605494133, 0.07275358704203067, 0.05004311792003037], [0.2706924644674903, -0.16878665802765377, -0.0172429331969964, -0.2882960169339628, 0.029157350591970266, 0.030154692920574284, 0.12754345581942703, 0.12713082926696895, 0.08666869524717692], [0.08370995283305217, 0.05940535795348002, 0.13093973104726617, -0.03311533364145305, 0.011433065842792522, 0.1517480354333864, 0.08531763900442609, -0.02223966255916417, 0.1433090223118709], [-0.02209785647564879, -0.14080444754997942, 0.05074441494138352, 0.009824027989420458, 0.11418569379901236, -0.057035752893936455, -0.07994652339645873, -0.09772834265678455, 0.10956924731968305], [0.1006001145848587, -0.30617547200764483, 0.007795184255033549, -0.030989766841671894, -0.010745396495472135, 0.07039740155545808, 0.1852689486860845, -0.180831918833801, 0.15787400073532556], [0.1340839263751685, -0.17043823115059756, 0.04207363099485969, -0.10809143184891888, 0.06910877183916414, 0.1430415734615581, 0.019916246735850785, -0.2928618018297464, 0.14851544441814807], [0.021537337486787787, 0.19307891410991118, -0.02400882725579186, 0.0007586025215329799, 0.08329774895665394, -0.09523903680783372, 0.10226103450635649, -0.03599473150901156, -0.026889635562125615], [0.019334058280854216, -0.13647570924507416, 0.12929845067486806, -0.086232413178208, 0.010438644957549583, 0.015631083112961557, 0.08103326236582135, -0.03746746928452195, 0.016376777592208566]], "net.2.bias": [0.0, -0.012400459892733908, -0.0033674529024033365, 0.08336353252656262, 0.01866243100077562, 0.06402960875624929, 0.0780187638310278, -0.05606083509102655, 0.03135411099042281], "net.4.weight": [[-0.09372549308407707, -0.0744501318129863, 0.2040959720950141, -0.15082175625515162, 0.00869185871533431, -0.05426072273887678, -0.09896560923817778, 0.2008024726072627, -0.16476975742960856], [0.025684790846504074, -0.11822990578690715, -0.1445900261293106, 0.026885506279919657, 0.11173946953481667, 0.05105423849317928, -0.04699337513509445, -0.021609952980337487, -0.07517140485426456], [0.0623510775407494, -0.024748195669982632, 0.02214810682822201, 0.024483636982554305, 0.1292697958235807, 0.12603635499243568, 0.1895731837832081, -0.03101529691088847, -0.025670317057914904]], "net.4.bias": [-0.08523657732077944, -0.006642151565680347, 0.03723944298721929]}