{"net.0.weight": [[-0.08552636423656315, 0.13565664638339617, 0.24326279676552215], [0.04471332064191738, -0.15904383736451833, -0.13535492101816918], [-0.006135082127200175, -0.2224540490701822, -0.07760158246012541], [0.08352181574780536, -0.09140299505862293, -0.04292371502646906], [-0.05812009323096843, 0.086316984673635, 0.13853642181479345], [-0.056258385482898854, 0.03597816420844827, -0.1632067140722976], [-0.15492396477432296, -0.08339705339275912, 0.22910049873783342], [0.0864188514793038, 0.12937931901818273, 0.2007588803316158], [-0.04374080754603745, 0.03237771054049554, -0.019478357387845705]], "net.0.bias": [0.011687022634536968, -0.01858299716870012, -0.015097235011858185, -0.06948268122870059, 0.024067816273347906, 0.0, 0.06258459350677828, 0.046797711589823876, 0.0], "net.2.weight": [[0.09963895267555678, -0.18458358502492284, 0.14317750304168392, 0.018881510156390568, 0.17402077332513965, 0.1090581974280797, -0.18360565631471198, 0.07820722502287815, 0.028045067291018896], [-0.15378778228759826, 0.1754481081050362, -0.11543214772918642, 0.19038778197791137, -0.08175045750594381, 0.04415551827312142, 0.06423712434705219, -0.08273165697682205, 0.008383599097346517], [0.043509846159623555, -0.1444564348418989, -0.12508862086453795, 0.08262358827602584, -0.06903744181094305, 0.017957285029569843, -0.34783531073486623, 0.1440952308099481, 0.08101045507644795], [-0.09378756811455238, -0.11125031705112523, -0.15560170284422234, -0.11923518858936764, 0.06329376547380332, -0.049566957853646954, -0.007018445175889745, -0.02118686829941583, 0.17652777006443887], [0.16605167567983828, 0.1269616799465272, 0.1283993006438047, 0.09648893755178121, 0.2783822796045012, 0.19570712414323976, -0.010994473159193626, 0.046372451750061494, -0.08044355067673145], [-0.0428477299166511, -0.16062273675186223, 0.04219740233898276, -0.1735606944782436, 0.06884430513356368, -0.03319896534795351, -0.06967271767013845, -0.01414801265031093, -0.15326076767960659], [0.04847324421075759, -0.1899803608505577, 0.1343160022554423, -0.018072278015159614, -0.15062850701119043, -0.08107451256701785, -0.2834752709937894, 0.22867604167064123, -0.08691037016239628], [-0.09973813695348976, 0.18978786486368987, 0.010174117146681585, -0.04930962285220798, -0.09497280115448718, 0.01705058543609509, 0.17833535369064155, -0.19005142037452183, 0.13664690131409546], [-0.07445915417155334, -0.16168519548491933, 0.1869055068648921, 0.03310205680261526, -0.19697959608574392, -0.05701695560493247, 0.05885248741155806, 0.2032444810525757, -0.08378644038194716]], "net.2.bias": [0.09292990933897234, -0.0020853778529613867, 0.1177248048273921, 0.0, -0.06817625746913653, 0.0, 0.06431609895411784, 0.0, 0.08090434240131981], "net.4.weight": [[0.07492672687015965, 0.09328295710082796, -0.09604574749711217, -0.07551588256566039, 0.07931776926592655, -0.08809752702167775, -0.2279536769219613, -0.07849224196717632, -0.1850921102619906], [-0.004281495659467227, 0.14213129015163342, -0.07318668303550384, -0.004618859914826533, -0.12744807546472828, -0.003744033633620691, -0.057495869025151775, -0.035899848910872875, 0.23915128259065296], [0.13855146622771994, -0.21741734027320217, 0.2824248539152412, -0.06499918505673767, -0.029768268878452023, -0.00961995364699457, 0.04099673996037523, -0.11439552167985007, 0.03544679619568551]], "net.4.bias": [-0.07210425361749957, 0.052815060110530596, 0.09669196468121921]}