{"net.0.weight": [[0.003936501729103361, -0.13867750369001627, -0.12247641046162439], [0.049863611429548024, -0.1371159636732956, -0.1733594054338684], [0.11949771627656958, 0.02820940225708755, -0.0779300288919392], [0.1937478710732105, -0.10061448068429299, -0.2500034353627762], [-0.09811817172088182, -0.015339208502688046, -0.03496671552089306], [0.010407794342996775, 0.15552584443390083, 0.2122928621381295], [0.06264820215577638, 0.1459525384858031, -0.04610291111132707], [-0.12116698716157809, -0.09253439017353529, 0.2414233568207405], [0.10513797120935106, 0.1337787019564836, 0.10616026094743033]], "net.0.bias": [-0.029129395362433662, 0.005555930455973167, 0.0634070056721354, -0.043891639712316625, 0.0, 0.06320186926884881, 0.01316272918072232, 0.01707039409687398, 0.04447828618795633], "net.2.weight": [[0.14054484577174645, -0.011347084319465276, 0.07036630721700382, -0.031054036911157615, -0.2851369408518531, -0.08935848181049598, -0.06046374760347603, 0.016327704961494015, -0.1364473354110776], [-0.011315847422056158, -0.02209008216903561, -0.017461576110851574, -0.1881613183663262, -0.050587133777988395, -0.10726040646750011, -0.013852249605494133, 0.07275358704203067, 0.05004311792003037], [0.2706924644674903, -0.16878665802765377, -0.010081716374235149, -0.32132589069865847, 0.029157350591970266, 0.03158743891817711, 0.14019235467309193, 0.10507912423192653, 0.08911425274565433], [0.08370995283305217, 0.04912316474842689, 0.1286989501855948, -0.03467995027470587, 0.011433065842792522, 0.15250657934262504, 0.08271125179516248, -0.01821816657040054, 0.14303290100782018], [-0.02209785647564879, -0.14539089049433984, 0.049138758482772736, 0.00884861335738685, 0.11418569379901236, -0.05685751416488374, -0.08157844034474639, -0.10406746110584565, 0.1091027304020533], [0.1006001145848587, -0.3093543014792811, 0.006688329492986322, -0.03167740687008076, -0.010745396495472135, 0.0699041032858818, 0.18394826006617093, -0.18655372276914495, 0.15753623360754898], [0.1340839263751685, -0.16890649530088325, 0.04190639681296433, -0.10868710745698673, 0.06910877183916414, 0.14027725607937286, 0.019667930782653047, -0.31221614627846583, 0.14765602735088218], [0.021537337486787787, 0.1985479193326399, -0.022566178284365, 0.0023373543165912214, 0.08329774895665394, -0.10252806738564867, 0.10311092071393627, -0.03599473150901156, -0.027839590567236606], [0.019334058280854216, -0.137838786004165, 0.12760688454877525, -0.08892291722612615, 0.010438644957549583, 0.008828677484877718, 0.0791038076553479, -0.05580132674733153, 0.01183976396635485]], "net.2.bias": [0.0, -0.012400459892733908, -0.002661955961635486, 0.08433135648815913, 0.019344777542884235, 0.06490091008540393, 0.07828471673906609, -0.057859153996439865, 0.026755187760860367], "net.4.weight": [[-0.09372549308407707, -0.0744501318129863, 0.2067452967752206, -0.15122683159843928, 0.008702739332939505, -0.05518638661421196, -0.09936882447499529, 0.2104787517839884, -0.16605338009192147], [0.025684790846504074, -0.11822990578690715, -0.15393483365893484, 0.026478691024044914, 0.11090788169756473, 0.05044244717631977, -0.0484254732974681, -0.027884487329404573, -0.07386711559147822], [0.0623510775407494, -0.024748195669982632, 0.02521011354470029, 0.023637777750792587, 0.12326593981432792, 0.1254094588521091, 0.18953440716349448, -0.023799589710939283, -0.023914064827821054]], "net.4.bias": [-0.08851449075224793, -0.003915934159737814, 0.038860726969975515]}