{"net.0.weight": [[-0.08770938477341293, 0.1414695826706546, 0.24387581270747968], [0.0451632350830315, -0.16108377609977326, -0.13679633654941592], [-0.006135082127200175, -0.2224540490701822, -0.07760158246012541], [0.07937440730338755, -0.09080359862010352, -0.04325676970852536], [-0.06015106988042671, 0.09124629597087244, 0.13961622139127525], [-0.056258385482898854, 0.03597816420844827, -0.1632067140722976], [-0.1582845810787206, -0.08736553258564805, 0.23012557533160474], [0.08635478422489107, 0.12962727082950096, 0.20062993368316645], [-0.04374080754603745, 0.03237771054049554, -0.019478357387845705]], "net.0.bias": [0.011195287844873416, -0.018471783533842018, -0.015097235011858185, -0.07139304629705392, 0.02365592476485624, 0.0, 0.06105671017868808, 0.04687023309825654, 0.0], "net.2.weight": [[0.09973665766739555, -0.18388058937387586, 0.14317750304168392, 0.017386392905351895, 0.17464169483531142, 0.1090581974280797, -0.19634447044055944, 0.07781135943873194, 0.028045067291018896], [-0.15378778228759826, 0.17486655961263514, -0.11543214772918642, 0.19236204709189925, -0.08175045750594381, 0.04415551827312142, 0.06423712434705219, -0.08051012007824504, 0.008383599097346517], [0.044182768330249075, -0.1445194297578272, -0.12508862086453795, 0.08192616951974854, -0.06772210650265836, 0.017957285029569843, -0.35545806360844695, 0.14464595709490993, 0.08101045507644795], [-0.09378756811455238, -0.11125031705112523, -0.15560170284422234, -0.11923518858936764, 0.06329376547380332, -0.049566957853646954, -0.007018445175889745, -0.02118686829941583, 0.17652777006443887], [0.16968949288637525, 0.12608234604664123, 0.1283993006438047, 0.09467804351330363, 0.2823229702670828, 0.19570712414323976, -0.02579005626971761, 0.04531581348754153, -0.08044355067673145], [-0.0428477299166511, -0.16062273675186223, 0.04219740233898276, -0.1735606944782436, 0.06884430513356368, -0.03319896534795351, -0.06967271767013845, -0.01414801265031093, -0.15326076767960659], [0.04497119645111449, -0.19477710205129686, 0.1343160022554423, -0.018441312799484924, -0.154059380340313, -0.08107451256701785, -0.278131446647779, 0.2283709138314289, -0.08691037016239628], [-0.09973813695348976, 0.18978786486368987, 0.010174117146681585, -0.04930962285220798, -0.09497280115448718, 0.01705058543609509, 0.17833535369064155, -0.19005142037452183, 0.13664690131409546], [-0.07948264944811276, -0.16198809525561533, 0.1869055068648921, 0.034053296779196, -0.20238980536425705, -0.05701695560493247, 0.07429954412841736, 0.20313426491110553, -0.08378644038194716]], "net.2.bias": [0.09295292195502369, -0.0004243144154769048, 0.11867506941564182, 0.0, -0.0700000632541135, 0.0, 0.06456930423824027, 0.0, 0.0815864859761611], "net.4.weight": [[0.07775062990512212, 0.09615575640827598, -0.09458099292641577, -0.07551588256566039, 0.0805435784683609, -0.08809752702167775, -0.22718420625513186, -0.07849224196717632, -0.1871209474186818], [-0.008493345629499171, 0.14275983573971257, -0.07515392765691173, -0.004618859914826533, -0.1286553830554867, -0.003744033633620691, -0.05901924798599687, -0.035899848910872875, 0.240224133493195], [0.13889554822859543, -0.21686871880839378, 0.28333873117317476, -0.06499918505673767, -0.029084482969111015, -0.00961995364699457, 0.04188467786168046, -0.11439552167985007, 0.03526283845592864]], "net.4.bias": [-0.07336387304902674, 0.05372771628391172, 0.09770344072491596]}